[2026-05-17 18:53:17.550] [39347] [info] [scwx::qt::manager::log_manager] Removing old log file: supercell-wx.130625.log
[2026-05-17 18:53:17.550] [39347] [info] [scwx::main] Supercell Wx v0.5.6.1384 (8814d5a344)
[2026-05-17 18:53:17.550] [39347] [info] [scwx::main] Qt version 6.10.1
[2026-05-17 18:53:17.550] [39347] [info] [scwx::main] Running on Arch Linux
[2026-05-17 18:53:17.640] [39347] [info] [scwx::qt::config::radar_site] Loading radar sites from ":/res/config/radar_sites.json"...
[2026-05-17 18:53:17.643] [39347] [debug] [scwx::qt::config::county_database] Loading database
[2026-05-17 18:53:17.648] [39347] [debug] [scwx::qt::manager::task_manager] Initialize
[2026-05-17 18:53:17.683] [39371] [info] [scwx::network::ntp_client] Using NTP server: time.nist.gov
[2026-05-17 18:53:17.717] [39371] [debug] [scwx::network::ntp_client] Time offset updated: 0d 00:00:00.000403035
[2026-05-17 18:53:17.717] [39372] [debug] [scwx::provider::nws_api_provider] GetRadarStations
[2026-05-17 18:53:17.718] [39347] [info] [scwx::qt::manager::settings_manager] Loading settings
[2026-05-17 18:53:17.719] [39347] [debug] [scwx::qt::manager::settings_manager] Validating settings
[2026-05-17 18:53:17.727] [39347] [debug] [scwx::qt::manager::font_manager] LoadFontResource: iMWritingMono Nerd Font:Regular
[2026-05-17 18:53:17.729] [39347] [debug] [scwx::qt::manager::font_manager] Found matching font: iMWritingMono Nerd Font:Regular (/usr/share/fonts/TTF/iMWritingMonoNerdFont-Regular.ttf) 0
[2026-05-17 18:53:17.732] [39347] [debug] [scwx::qt::types::imgui_font] Creating Font: iMWritingMonoNerdFont-Regular.ttf
[2026-05-17 18:53:17.733] [39347] [debug] [scwx::qt::manager::font_manager] LoadFontResource: Inconsolata:Regular
[2026-05-17 18:53:17.735] [39347] [debug] [scwx::qt::manager::font_manager] Found matching font: Inconsolata:Regular (/home/ayaya/.cache/Supercell Wx/fonts/Inconsolata-Regular.ttf) 0
[2026-05-17 18:53:17.735] [39347] [debug] [scwx::qt::types::imgui_font] Creating Font: Inconsolata-Regular.ttf
[2026-05-17 18:53:17.735] [39347] [debug] [scwx::qt::manager::font_manager] LoadFontResource: Roboto Flex:Regular
[2026-05-17 18:53:17.736] [39347] [debug] [scwx::qt::manager::font_manager] Found matching font: Roboto Flex:Regular (/home/ayaya/.cache/Supercell Wx/fonts/RobotoFlex-Regular.ttf) 0
[2026-05-17 18:53:17.736] [39347] [debug] [scwx::qt::types::imgui_font] Creating Font: RobotoFlex-Regular.ttf
[2026-05-17 18:53:17.736] [39347] [debug] [scwx::qt::util::texture_atlas] Loading image: :/res/icons/flaticon/cardinal-point-24.png
[2026-05-17 18:53:17.737] [39347] [debug] [scwx::qt::util::texture_atlas] Loading image: :/res/icons/flaticon/compass-24.png
[2026-05-17 18:53:17.737] [39347] [debug] [scwx::qt::util::texture_atlas] Loading image: :/res/textures/images/crosshairs-24.png
[2026-05-17 18:53:17.737] [39347] [debug] [scwx::qt::util::texture_atlas] Loading image: :/res/textures/images/cursor-17.png
[2026-05-17 18:53:17.737] [39347] [debug] [scwx::qt::util::texture_atlas] Loading image: :/res/textures/images/dot.svg
[2026-05-17 18:53:17.740] [39347] [debug] [scwx::qt::util::texture_atlas] Loading image: :/res/icons/font-awesome-6/briefcase-solid.svg
[2026-05-17 18:53:17.740] [39347] [debug] [scwx::qt::util::texture_atlas] Loading image: :/res/icons/font-awesome-6/building-columns-solid.svg
[2026-05-17 18:53:17.740] [39347] [debug] [scwx::qt::util::texture_atlas] Loading image: :/res/icons/font-awesome-6/building-solid.svg
[2026-05-17 18:53:17.740] [39347] [debug] [scwx::qt::util::texture_atlas] Loading image: :/res/icons/font-awesome-6/caravan-solid.svg
[2026-05-17 18:53:17.740] [39347] [debug] [scwx::qt::util::texture_atlas] Loading image: :/res/icons/font-awesome-6/location-crosshairs-solid.svg
[2026-05-17 18:53:17.740] [39347] [debug] [scwx::qt::util::texture_atlas] Loading image: :/res/icons/font-awesome-6/house-solid-white.svg
[2026-05-17 18:53:17.740] [39347] [debug] [scwx::qt::util::texture_atlas] Loading image: :/res/textures/images/location-marker.svg
[2026-05-17 18:53:17.740] [39347] [debug] [scwx::qt::util::texture_atlas] Loading image: :/res/icons/font-awesome-6/location-pin.svg
[2026-05-17 18:53:17.740] [39347] [debug] [scwx::qt::util::texture_atlas] Loading image: :/res/icons/font-awesome-6/star-solid-white.svg
[2026-05-17 18:53:17.740] [39347] [debug] [scwx::qt::util::texture_atlas] Loading image: :/res/icons/font-awesome-6/tent-solid.svg
[2026-05-17 18:53:17.740] [39347] [debug] [scwx::qt::util::texture_atlas] Loading image: :/res/textures/images/mapbox-logo.svg
[2026-05-17 18:53:17.741] [39347] [debug] [scwx::qt::util::texture_atlas] Loading image: :/res/textures/images/maptiler-logo.svg
[2026-05-17 18:53:17.741] [39347] [debug] [scwx::qt::util::texture_atlas] Loading image: :/res/textures/lines/default-1x7.png
[2026-05-17 18:53:17.741] [39347] [debug] [scwx::qt::util::texture_atlas] Loading image: :/res/textures/lines/test-pattern.png
[2026-05-17 18:53:17.741] [39347] [debug] [scwx::qt::util::texture_atlas] Building 2048x2048 texture atlas
[2026-05-17 18:53:17.745] [39347] [debug] [scwx::qt::util::texture_atlas] Texture atlas built in 0.010000s
[2026-05-17 18:53:17.745] [39347] [info] [scwx::main] Loaded palette file '/home/ayaya/.local/share/Supercell Wx/theme.conf'
[2026-05-17 18:53:17.769] [39347] [info] [qt] [qt.multimedia.ffmpeg] Using Qt multimedia with FFmpeg version 7.1.2 LGPL version 2.1 or later
[2026-05-17 18:53:17.799] [39390] [debug] [scwx::qt::manager::media_manager] Creating QMediaDevices
[2026-05-17 18:53:17.799] [39390] [debug] [scwx::qt::manager::media_manager] Creating QMediaPlayer
[2026-05-17 18:53:17.799] [39347] [debug] [scwx::qt::manager::thread_manager] Creating thread: position_manager
[2026-05-17 18:53:17.799] [39390] [debug] [scwx::qt::manager::media_manager] Creating QAudioOutput
[2026-05-17 18:53:17.800] [39347] [debug] [scwx::qt::manager::position_manager] Available sources: geoclue2, nmea
[2026-05-17 18:53:17.801] [39391] [warning] [qt] [qt.positioning.geoclue2] Neither desktopId plugin parameter nor QGuiApplication::desktopFileName has been set. Please consider setting one of the two.
[2026-05-17 18:53:17.801] [39391] [debug] [scwx::qt::manager::position_manager] Using position source: geoclue2
[2026-05-17 18:53:17.802] [39391] [warning] [qt] [qt.positioning.geoclue2] Already stopped
[2026-05-17 18:53:17.802] [39390] [debug] [scwx::qt::manager::media_manager] Audio device: USB Audio Speakers
[2026-05-17 18:53:17.819] [39347] [info] [scwx::qt::model::layer_model] Reading layer settings
[2026-05-17 18:53:17.819] [39347] [info] [scwx::qt::model::radar_site_model] Reading presets
[2026-05-17 18:53:17.838] [39347] [debug] [scwx::qt::map::alert_layer] Initializing handler
[2026-05-17 18:53:17.843] [39410] [debug] [scwx::provider::aws_level3_data_provider] ListProducts()
[2026-05-17 18:53:17.843] [39347] [debug] [scwx::qt::manager::radar_product_manager] UpdateAvailableProducts()
[2026-05-17 18:53:17.844] [39411] [debug] [scwx::provider::aws_level3_data_provider] ListProducts()
[2026-05-17 18:53:17.857] [39412] [debug] [scwx::provider::aws_level3_data_provider] ListProducts()
[2026-05-17 18:53:17.858] [39413] [debug] [scwx::provider::aws_level3_data_provider] ListProducts()
[2026-05-17 18:53:17.984] [39347] [debug] [scwx::qt::main::main_window] Selecting radar product: L2, REF
[2026-05-17 18:53:17.986] [39347] [debug] [scwx::qt::main::main_window] Selecting radar product: L2, VEL
[2026-05-17 18:53:17.986] [39415] [debug] [scwx::provider::aws_nexrad_data_provider] Refresh()
[2026-05-17 18:53:17.986] [39415] [debug] [scwx::provider::aws_nexrad_data_provider] ListObjects: 2026/05/16/KINX/
[2026-05-17 18:53:17.987] [39347] [debug] [scwx::qt::main::main_window] Selecting radar product: L2, RHO
[2026-05-17 18:53:17.989] [39347] [debug] [scwx::qt::main::main_window] Selecting radar product: L2, ZDR
[2026-05-17 18:53:17.991] [39347] [debug] [scwx::qt::manager::timeline_manager] SetRadarSite: KINX
[2026-05-17 18:53:17.991] [39347] [debug] [scwx::qt::manager::timeline_manager] Time updated: Live
[2026-05-17 18:53:17.991] [39347] [debug] [scwx::qt::manager::alert_manager] SetRadarSite: KINX
[2026-05-17 18:53:17.991] [39347] [debug] [scwx::qt::manager::placefile_manager] SetRadarSite: KINX
[2026-05-17 18:53:17.991] [39347] [debug] [scwx::qt::main::application] Application initialization finished
[2026-05-17 18:53:17.991] [39395] [debug] [scwx::qt::manager::text_event_manager] Start Refresh
[2026-05-17 18:53:17.991] [39396] [info] [scwx::qt::manager::placefile_manager] Reading placefile settings
[2026-05-17 18:53:17.991] [39397] [info] [scwx::qt::manager::marker_manager] Reading location marker settings
[2026-05-17 18:53:17.991] [39397] [debug] [scwx::qt::manager::marker_manager] 0 location marker entries
[2026-05-17 18:53:17.991] [39397] [debug] [scwx::qt::util::texture_atlas] Building 2048x2048 texture atlas
[2026-05-17 18:53:17.991] [39396] [info] [scwx::qt::manager::placefile_manager] AddUrl: http://placefilenation.com/Placefiles/spcday1.php
[2026-05-17 18:53:17.992] [39396] [info] [scwx::qt::manager::placefile_manager] AddUrl: http://placefilenation.com/Placefiles/spcday2.php
[2026-05-17 18:53:17.992] [39396] [info] [scwx::qt::manager::placefile_manager] AddUrl: http://placefilenation.com/Placefiles/spcday3.php
[2026-05-17 18:53:17.992] [39396] [info] [scwx::qt::manager::placefile_manager] AddUrl: https://placefiles.supercellwx.net/wxfanatic/day1tornadoprob.php
[2026-05-17 18:53:17.992] [39396] [info] [scwx::qt::manager::placefile_manager] AddUrl: https://placefiles.supercellwx.net/wxfanatic/day1windprob.php
[2026-05-17 18:53:17.992] [39396] [info] [scwx::qt::manager::placefile_manager] AddUrl: https://placefiles.supercellwx.net/wxfanatic/day1hailprob.php
[2026-05-17 18:53:17.992] [39396] [info] [scwx::qt::manager::placefile_manager] AddUrl: https://placefiles.supercellwx.net/wxfanatic/downRadarStatus.txt
[2026-05-17 18:53:17.992] [39396] [info] [scwx::qt::manager::placefile_manager] AddUrl: http://placefilenation.com/Placefiles/mcd.php
[2026-05-17 18:53:17.992] [39396] [info] [scwx::qt::manager::placefile_manager] AddUrl: http://placefilenation.com/Placefiles/mping_300min.php
[2026-05-17 18:53:17.992] [39396] [info] [scwx::qt::manager::placefile_manager] AddUrl: http://placefilenation.com/Placefiles/mping_30min.php
[2026-05-17 18:53:17.993] [39396] [info] [scwx::qt::manager::placefile_manager] AddUrl: https://placefilenation.com/Placefiles/gusts.php
[2026-05-17 18:53:17.993] [39396] [info] [scwx::qt::manager::placefile_manager] AddUrl: https://www.spotternetwork.org/feeds/gr-all-no.txt
[2026-05-17 18:53:17.993] [39396] [info] [scwx::qt::manager::placefile_manager] AddUrl: https://placefiles.supercellwx.net/wxfanatic/alarmRadarStatus.txt
[2026-05-17 18:53:17.993] [39396] [info] [scwx::qt::manager::placefile_manager] AddUrl: http://placefiles.redteamwx.com/WG.php
[2026-05-17 18:53:17.993] [39396] [info] [scwx::qt::manager::placefile_manager] AddUrl: https://www.freelightning.com/placefiles/SPC_Mesoscale_Discussions.php
[2026-05-17 18:53:17.993] [39396] [info] [scwx::qt::manager::placefile_manager] AddUrl: https://www.freelightning.com/hub/placefile.php?request=10306|10557|107118581|10259|10303|10689|0|254292|1
[2026-05-17 18:53:17.993] [39396] [info] [scwx::qt::manager::placefile_manager] AddUrl: https://www.freelightning.com/hub/placefile.php?request=10521|10816|107118581|10219|10321|10379|0|254292|2
[2026-05-17 18:53:17.995] [39397] [debug] [scwx::qt::util::texture_atlas] Texture atlas built in 0.010000s
[2026-05-17 18:53:18.002] [39347] [debug] [scwx::qt::map::map_widget] initializeGL()
[2026-05-17 18:53:18.004] [39347] [info] [scwx::qt::gl::gl_context] GLAD initialization complete: OpenGL 4.6
[2026-05-17 18:53:18.004] [39347] [info] [scwx::qt::gl::gl_context] OpenGL Version: 4.6 (Compatibility Profile) Mesa 26.0.6-arch1.1
[2026-05-17 18:53:18.004] [39347] [info] [scwx::qt::gl::gl_context] OpenGL Vendor: AMD
[2026-05-17 18:53:18.004] [39347] [info] [scwx::qt::gl::gl_context] OpenGL Renderer: AMD Radeon RX 6800 (radeonsi, navi21, ACO, DRM 3.64, 7.0.5-arch1-1)
[2026-05-17 18:53:18.004] [39347] [debug] [scwx::qt::map::map_widget] Resetting map
[2026-05-17 18:53:18.009] [39347] [debug] [scwx::qt::map::map_widget] Updating style: Custom
[2026-05-17 18:53:18.013] [39527] [info] [qt] [mbgl] {unknown}[General]: GPU Identifier: AMD Radeon RX 6800 (radeonsi, navi21, ACO, DRM 3.64, 7.0.5-arch1-1)
[2026-05-17 18:53:18.021] [39347] [debug] [scwx::qt::map::map_widget] initializeGL()
[2026-05-17 18:53:18.021] [39347] [debug] [scwx::qt::map::map_widget] Resetting map
[2026-05-17 18:53:18.021] [39347] [debug] [scwx::qt::map::map_widget] Updating style: Custom
[2026-05-17 18:53:18.024] [39347] [debug] [scwx::qt::map::map_widget] initializeGL()
[2026-05-17 18:53:18.024] [39347] [debug] [scwx::qt::map::map_widget] Resetting map
[2026-05-17 18:53:18.024] [39347] [debug] [scwx::qt::map::map_widget] Updating style: Custom
[2026-05-17 18:53:18.027] [39347] [debug] [scwx::qt::map::map_widget] initializeGL()
[2026-05-17 18:53:18.027] [39347] [debug] [scwx::qt::map::map_widget] Resetting map
[2026-05-17 18:53:18.027] [39347] [debug] [scwx::qt::map::map_widget] Updating style: Custom
[2026-05-17 18:53:18.043] [39527] [warning] [qt] [mbgl] {unknown}[ParseStyle]: source must have tiles
[2026-05-17 18:53:18.048] [39347] [debug] [scwx::qt::map::map_widget] Add Layers
[2026-05-17 18:53:18.048] [39347] [debug] [scwx::qt::map::radar_range_layer] Add()
[2026-05-17 18:53:18.051] [39527] [warning] [qt] [mbgl] {unknown}[ParseStyle]: source must have tiles
[2026-05-17 18:53:18.052] [39347] [debug] [scwx::qt::map::map_widget] Add Layers
[2026-05-17 18:53:18.052] [39347] [debug] [scwx::qt::map::radar_range_layer] Add()
[2026-05-17 18:53:18.055] [39527] [warning] [qt] [mbgl] {unknown}[ParseStyle]: source must have tiles
[2026-05-17 18:53:18.056] [39347] [debug] [scwx::qt::map::map_widget] Add Layers
[2026-05-17 18:53:18.056] [39347] [debug] [scwx::qt::map::radar_range_layer] Add()
[2026-05-17 18:53:18.059] [39527] [warning] [qt] [mbgl] {unknown}[ParseStyle]: source must have tiles
[2026-05-17 18:53:18.059] [39347] [debug] [scwx::qt::map::map_widget] Add Layers
[2026-05-17 18:53:18.060] [39347] [debug] [scwx::qt::map::radar_range_layer] Add()
[2026-05-17 18:53:18.064] [39347] [debug] [scwx::qt::map::marker_layer] Initialize()
[2026-05-17 18:53:18.068] [39347] [debug] [scwx::qt::gl::shader_program] Load()
[2026-05-17 18:53:18.068] [39347] [debug] [scwx::qt::gl::shader_program] Loading vertex shader: :/gl/geo_texture2d.vert
[2026-05-17 18:53:18.068] [39347] [debug] [scwx::qt::gl::shader_program] Loading geometry shader: :/gl/threshold.geom
[2026-05-17 18:53:18.069] [39347] [debug] [scwx::qt::gl::shader_program] Loading fragment shader: :/gl/texture2d_array.frag
[2026-05-17 18:53:18.070] [39347] [debug] [scwx::qt::map::marker_layer] ReloadMarkers()
[2026-05-17 18:53:18.070] [39347] [debug] [scwx::qt::map::alert_layer] Initialize: Severe Thunderstorm
[2026-05-17 18:53:18.070] [39347] [debug] [scwx::qt::gl::shader_program] Load()
[2026-05-17 18:53:18.070] [39347] [debug] [scwx::qt::gl::shader_program] Loading vertex shader: :/gl/geo_texture2d.vert
[2026-05-17 18:53:18.070] [39347] [debug] [scwx::qt::gl::shader_program] Loading geometry shader: :/gl/threshold.geom
[2026-05-17 18:53:18.070] [39347] [debug] [scwx::qt::gl::shader_program] Loading fragment shader: :/gl/color.frag
[2026-05-17 18:53:18.072] [39347] [debug] [scwx::qt::map::alert_layer] Initialize: Tornado
[2026-05-17 18:53:18.072] [39347] [debug] [scwx::qt::map::overlay_layer] Initialize()
[2026-05-17 18:53:18.072] [39347] [debug] [scwx::qt::gl::shader_program] Load()
[2026-05-17 18:53:18.072] [39347] [debug] [scwx::qt::gl::shader_program] Loading vertex shader: :/gl/color.vert
[2026-05-17 18:53:18.072] [39347] [debug] [scwx::qt::gl::shader_program] Loading fragment shader: :/gl/color.frag
[2026-05-17 18:53:18.073] [39347] [debug] [scwx::qt::gl::shader_program] Load()
[2026-05-17 18:53:18.073] [39347] [debug] [scwx::qt::gl::shader_program] Loading vertex shader: :/gl/texture2d_array.vert
[2026-05-17 18:53:18.073] [39347] [debug] [scwx::qt::gl::shader_program] Loading geometry shader: :/gl/threshold.geom
[2026-05-17 18:53:18.073] [39347] [debug] [scwx::qt::gl::shader_program] Loading fragment shader: :/gl/texture2d_array.frag
[2026-05-17 18:53:18.075] [39347] [debug] [scwx::qt::util::texture_atlas] Loading image: :/res/textures/images/dot.svg
[2026-05-17 18:53:18.075] [39347] [debug] [scwx::qt::util::texture_atlas] Building 2048x2048 texture atlas
[2026-05-17 18:53:18.078] [39347] [debug] [scwx::qt::util::texture_atlas] Texture atlas built in 0.000000s
[2026-05-17 18:53:18.078] [39347] [debug] [scwx::qt::map::color_table_layer] Initialize()
[2026-05-17 18:53:18.078] [39347] [debug] [scwx::qt::gl::shader_program] Load()
[2026-05-17 18:53:18.078] [39347] [debug] [scwx::qt::gl::shader_program] Loading vertex shader: :/gl/texture1d.vert
[2026-05-17 18:53:18.078] [39347] [debug] [scwx::qt::gl::shader_program] Loading fragment shader: :/gl/texture1d.frag
[2026-05-17 18:53:18.078] [39347] [debug] [scwx::qt::map::radar_product_layer] Initialize()
[2026-05-17 18:53:18.078] [39347] [debug] [scwx::qt::gl::shader_program] Load()
[2026-05-17 18:53:18.078] [39347] [debug] [scwx::qt::gl::shader_program] Loading vertex shader: :/gl/radar.vert
[2026-05-17 18:53:18.079] [39347] [debug] [scwx::qt::gl::shader_program] Loading fragment shader: :/gl/radar.frag
[2026-05-17 18:53:18.080] [39347] [debug] [scwx::qt::map::radar_product_layer] UpdateColorTable()
[2026-05-17 18:53:18.080] [39347] [debug] [scwx::qt::map::radar_site_layer] Initialize()
[2026-05-17 18:53:18.090] [39347] [debug] [scwx::qt::map::marker_layer] Initialize()
[2026-05-17 18:53:18.090] [39347] [debug] [scwx::qt::map::marker_layer] ReloadMarkers()
[2026-05-17 18:53:18.090] [39347] [debug] [scwx::qt::map::overlay_layer] Initialize()
[2026-05-17 18:53:18.091] [39347] [debug] [scwx::qt::util::texture_atlas] Loading image: :/res/textures/images/dot.svg
[2026-05-17 18:53:18.091] [39347] [debug] [scwx::qt::util::texture_atlas] Building 2048x2048 texture atlas
[2026-05-17 18:53:18.094] [39347] [debug] [scwx::qt::util::texture_atlas] Texture atlas built in 0.000000s
[2026-05-17 18:53:18.094] [39347] [debug] [scwx::qt::map::color_table_layer] Initialize()
[2026-05-17 18:53:18.094] [39347] [debug] [scwx::qt::map::radar_product_layer] Initialize()
[2026-05-17 18:53:18.094] [39347] [debug] [scwx::qt::map::radar_product_layer] UpdateColorTable()
[2026-05-17 18:53:18.094] [39347] [debug] [scwx::qt::map::alert_layer] Initialize: Marine
[2026-05-17 18:53:18.095] [39419] [debug] [scwx::provider::aws_nexrad_data_provider] Refresh()
[2026-05-17 18:53:18.095] [39419] [debug] [scwx::provider::aws_nexrad_data_provider] ListObjects: INX_NST_2026_05_16_
[2026-05-17 18:53:18.098] [39347] [debug] [scwx::qt::map::radar_site_layer] Initialize()
[2026-05-17 18:53:18.100] [39347] [debug] [scwx::qt::map::marker_layer] Initialize()
[2026-05-17 18:53:18.100] [39347] [debug] [scwx::qt::map::marker_layer] ReloadMarkers()
[2026-05-17 18:53:18.100] [39347] [debug] [scwx::qt::map::overlay_layer] Initialize()
[2026-05-17 18:53:18.100] [39347] [debug] [scwx::qt::util::texture_atlas] Loading image: :/res/textures/images/dot.svg
[2026-05-17 18:53:18.100] [39347] [debug] [scwx::qt::util::texture_atlas] Building 2048x2048 texture atlas
[2026-05-17 18:53:18.102] [39347] [debug] [scwx::qt::util::texture_atlas] Texture atlas built in 0.000000s
[2026-05-17 18:53:18.102] [39347] [debug] [scwx::qt::map::color_table_layer] Initialize()
[2026-05-17 18:53:18.102] [39347] [debug] [scwx::qt::map::radar_product_layer] Initialize()
[2026-05-17 18:53:18.102] [39347] [debug] [scwx::qt::map::radar_product_layer] UpdateColorTable()
[2026-05-17 18:53:18.102] [39347] [debug] [scwx::qt::map::radar_site_layer] Initialize()
[2026-05-17 18:53:18.107] [39347] [debug] [scwx::qt::map::marker_layer] Initialize()
[2026-05-17 18:53:18.107] [39347] [debug] [scwx::qt::map::marker_layer] ReloadMarkers()
[2026-05-17 18:53:18.107] [39347] [debug] [scwx::qt::map::overlay_layer] Initialize()
[2026-05-17 18:53:18.107] [39347] [debug] [scwx::qt::util::texture_atlas] Loading image: :/res/textures/images/dot.svg
[2026-05-17 18:53:18.107] [39347] [debug] [scwx::qt::util::texture_atlas] Building 2048x2048 texture atlas
[2026-05-17 18:53:18.109] [39347] [debug] [scwx::qt::util::texture_atlas] Texture atlas built in 0.000000s
[2026-05-17 18:53:18.109] [39347] [debug] [scwx::qt::map::color_table_layer] Initialize()
[2026-05-17 18:53:18.109] [39347] [debug] [scwx::qt::map::radar_product_layer] Initialize()
[2026-05-17 18:53:18.109] [39347] [debug] [scwx::qt::map::radar_product_layer] UpdateColorTable()
[2026-05-17 18:53:18.109] [39347] [debug] [scwx::qt::map::radar_site_layer] Initialize()
[2026-05-17 18:53:18.214] [39419] [debug] [scwx::provider::aws_nexrad_data_provider] Found 165 objects
[2026-05-17 18:53:18.214] [39419] [debug] [scwx::provider::aws_nexrad_data_provider] ListObjects: INX_NST_2026_05_17_
[2026-05-17 18:53:18.280] [39419] [debug] [scwx::provider::aws_nexrad_data_provider] Found 7 objects
[2026-05-17 18:53:18.280] [39419] [debug] [scwx::provider::aws_nexrad_data_provider] FindLatestKey()
[2026-05-17 18:53:18.285] [39347] [debug] [scwx::qt::view::overlay_product_view] Load Product: NST, 2026-05-17 11:04:02 UTC, true
[2026-05-17 18:53:18.285] [39347] [debug] [scwx::qt::view::overlay_product_view] Load Product: NST, 2026-05-17 11:04:02 UTC, true
[2026-05-17 18:53:18.285] [39347] [debug] [scwx::qt::view::overlay_product_view] Load Product: NST, 2026-05-17 11:04:02 UTC, true
[2026-05-17 18:53:18.285] [39347] [debug] [scwx::qt::view::overlay_product_view] Load Product: NST, 2026-05-17 11:04:02 UTC, true
[2026-05-17 18:53:18.285] [39409] [debug] [scwx::qt::manager::radar_product_manager] LoadLevel3Data: 2026-05-17 11:04:02 UTC
[2026-05-17 18:53:18.285] [39412] [debug] [scwx::provider::aws_nexrad_data_provider] FindKey: 2026-05-17 11:04:02 UTC
[2026-05-17 18:53:18.285] [39441] [debug] [scwx::qt::manager::radar_product_manager] LoadLevel3Data: 2026-05-17 11:04:02 UTC
[2026-05-17 18:53:18.285] [39433] [debug] [scwx::qt::manager::radar_product_manager] LoadLevel3Data: 2026-05-17 11:04:02 UTC
[2026-05-17 18:53:18.285] [39437] [debug] [scwx::qt::manager::radar_product_manager] LoadLevel3Data: 2026-05-17 11:04:02 UTC
[2026-05-17 18:53:18.343] [39415] [debug] [scwx::provider::aws_nexrad_data_provider] Found 239 objects
[2026-05-17 18:53:18.343] [39415] [debug] [scwx::provider::aws_nexrad_data_provider] ListObjects: 2026/05/17/KINX/
[2026-05-17 18:53:18.361] [39412] [debug] [scwx::wsr88d::level3_file] Loading Data
[2026-05-17 18:53:18.361] [39412] [debug] [scwx::wsr88d::level3_file] Data Type: SD
[2026-05-17 18:53:18.361] [39412] [debug] [scwx::wsr88d::level3_file] ICAO:      KTSA
[2026-05-17 18:53:18.361] [39412] [debug] [scwx::wsr88d::level3_file] Date/Time: 171104
[2026-05-17 18:53:18.361] [39412] [debug] [scwx::wsr88d::level3_file] Category:  NST
[2026-05-17 18:53:18.361] [39412] [debug] [scwx::wsr88d::level3_file] Site ID:   INX
[2026-05-17 18:53:18.361] [39412] [debug] [scwx::wsr88d::rpg::level3_message_factory] Found Message 58
[2026-05-17 18:53:18.361] [39412] [debug] [scwx::wsr88d::rpg::graphic_product_message] Loading Blocks
[2026-05-17 18:53:18.361] [39412] [debug] [scwx::wsr88d::rpg::graphic_product_message] Graphic alphanumeric block valid: true
[2026-05-17 18:53:18.361] [39412] [debug] [scwx::wsr88d::rpg::graphic_product_message] Tabular alphanumeric block valid: true
[2026-05-17 18:53:18.361] [39412] [debug] [scwx::wsr88d::rpg::storm_tracking_information_message] No storm text present
[2026-05-17 18:53:18.361] [39412] [debug] [scwx::qt::manager::radar_product_manager] Initialize()
[2026-05-17 18:53:18.391] [39412] [debug] [scwx::qt::manager::radar_product_manager] Coordinates (0.5 degree) calculated in 0.030000s
[2026-05-17 18:53:18.408] [39584] [debug] [scwx::provider::aws_nexrad_data_provider] ListObjects: 2026/05/17/KINX/
[2026-05-17 18:53:18.417] [39415] [debug] [scwx::provider::aws_nexrad_data_provider] Found 184 objects
[2026-05-17 18:53:18.417] [39415] [debug] [scwx::provider::aws_nexrad_data_provider] FindLatestKey()
[2026-05-17 18:53:18.420] [39412] [debug] [scwx::qt::manager::radar_product_manager] Coordinates (0.5 degree smooth) calculated in 0.030000s
[2026-05-17 18:53:18.437] [39412] [debug] [scwx::qt::manager::radar_product_manager] Coordinates (1 degree) calculated in 0.020000s
[2026-05-17 18:53:18.455] [39412] [debug] [scwx::qt::manager::radar_product_manager] Coordinates (1 degree smooth) calculated in 0.020000s
[2026-05-17 18:53:18.455] [39410] [debug] [scwx::qt::manager::radar_product_manager] Level 3 product previously loaded, loading from cache
[2026-05-17 18:53:18.455] [39412] [debug] [scwx::provider::aws_nexrad_data_provider] FindKey: 2026-05-17 23:36:35 UTC
[2026-05-17 18:53:18.455] [39413] [debug] [scwx::qt::manager::radar_product_manager] Level 3 product previously loaded, loading from cache
[2026-05-17 18:53:18.455] [39411] [debug] [scwx::qt::manager::radar_product_manager] Level 3 product previously loaded, loading from cache
[2026-05-17 18:53:18.549] [39586] [debug] [scwx::wsr88d::ar2v_file] Loading Data
[2026-05-17 18:53:18.549] [39586] [debug] [scwx::wsr88d::ar2v_file] Filename:  AR2V0006.
[2026-05-17 18:53:18.549] [39586] [debug] [scwx::wsr88d::ar2v_file] Extension: 525
[2026-05-17 18:53:18.549] [39586] [debug] [scwx::wsr88d::ar2v_file] Date:      20591 (2026-05-17)
[2026-05-17 18:53:18.549] [39586] [debug] [scwx::wsr88d::ar2v_file] Time:      85502116 (23:45:02.116000000)
[2026-05-17 18:53:18.549] [39586] [debug] [scwx::wsr88d::ar2v_file] ICAO:      KINX
[2026-05-17 18:53:18.648] [39584] [debug] [scwx::provider::aws_nexrad_data_provider] Found 184 objects
[2026-05-17 18:53:18.648] [39584] [debug] [scwx::provider::aws_nexrad_data_provider] FindKey: 2026-05-17 23:36:35 UTC
[2026-05-17 18:53:18.764] [39412] [debug] [scwx::wsr88d::ar2v_file] Loading Data
[2026-05-17 18:53:18.764] [39412] [debug] [scwx::wsr88d::ar2v_file] Filename:  AR2V0006.
[2026-05-17 18:53:18.764] [39412] [debug] [scwx::wsr88d::ar2v_file] Extension: 524
[2026-05-17 18:53:18.764] [39412] [debug] [scwx::wsr88d::ar2v_file] Date:      20591 (2026-05-17)
[2026-05-17 18:53:18.764] [39412] [debug] [scwx::wsr88d::ar2v_file] Time:      84995181 (23:36:35.181000000)
[2026-05-17 18:53:18.764] [39412] [debug] [scwx::wsr88d::ar2v_file] ICAO:      KINX
[2026-05-17 18:53:19.026] [39584] [debug] [scwx::wsr88d::ar2v_file] Loading Data
[2026-05-17 18:53:19.026] [39584] [debug] [scwx::wsr88d::ar2v_file] Filename:  AR2V0006.
[2026-05-17 18:53:19.026] [39584] [debug] [scwx::wsr88d::ar2v_file] Extension: 524
[2026-05-17 18:53:19.026] [39584] [debug] [scwx::wsr88d::ar2v_file] Date:      20591 (2026-05-17)
[2026-05-17 18:53:19.026] [39584] [debug] [scwx::wsr88d::ar2v_file] Time:      84995181 (23:36:35.181000000)
[2026-05-17 18:53:19.026] [39584] [debug] [scwx::wsr88d::ar2v_file] ICAO:      KINX
[2026-05-17 18:53:19.315] [39410] [debug] [scwx::qt::manager::radar_product_manager] Level 2 product previously loaded, loading from cache
[2026-05-17 18:53:19.315] [39413] [debug] [scwx::qt::manager::radar_product_manager] Level 2 product previously loaded, loading from cache
[2026-05-17 18:53:19.315] [39411] [debug] [scwx::qt::manager::radar_product_manager] Level 2 product previously loaded, loading from cache
[2026-05-17 18:53:20.985] [39395] [debug] [scwx::provider::warnings_provider] Loading file: warnings_20260514_23.txt
[2026-05-17 18:53:21.000] [39395] [debug] [scwx::provider::warnings_provider] Loading file: warnings_20260515_00.txt
[2026-05-17 18:53:21.143] [39395] [debug] [scwx::provider::warnings_provider] Loading file: warnings_20260515_01.txt
[2026-05-17 18:53:21.151] [39395] [debug] [scwx::provider::warnings_provider] Loading file: warnings_20260515_02.txt
[2026-05-17 18:53:21.153] [39395] [debug] [scwx::provider::warnings_provider] Loading file: warnings_20260515_03.txt
[2026-05-17 18:53:21.154] [39395] [debug] [scwx::provider::warnings_provider] Loading file: warnings_20260515_17.txt
[2026-05-17 18:53:21.155] [39395] [debug] [scwx::provider::warnings_provider] Loading file: warnings_20260515_18.txt
[2026-05-17 18:53:21.290] [39395] [debug] [scwx::provider::warnings_provider] Loading file: warnings_20260515_19.txt
[2026-05-17 18:53:21.299] [39395] [debug] [scwx::provider::warnings_provider] Loading file: warnings_20260515_20.txt
[2026-05-17 18:53:21.300] [39395] [debug] [scwx::provider::warnings_provider] Loading file: warnings_20260515_21.txt
[2026-05-17 18:53:21.305] [39395] [debug] [scwx::provider::warnings_provider] Loading file: warnings_20260515_22.txt
[2026-05-17 18:53:21.451] [39395] [debug] [scwx::provider::warnings_provider] Loading file: warnings_20260515_23.txt
[2026-05-17 18:53:21.479] [39395] [debug] [scwx::provider::warnings_provider] Loading file: warnings_20260516_00.txt
[2026-05-17 18:53:21.515] [39395] [debug] [scwx::provider::warnings_provider] Loading file: warnings_20260516_01.txt
[2026-05-17 18:53:21.541] [39395] [debug] [scwx::provider::warnings_provider] Loading file: warnings_20260516_02.txt
[2026-05-17 18:53:21.670] [39395] [debug] [scwx::provider::warnings_provider] Loading file: warnings_20260516_03.txt
[2026-05-17 18:53:21.679] [39395] [debug] [scwx::provider::warnings_provider] Loading file: warnings_20260516_04.txt
[2026-05-17 18:53:21.688] [39395] [debug] [scwx::provider::warnings_provider] Loading file: warnings_20260516_05.txt
[2026-05-17 18:53:21.694] [39395] [debug] [scwx::provider::warnings_provider] Loading file: warnings_20260516_06.txt
[2026-05-17 18:53:21.821] [39395] [debug] [scwx::provider::warnings_provider] Loading file: warnings_20260516_07.txt
[2026-05-17 18:53:21.823] [39395] [debug] [scwx::provider::warnings_provider] Loading file: warnings_20260516_08.txt
[2026-05-17 18:53:21.825] [39395] [debug] [scwx::provider::warnings_provider] Loading file: warnings_20260516_09.txt
[2026-05-17 18:53:21.828] [39395] [debug] [scwx::provider::warnings_provider] Loading file: warnings_20260516_10.txt
[2026-05-17 18:53:21.967] [39395] [debug] [scwx::provider::warnings_provider] Loading file: warnings_20260516_11.txt
[2026-05-17 18:53:21.970] [39395] [debug] [scwx::provider::warnings_provider] Loading file: warnings_20260516_12.txt
[2026-05-17 18:53:21.971] [39395] [debug] [scwx::provider::warnings_provider] Loading file: warnings_20260516_13.txt
[2026-05-17 18:53:21.973] [39395] [debug] [scwx::provider::warnings_provider] Loading file: warnings_20260516_14.txt
[2026-05-17 18:53:22.123] [39395] [debug] [scwx::provider::warnings_provider] Loading file: warnings_20260516_16.txt
[2026-05-17 18:53:22.126] [39395] [debug] [scwx::provider::warnings_provider] Loading file: warnings_20260516_17.txt
[2026-05-17 18:53:22.127] [39395] [debug] [scwx::provider::warnings_provider] Loading file: warnings_20260516_18.txt
[2026-05-17 18:53:22.292] [39395] [debug] [scwx::provider::warnings_provider] Loading file: warnings_20260516_19.txt
[2026-05-17 18:53:22.297] [39395] [debug] [scwx::provider::warnings_provider] Loading file: warnings_20260516_20.txt
[2026-05-17 18:53:22.310] [39395] [debug] [scwx::provider::warnings_provider] Loading file: warnings_20260516_21.txt
[2026-05-17 18:53:22.337] [39395] [debug] [scwx::provider::warnings_provider] Loading file: warnings_20260516_22.txt
[2026-05-17 18:53:22.468] [39395] [debug] [scwx::provider::warnings_provider] Loading file: warnings_20260516_23.txt
[2026-05-17 18:53:22.511] [39395] [debug] [scwx::provider::warnings_provider] Loading file: warnings_20260517_00.txt
[2026-05-17 18:53:22.544] [39395] [debug] [scwx::provider::warnings_provider] Loading file: warnings_20260517_01.txt
[2026-05-17 18:53:22.572] [39395] [debug] [scwx::provider::warnings_provider] Loading file: warnings_20260517_02.txt
[2026-05-17 18:53:22.603] [39395] [debug] [scwx::provider::warnings_provider] Loading file: warnings_20260517_03.txt
[2026-05-17 18:53:22.628] [39395] [debug] [scwx::provider::warnings_provider] Loading file: warnings_20260517_04.txt
[2026-05-17 18:53:22.644] [39395] [debug] [scwx::provider::warnings_provider] Loading file: warnings_20260517_05.txt
[2026-05-17 18:53:22.659] [39395] [debug] [scwx::provider::warnings_provider] Loading file: warnings_20260517_06.txt
[2026-05-17 18:53:22.750] [39395] [debug] [scwx::provider::warnings_provider] Loading file: warnings_20260517_07.txt
[2026-05-17 18:53:22.755] [39395] [debug] [scwx::provider::warnings_provider] Loading file: warnings_20260517_08.txt
[2026-05-17 18:53:22.758] [39395] [debug] [scwx::provider::warnings_provider] Loading file: warnings_20260517_09.txt
[2026-05-17 18:53:22.769] [39395] [debug] [scwx::provider::warnings_provider] Loading file: warnings_20260517_10.txt
[2026-05-17 18:53:22.771] [39395] [debug] [scwx::provider::warnings_provider] Loading file: warnings_20260517_12.txt
[2026-05-17 18:53:22.902] [39395] [debug] [scwx::provider::warnings_provider] Loading file: warnings_20260517_15.txt
[2026-05-17 18:53:22.923] [39395] [debug] [scwx::provider::warnings_provider] Loading file: warnings_20260517_16.txt
[2026-05-17 18:53:22.928] [39395] [debug] [scwx::provider::warnings_provider] Loading file: warnings_20260517_17.txt
[2026-05-17 18:53:22.929] [39395] [debug] [scwx::provider::warnings_provider] Loading file: warnings_20260517_18.txt
[2026-05-17 18:53:23.061] [39395] [debug] [scwx::provider::warnings_provider] Loading file: warnings_20260517_19.txt
[2026-05-17 18:53:23.073] [39395] [debug] [scwx::provider::warnings_provider] Loading file: warnings_20260517_20.txt
[2026-05-17 18:53:23.089] [39395] [debug] [scwx::provider::warnings_provider] Loading file: warnings_20260517_21.txt
[2026-05-17 18:53:23.110] [39395] [debug] [scwx::provider::warnings_provider] Loading file: warnings_20260517_22.txt
[2026-05-17 18:53:23.226] [39395] [debug] [scwx::provider::warnings_provider] Loading file: warnings_20260517_23.txt
[2026-05-17 18:53:23.964] [39417] [debug] [scwx::provider::aws_level2_chunks_data_provider] Refresh() in 5.970000s
[2026-05-17 18:53:23.965] [39407] [debug] [scwx::qt::view::level2_product_view] Computing Sweep
[2026-05-17 18:53:23.965] [39407] [debug] [scwx::qt::view::level2_product_view] ComputeCoordinates()
[2026-05-17 18:53:23.968] [39431] [debug] [scwx::qt::view::level2_product_view] Computing Sweep
[2026-05-17 18:53:23.968] [39431] [debug] [scwx::qt::view::level2_product_view] ComputeCoordinates()
[2026-05-17 18:53:23.978] [39435] [debug] [scwx::qt::view::level2_product_view] Computing Sweep
[2026-05-17 18:53:23.978] [39435] [debug] [scwx::qt::view::level2_product_view] ComputeCoordinates()
[2026-05-17 18:53:23.978] [39439] [debug] [scwx::qt::view::level2_product_view] Computing Sweep
[2026-05-17 18:53:23.978] [39439] [debug] [scwx::qt::view::level2_product_view] ComputeCoordinates()
[2026-05-17 18:53:24.053] [39407] [debug] [scwx::qt::view::level2_product_view] Coordinates calculated in 0.080000s
[2026-05-17 18:53:24.074] [39439] [debug] [scwx::qt::view::level2_product_view] Coordinates calculated in 0.090000s
[2026-05-17 18:53:24.081] [39431] [debug] [scwx::qt::view::level2_product_view] Coordinates calculated in 0.110000s
[2026-05-17 18:53:24.082] [39435] [debug] [scwx::qt::view::level2_product_view] Coordinates calculated in 0.100000s
[2026-05-17 18:53:24.093] [39439] [debug] [scwx::qt::view::level2_product_view] Vertices calculated in 0.020000s
[2026-05-17 18:53:24.093] [39407] [debug] [scwx::qt::view::level2_product_view] Vertices calculated in 0.040000s
[2026-05-17 18:53:24.096] [39431] [debug] [scwx::qt::view::level2_product_view] Vertices calculated in 0.020000s
[2026-05-17 18:53:24.097] [39347] [debug] [scwx::qt::map::radar_product_layer] UpdateColorTable()
[2026-05-17 18:53:24.097] [39347] [debug] [scwx::qt::map::radar_product_layer] UpdateSweep()
[2026-05-17 18:53:24.100] [39347] [debug] [scwx::qt::map::radar_product_layer] Vertices buffered in 0.000000s
[2026-05-17 18:53:24.100] [39347] [debug] [scwx::qt::map::radar_product_layer] Data moments buffered in 0.000000s
[2026-05-17 18:53:24.101] [39347] [debug] [scwx::qt::map::radar_product_layer] CFP moments buffered in 0.000000s
[2026-05-17 18:53:24.102] [39435] [debug] [scwx::qt::view::level2_product_view] Vertices calculated in 0.020000s
[2026-05-17 18:53:24.103] [39347] [debug] [scwx::qt::map::radar_product_layer] UpdateColorTable()
[2026-05-17 18:53:24.103] [39347] [debug] [scwx::qt::map::radar_product_layer] UpdateSweep()
[2026-05-17 18:53:24.115] [39347] [debug] [scwx::qt::map::radar_product_layer] Vertices buffered in 0.020000s
[2026-05-17 18:53:24.115] [39347] [debug] [scwx::qt::map::radar_product_layer] Data moments buffered in 0.000000s
[2026-05-17 18:53:24.121] [39347] [debug] [scwx::qt::map::radar_product_layer] UpdateColorTable()
[2026-05-17 18:53:24.121] [39347] [debug] [scwx::qt::map::radar_product_layer] UpdateSweep()
[2026-05-17 18:53:24.123] [39347] [debug] [scwx::qt::map::radar_product_layer] Vertices buffered in 0.000000s
[2026-05-17 18:53:24.123] [39347] [debug] [scwx::qt::map::radar_product_layer] Data moments buffered in 0.000000s
[2026-05-17 18:53:24.125] [39347] [debug] [scwx::qt::map::radar_product_layer] UpdateColorTable()
[2026-05-17 18:53:24.125] [39347] [debug] [scwx::qt::map::radar_product_layer] UpdateSweep()
[2026-05-17 18:53:24.127] [39347] [debug] [scwx::qt::map::radar_product_layer] Vertices buffered in 0.000000s
[2026-05-17 18:53:24.127] [39347] [debug] [scwx::qt::map::radar_product_layer] Data moments buffered in 0.000000s
[2026-05-17 18:53:27.104] [39416] [debug] [scwx::provider::aws_level2_chunks_data_provider] Refresh() in 0.140000s
[2026-05-17 18:53:31.090] [39417] [debug] [scwx::provider::aws_level2_chunks_data_provider] Refresh() in 0.090000s
[2026-05-17 18:53:33.374] [39347] [debug] [scwx::qt::map::map_widget] Selecting radar site: KUEX
[2026-05-17 18:53:33.377] [39347] [debug] [scwx::qt::manager::radar_product_manager] UpdateAvailableProducts()
[2026-05-17 18:53:33.377] [39843] [debug] [scwx::provider::aws_level3_data_provider] ListProducts()
[2026-05-17 18:53:33.377] [39347] [debug] [scwx::qt::map::map_widget] Add Layers
[2026-05-17 18:53:33.378] [39347] [debug] [scwx::qt::map::radar_range_layer] Add()
[2026-05-17 18:53:33.378] [39844] [debug] [scwx::provider::aws_level3_data_provider] ListProducts()
[2026-05-17 18:53:33.380] [39347] [debug] [scwx::qt::map::map_widget] Selecting radar site: KUEX
[2026-05-17 18:53:33.380] [39347] [debug] [scwx::qt::map::map_widget] Add Layers
[2026-05-17 18:53:33.380] [39845] [debug] [scwx::provider::aws_level3_data_provider] ListProducts()
[2026-05-17 18:53:33.381] [39347] [debug] [scwx::qt::map::radar_range_layer] Add()
[2026-05-17 18:53:33.383] [39347] [debug] [scwx::qt::map::map_widget] Selecting radar site: KUEX
[2026-05-17 18:53:33.383] [39347] [debug] [scwx::qt::map::map_widget] Add Layers
[2026-05-17 18:53:33.383] [39846] [debug] [scwx::provider::aws_level3_data_provider] ListProducts()
[2026-05-17 18:53:33.383] [39347] [debug] [scwx::qt::map::radar_range_layer] Add()
[2026-05-17 18:53:33.386] [39347] [debug] [scwx::qt::map::map_widget] Selecting radar site: KUEX
[2026-05-17 18:53:33.386] [39347] [debug] [scwx::qt::manager::radar_product_manager] Disabling refresh: KINX, L3, NST
[2026-05-17 18:53:33.386] [39347] [debug] [scwx::qt::manager::radar_product_manager] Disabling refresh: KINX, L2
[2026-05-17 18:53:33.386] [39347] [debug] [scwx::qt::manager::radar_product_manager] Disabling refresh: KINX, L2
[2026-05-17 18:53:33.386] [39419] [debug] [scwx::qt::manager::radar_product_manager] [KINX, L3, NST] Data refresh timer cancelled
[2026-05-17 18:53:33.386] [39347] [debug] [scwx::qt::manager::radar_product_manager] Disabling refresh: KINX, L3, N0B
[2026-05-17 18:53:33.386] [39347] [debug] [scwx::qt::manager::radar_product_manager] Disabling refresh: KINX, L3, NST
[2026-05-17 18:53:33.386] [39415] [debug] [scwx::qt::manager::radar_product_manager] [KINX, L2] Data refresh timer cancelled
[2026-05-17 18:53:33.386] [39417] [debug] [scwx::qt::manager::radar_product_manager] [KINX, L2] Data refresh timer cancelled
[2026-05-17 18:53:33.438] [39347] [debug] [scwx::qt::map::map_widget] Add Layers
[2026-05-17 18:53:33.438] [39347] [debug] [scwx::qt::map::radar_range_layer] Add()
[2026-05-17 18:53:33.441] [39347] [debug] [scwx::qt::manager::timeline_manager] SetRadarSite: KUEX
[2026-05-17 18:53:33.441] [39347] [debug] [scwx::qt::manager::timeline_manager] Time updated: Live
[2026-05-17 18:53:33.441] [39347] [debug] [scwx::qt::manager::alert_manager] SetRadarSite: KUEX
[2026-05-17 18:53:33.441] [39347] [debug] [scwx::qt::manager::placefile_manager] SetRadarSite: KUEX
[2026-05-17 18:53:33.441] [39449] [debug] [scwx::qt::manager::radar_product_manager] Level 2 product times need populated: 1970-01-01 00:00:00 UTC
[2026-05-17 18:53:33.441] [39445] [debug] [scwx::qt::manager::radar_product_manager] Level 2 product times need populated: 1970-01-01 00:00:00 UTC
[2026-05-17 18:53:33.441] [39446] [debug] [scwx::qt::manager::radar_product_manager] Level 2 product times need populated: 1970-01-01 00:00:00 UTC
[2026-05-17 18:53:33.441] [39450] [debug] [scwx::qt::manager::radar_product_manager] Level 2 product times need populated: 1970-01-01 00:00:00 UTC
[2026-05-17 18:53:33.444] [39347] [debug] [scwx::qt::map::radar_product_layer] Deinitialize()
[2026-05-17 18:53:33.445] [39347] [debug] [scwx::qt::map::radar_product_layer] Initialize()
[2026-05-17 18:53:33.445] [39347] [debug] [scwx::qt::map::radar_product_layer] UpdateSweep()
[2026-05-17 18:53:33.447] [39347] [debug] [scwx::qt::map::radar_product_layer] Vertices buffered in 0.000000s
[2026-05-17 18:53:33.447] [39347] [debug] [scwx::qt::map::radar_product_layer] Data moments buffered in 0.000000s
[2026-05-17 18:53:33.448] [39347] [debug] [scwx::qt::map::radar_product_layer] CFP moments buffered in 0.000000s
[2026-05-17 18:53:33.448] [39347] [debug] [scwx::qt::map::radar_product_layer] UpdateColorTable()
[2026-05-17 18:53:33.448] [39347] [debug] [scwx::qt::map::alert_layer] Deinitialize: Severe Thunderstorm
[2026-05-17 18:53:33.452] [39347] [debug] [scwx::qt::map::alert_layer] Initialize: Severe Thunderstorm
[2026-05-17 18:53:33.470] [39347] [debug] [scwx::qt::map::alert_layer] Deinitialize: Tornado
[2026-05-17 18:53:33.471] [39347] [debug] [scwx::qt::map::alert_layer] Initialize: Tornado
[2026-05-17 18:53:33.472] [39347] [debug] [scwx::qt::map::marker_layer] Deinitialize()
[2026-05-17 18:53:33.473] [39347] [debug] [scwx::qt::map::marker_layer] Initialize()
[2026-05-17 18:53:33.473] [39347] [debug] [scwx::qt::map::marker_layer] ReloadMarkers()
[2026-05-17 18:53:33.473] [39347] [debug] [scwx::qt::map::radar_site_layer] Deinitialize()
[2026-05-17 18:53:33.473] [39347] [debug] [scwx::qt::map::radar_site_layer] Initialize()
[2026-05-17 18:53:33.473] [39347] [debug] [scwx::qt::map::color_table_layer] Deinitialize()
[2026-05-17 18:53:33.473] [39347] [debug] [scwx::qt::map::color_table_layer] Initialize()
[2026-05-17 18:53:33.473] [39347] [debug] [scwx::qt::map::overlay_layer] Deinitialize()
[2026-05-17 18:53:33.473] [39347] [debug] [scwx::qt::map::overlay_layer] Initialize()
[2026-05-17 18:53:33.473] [39347] [debug] [scwx::qt::util::texture_atlas] Loading image: :/res/textures/images/dot.svg
[2026-05-17 18:53:33.473] [39347] [debug] [scwx::qt::util::texture_atlas] Building 2048x2048 texture atlas
[2026-05-17 18:53:33.476] [39347] [debug] [scwx::qt::util::texture_atlas] Texture atlas built in 0.010000s
[2026-05-17 18:53:33.482] [39347] [debug] [scwx::qt::map::radar_product_layer] Deinitialize()
[2026-05-17 18:53:33.482] [39347] [debug] [scwx::qt::map::radar_product_layer] Initialize()
[2026-05-17 18:53:33.482] [39347] [debug] [scwx::qt::map::radar_product_layer] UpdateSweep()
[2026-05-17 18:53:33.483] [39347] [debug] [scwx::qt::map::radar_product_layer] Vertices buffered in 0.000000s
[2026-05-17 18:53:33.483] [39347] [debug] [scwx::qt::map::radar_product_layer] Data moments buffered in 0.000000s
[2026-05-17 18:53:33.483] [39347] [debug] [scwx::qt::map::radar_product_layer] UpdateColorTable()
[2026-05-17 18:53:33.483] [39347] [debug] [scwx::qt::map::alert_layer] Deinitialize: Marine
[2026-05-17 18:53:33.483] [39347] [debug] [scwx::qt::map::alert_layer] Initialize: Marine
[2026-05-17 18:53:33.485] [39347] [debug] [scwx::qt::map::marker_layer] Deinitialize()
[2026-05-17 18:53:33.485] [39347] [debug] [scwx::qt::map::marker_layer] Initialize()
[2026-05-17 18:53:33.485] [39347] [debug] [scwx::qt::map::marker_layer] ReloadMarkers()
[2026-05-17 18:53:33.485] [39347] [debug] [scwx::qt::map::radar_site_layer] Deinitialize()
[2026-05-17 18:53:33.485] [39347] [debug] [scwx::qt::map::radar_site_layer] Initialize()
[2026-05-17 18:53:33.486] [39347] [debug] [scwx::qt::map::color_table_layer] Deinitialize()
[2026-05-17 18:53:33.486] [39347] [debug] [scwx::qt::map::color_table_layer] Initialize()
[2026-05-17 18:53:33.486] [39347] [debug] [scwx::qt::map::overlay_layer] Deinitialize()
[2026-05-17 18:53:33.486] [39347] [debug] [scwx::qt::map::overlay_layer] Initialize()
[2026-05-17 18:53:33.486] [39347] [debug] [scwx::qt::util::texture_atlas] Loading image: :/res/textures/images/dot.svg
[2026-05-17 18:53:33.486] [39347] [debug] [scwx::qt::util::texture_atlas] Building 2048x2048 texture atlas
[2026-05-17 18:53:33.488] [39347] [debug] [scwx::qt::util::texture_atlas] Texture atlas built in 0.000000s
[2026-05-17 18:53:33.491] [39347] [debug] [scwx::qt::map::radar_product_layer] Deinitialize()
[2026-05-17 18:53:33.491] [39347] [debug] [scwx::qt::map::radar_product_layer] Initialize()
[2026-05-17 18:53:33.491] [39347] [debug] [scwx::qt::map::radar_product_layer] UpdateSweep()
[2026-05-17 18:53:33.493] [39347] [debug] [scwx::qt::map::radar_product_layer] Vertices buffered in 0.000000s
[2026-05-17 18:53:33.494] [39347] [debug] [scwx::qt::map::radar_product_layer] Data moments buffered in 0.000000s
[2026-05-17 18:53:33.494] [39347] [debug] [scwx::qt::map::radar_product_layer] UpdateColorTable()
[2026-05-17 18:53:33.494] [39347] [debug] [scwx::qt::map::marker_layer] Deinitialize()
[2026-05-17 18:53:33.494] [39347] [debug] [scwx::qt::map::marker_layer] Initialize()
[2026-05-17 18:53:33.494] [39347] [debug] [scwx::qt::map::marker_layer] ReloadMarkers()
[2026-05-17 18:53:33.494] [39347] [debug] [scwx::qt::map::radar_site_layer] Deinitialize()
[2026-05-17 18:53:33.494] [39347] [debug] [scwx::qt::map::radar_site_layer] Initialize()
[2026-05-17 18:53:33.495] [39347] [debug] [scwx::qt::map::color_table_layer] Deinitialize()
[2026-05-17 18:53:33.495] [39347] [debug] [scwx::qt::map::color_table_layer] Initialize()
[2026-05-17 18:53:33.495] [39347] [debug] [scwx::qt::map::overlay_layer] Deinitialize()
[2026-05-17 18:53:33.495] [39347] [debug] [scwx::qt::map::overlay_layer] Initialize()
[2026-05-17 18:53:33.495] [39347] [debug] [scwx::qt::util::texture_atlas] Loading image: :/res/textures/images/dot.svg
[2026-05-17 18:53:33.495] [39347] [debug] [scwx::qt::util::texture_atlas] Building 2048x2048 texture atlas
[2026-05-17 18:53:33.497] [39347] [debug] [scwx::qt::util::texture_atlas] Texture atlas built in 0.000000s
[2026-05-17 18:53:33.500] [39347] [debug] [scwx::qt::map::radar_product_layer] Deinitialize()
[2026-05-17 18:53:33.500] [39347] [debug] [scwx::qt::map::radar_product_layer] Initialize()
[2026-05-17 18:53:33.501] [39347] [debug] [scwx::qt::map::radar_product_layer] UpdateSweep()
[2026-05-17 18:53:33.511] [39347] [debug] [scwx::qt::map::radar_product_layer] Vertices buffered in 0.010000s
[2026-05-17 18:53:33.512] [39347] [debug] [scwx::qt::map::radar_product_layer] Data moments buffered in 0.000000s
[2026-05-17 18:53:33.512] [39347] [debug] [scwx::qt::map::radar_product_layer] UpdateColorTable()
[2026-05-17 18:53:33.512] [39347] [debug] [scwx::qt::map::marker_layer] Deinitialize()
[2026-05-17 18:53:33.512] [39347] [debug] [scwx::qt::map::marker_layer] Initialize()
[2026-05-17 18:53:33.512] [39347] [debug] [scwx::qt::map::marker_layer] ReloadMarkers()
[2026-05-17 18:53:33.513] [39347] [debug] [scwx::qt::map::radar_site_layer] Deinitialize()
[2026-05-17 18:53:33.513] [39347] [debug] [scwx::qt::map::radar_site_layer] Initialize()
[2026-05-17 18:53:33.513] [39347] [debug] [scwx::qt::map::color_table_layer] Deinitialize()
[2026-05-17 18:53:33.513] [39347] [debug] [scwx::qt::map::color_table_layer] Initialize()
[2026-05-17 18:53:33.513] [39347] [debug] [scwx::qt::map::overlay_layer] Deinitialize()
[2026-05-17 18:53:33.513] [39347] [debug] [scwx::qt::map::overlay_layer] Initialize()
[2026-05-17 18:53:33.513] [39347] [debug] [scwx::qt::util::texture_atlas] Loading image: :/res/textures/images/dot.svg
[2026-05-17 18:53:33.513] [39347] [debug] [scwx::qt::util::texture_atlas] Building 2048x2048 texture atlas
[2026-05-17 18:53:33.515] [39347] [debug] [scwx::qt::util::texture_atlas] Texture atlas built in 0.010000s
[2026-05-17 18:53:33.609] [39852] [debug] [scwx::provider::aws_nexrad_data_provider] Refresh()
[2026-05-17 18:53:33.609] [39852] [debug] [scwx::provider::aws_nexrad_data_provider] ListObjects: UEX_NST_2026_05_16_
[2026-05-17 18:53:33.609] [39846] [debug] [scwx::qt::manager::radar_product_manager] Populating product times: L2, ???, 1970-01-01 00:00:00 UTC
[2026-05-17 18:53:33.609] [39846] [debug] [scwx::provider::aws_nexrad_data_provider] ListObjects: 2026/05/16/KUEX/
[2026-05-17 18:53:33.609] [39565] [debug] [scwx::provider::aws_nexrad_data_provider] ListObjects: 2026/05/17/KUEX/
[2026-05-17 18:53:33.625] [39843] [debug] [scwx::qt::manager::radar_product_manager] Populating product times: L2, ???, 1970-01-01 00:00:00 UTC
[2026-05-17 18:53:33.625] [39843] [debug] [scwx::provider::aws_nexrad_data_provider] ListObjects: 2026/05/16/KUEX/
[2026-05-17 18:53:33.625] [39564] [debug] [scwx::provider::aws_nexrad_data_provider] ListObjects: 2026/05/17/KUEX/
[2026-05-17 18:53:33.634] [39844] [debug] [scwx::qt::manager::radar_product_manager] Populating product times: L2, ???, 1970-01-01 00:00:00 UTC
[2026-05-17 18:53:33.634] [39844] [debug] [scwx::provider::aws_nexrad_data_provider] ListObjects: 2026/05/16/KUEX/
[2026-05-17 18:53:33.634] [39560] [debug] [scwx::provider::aws_nexrad_data_provider] ListObjects: 2026/05/17/KUEX/
[2026-05-17 18:53:33.636] [39845] [debug] [scwx::qt::manager::radar_product_manager] Populating product times: L2, ???, 1970-01-01 00:00:00 UTC
[2026-05-17 18:53:33.636] [39845] [debug] [scwx::provider::aws_nexrad_data_provider] ListObjects: 2026/05/16/KUEX/
[2026-05-17 18:53:33.636] [39561] [debug] [scwx::provider::aws_nexrad_data_provider] ListObjects: 2026/05/17/KUEX/
[2026-05-17 18:53:33.639] [39848] [debug] [scwx::provider::aws_nexrad_data_provider] Refresh()
[2026-05-17 18:53:33.639] [39848] [debug] [scwx::provider::aws_nexrad_data_provider] ListObjects: 2026/05/16/KUEX/
[2026-05-17 18:53:33.735] [39852] [debug] [scwx::provider::aws_nexrad_data_provider] Found 212 objects
[2026-05-17 18:53:33.736] [39852] [debug] [scwx::provider::aws_nexrad_data_provider] ListObjects: UEX_NST_2026_05_17_
[2026-05-17 18:53:33.818] [39852] [debug] [scwx::provider::aws_nexrad_data_provider] Found 201 objects
[2026-05-17 18:53:33.818] [39852] [debug] [scwx::provider::aws_nexrad_data_provider] FindLatestKey()
[2026-05-17 18:53:33.818] [39347] [debug] [scwx::qt::view::overlay_product_view] Load Product: NST, 2026-05-17 23:46:40 UTC, true
[2026-05-17 18:53:33.818] [39347] [debug] [scwx::qt::view::overlay_product_view] Load Product: NST, 2026-05-17 23:46:40 UTC, true
[2026-05-17 18:53:33.818] [39347] [debug] [scwx::qt::view::overlay_product_view] Load Product: NST, 2026-05-17 23:46:40 UTC, true
[2026-05-17 18:53:33.818] [39347] [debug] [scwx::qt::view::overlay_product_view] Load Product: NST, 2026-05-17 23:46:40 UTC, true
[2026-05-17 18:53:33.818] [39409] [debug] [scwx::qt::manager::radar_product_manager] LoadLevel3Data: 2026-05-17 23:46:40 UTC
[2026-05-17 18:53:33.818] [39433] [debug] [scwx::qt::manager::radar_product_manager] LoadLevel3Data: 2026-05-17 23:46:40 UTC
[2026-05-17 18:53:33.818] [39437] [debug] [scwx::qt::manager::radar_product_manager] LoadLevel3Data: 2026-05-17 23:46:40 UTC
[2026-05-17 18:53:33.818] [39441] [debug] [scwx::qt::manager::radar_product_manager] LoadLevel3Data: 2026-05-17 23:46:40 UTC
[2026-05-17 18:53:33.841] [39846] [debug] [scwx::provider::aws_nexrad_data_provider] Found 83 objects
[2026-05-17 18:53:33.868] [39843] [debug] [scwx::provider::aws_nexrad_data_provider] Found 83 objects
[2026-05-17 18:53:33.875] [39848] [debug] [scwx::provider::aws_nexrad_data_provider] Found 83 objects
[2026-05-17 18:53:33.875] [39848] [debug] [scwx::provider::aws_nexrad_data_provider] ListObjects: 2026/05/17/KUEX/
[2026-05-17 18:53:33.878] [39844] [debug] [scwx::provider::aws_nexrad_data_provider] Found 83 objects
[2026-05-17 18:53:33.879] [39845] [debug] [scwx::provider::aws_nexrad_data_provider] Found 83 objects
[2026-05-17 18:53:33.916] [39564] [debug] [scwx::provider::aws_nexrad_data_provider] Found 274 objects
[2026-05-17 18:53:33.916] [39843] [debug] [scwx::qt::manager::radar_product_manager] Populating product times: L2, ???, 1970-01-01 00:00:00 UTC
[2026-05-17 18:53:33.916] [39843] [debug] [scwx::provider::aws_nexrad_data_provider] FindKey: 2026-05-17 23:46:40 UTC
[2026-05-17 18:53:33.937] [39561] [debug] [scwx::provider::aws_nexrad_data_provider] Found 274 objects
[2026-05-17 18:53:33.937] [39845] [debug] [scwx::qt::manager::radar_product_manager] Populating product times: L2, ???, 1970-01-01 00:00:00 UTC
[2026-05-17 18:53:33.946] [39560] [debug] [scwx::provider::aws_nexrad_data_provider] Found 274 objects
[2026-05-17 18:53:33.946] [39844] [debug] [scwx::qt::manager::radar_product_manager] Populating product times: L2, ???, 1970-01-01 00:00:00 UTC
[2026-05-17 18:53:33.965] [39565] [debug] [scwx::provider::aws_nexrad_data_provider] Found 274 objects
[2026-05-17 18:53:33.965] [39846] [debug] [scwx::qt::manager::radar_product_manager] Populating product times: L2, ???, 1970-01-01 00:00:00 UTC
[2026-05-17 18:53:33.988] [39843] [debug] [scwx::wsr88d::level3_file] Loading Data
[2026-05-17 18:53:33.988] [39843] [debug] [scwx::wsr88d::level3_file] Data Type: SD
[2026-05-17 18:53:33.988] [39843] [debug] [scwx::wsr88d::level3_file] ICAO:      KGID
[2026-05-17 18:53:33.988] [39843] [debug] [scwx::wsr88d::level3_file] Date/Time: 172346
[2026-05-17 18:53:33.988] [39843] [debug] [scwx::wsr88d::level3_file] Category:  NST
[2026-05-17 18:53:33.988] [39843] [debug] [scwx::wsr88d::level3_file] Site ID:   UEX
[2026-05-17 18:53:33.988] [39843] [debug] [scwx::wsr88d::rpg::level3_message_factory] Found Message 58
[2026-05-17 18:53:33.988] [39843] [debug] [scwx::wsr88d::rpg::graphic_product_message] Loading Blocks
[2026-05-17 18:53:33.988] [39843] [debug] [scwx::wsr88d::rpg::graphic_product_message] Product symbology block valid: true
[2026-05-17 18:53:33.988] [39843] [debug] [scwx::wsr88d::rpg::graphic_product_message] Graphic alphanumeric block valid: true
[2026-05-17 18:53:33.988] [39843] [debug] [scwx::wsr88d::rpg::graphic_product_message] Tabular alphanumeric block valid: true
[2026-05-17 18:53:33.990] [39843] [debug] [scwx::qt::manager::radar_product_manager] Initialize()
[2026-05-17 18:53:33.998] [39848] [debug] [scwx::provider::aws_nexrad_data_provider] Found 274 objects
[2026-05-17 18:53:33.998] [39848] [debug] [scwx::provider::aws_nexrad_data_provider] FindLatestKey()
[2026-05-17 18:53:34.018] [39843] [debug] [scwx::qt::manager::radar_product_manager] Coordinates (0.5 degree) calculated in 0.030000s
[2026-05-17 18:53:34.025] [39884] [debug] [scwx::provider::aws_nexrad_data_provider] ListObjects: 2026/05/17/KUEX/
[2026-05-17 18:53:34.045] [39843] [debug] [scwx::qt::manager::radar_product_manager] Coordinates (0.5 degree smooth) calculated in 0.030000s
[2026-05-17 18:53:34.060] [39843] [debug] [scwx::qt::manager::radar_product_manager] Coordinates (1 degree) calculated in 0.010000s
[2026-05-17 18:53:34.073] [39843] [debug] [scwx::qt::manager::radar_product_manager] Coordinates (1 degree smooth) calculated in 0.010000s
[2026-05-17 18:53:34.073] [39845] [debug] [scwx::qt::manager::radar_product_manager] Level 3 product previously loaded, loading from cache
[2026-05-17 18:53:34.073] [39844] [debug] [scwx::qt::manager::radar_product_manager] Level 3 product previously loaded, loading from cache
[2026-05-17 18:53:34.073] [39846] [debug] [scwx::qt::manager::radar_product_manager] Level 3 product previously loaded, loading from cache
[2026-05-17 18:53:34.106] [39884] [debug] [scwx::provider::aws_nexrad_data_provider] Found 274 objects
[2026-05-17 18:53:34.107] [39884] [debug] [scwx::provider::aws_nexrad_data_provider] FindKey: 2026-05-17 23:46:40 UTC
[2026-05-17 18:53:34.159] [39883] [debug] [scwx::wsr88d::ar2v_file] Loading Data
[2026-05-17 18:53:34.160] [39883] [debug] [scwx::wsr88d::ar2v_file] Filename:  AR2V0006.
[2026-05-17 18:53:34.160] [39883] [debug] [scwx::wsr88d::ar2v_file] Extension: 206
[2026-05-17 18:53:34.160] [39883] [debug] [scwx::wsr88d::ar2v_file] Date:      20591 (2026-05-17)
[2026-05-17 18:53:34.160] [39883] [debug] [scwx::wsr88d::ar2v_file] Time:      85948913 (23:52:28.913000000)
[2026-05-17 18:53:34.160] [39883] [debug] [scwx::wsr88d::ar2v_file] ICAO:      KUEX
[2026-05-17 18:53:34.594] [39884] [debug] [scwx::wsr88d::ar2v_file] Loading Data
[2026-05-17 18:53:34.594] [39884] [debug] [scwx::wsr88d::ar2v_file] Filename:  AR2V0006.
[2026-05-17 18:53:34.594] [39884] [debug] [scwx::wsr88d::ar2v_file] Extension: 205
[2026-05-17 18:53:34.594] [39884] [debug] [scwx::wsr88d::ar2v_file] Date:      20591 (2026-05-17)
[2026-05-17 18:53:34.594] [39884] [debug] [scwx::wsr88d::ar2v_file] Time:      85600987 (23:46:40.987000000)
[2026-05-17 18:53:34.594] [39884] [debug] [scwx::wsr88d::ar2v_file] ICAO:      KUEX
[2026-05-17 18:53:36.253] [39850] [debug] [scwx::provider::aws_level2_chunks_data_provider] Refresh() in 2.610000s
[2026-05-17 18:53:36.253] [39449] [debug] [scwx::qt::view::level2_product_view] Computing Sweep
[2026-05-17 18:53:36.253] [39449] [debug] [scwx::qt::view::level2_product_view] ComputeCoordinates()
[2026-05-17 18:53:36.256] [39446] [debug] [scwx::qt::view::level2_product_view] Computing Sweep
[2026-05-17 18:53:36.256] [39446] [debug] [scwx::qt::view::level2_product_view] ComputeCoordinates()
[2026-05-17 18:53:36.259] [39445] [debug] [scwx::qt::view::level2_product_view] Computing Sweep
[2026-05-17 18:53:36.259] [39445] [debug] [scwx::qt::view::level2_product_view] ComputeCoordinates()
[2026-05-17 18:53:36.259] [39450] [debug] [scwx::qt::view::level2_product_view] Computing Sweep
[2026-05-17 18:53:36.259] [39450] [debug] [scwx::qt::view::level2_product_view] ComputeCoordinates()
[2026-05-17 18:53:36.328] [39449] [debug] [scwx::qt::view::level2_product_view] Coordinates calculated in 0.080000s
[2026-05-17 18:53:36.360] [39450] [debug] [scwx::qt::view::level2_product_view] Coordinates calculated in 0.100000s
[2026-05-17 18:53:36.362] [39449] [debug] [scwx::qt::view::level2_product_view] Vertices calculated in 0.030000s
[2026-05-17 18:53:36.363] [39445] [debug] [scwx::qt::view::level2_product_view] Coordinates calculated in 0.100000s
[2026-05-17 18:53:36.369] [39446] [debug] [scwx::qt::view::level2_product_view] Coordinates calculated in 0.110000s
[2026-05-17 18:53:36.372] [39347] [debug] [scwx::qt::map::radar_product_layer] UpdateSweep()
[2026-05-17 18:53:36.378] [39347] [debug] [scwx::qt::map::radar_product_layer] Vertices buffered in 0.010000s
[2026-05-17 18:53:36.379] [39347] [debug] [scwx::qt::map::radar_product_layer] Data moments buffered in 0.000000s
[2026-05-17 18:53:36.382] [39450] [debug] [scwx::qt::view::level2_product_view] Vertices calculated in 0.020000s
[2026-05-17 18:53:36.384] [39347] [debug] [scwx::qt::map::radar_product_layer] UpdateSweep()
[2026-05-17 18:53:36.386] [39445] [debug] [scwx::qt::view::level2_product_view] Vertices calculated in 0.030000s
[2026-05-17 18:53:36.389] [39347] [debug] [scwx::qt::map::radar_product_layer] Vertices buffered in 0.000000s
[2026-05-17 18:53:36.389] [39446] [debug] [scwx::qt::view::level2_product_view] Vertices calculated in 0.020000s
[2026-05-17 18:53:36.390] [39347] [debug] [scwx::qt::map::radar_product_layer] Data moments buffered in 0.000000s
[2026-05-17 18:53:36.395] [39347] [debug] [scwx::qt::map::radar_product_layer] UpdateSweep()
[2026-05-17 18:53:36.399] [39347] [debug] [scwx::qt::map::radar_product_layer] Vertices buffered in 0.000000s
[2026-05-17 18:53:36.400] [39347] [debug] [scwx::qt::map::radar_product_layer] Data moments buffered in 0.000000s
[2026-05-17 18:53:36.400] [39347] [debug] [scwx::qt::map::radar_product_layer] CFP moments buffered in 0.000000s
[2026-05-17 18:53:36.401] [39347] [debug] [scwx::qt::map::radar_product_layer] UpdateSweep()
[2026-05-17 18:53:36.404] [39347] [debug] [scwx::qt::map::radar_product_layer] Vertices buffered in 0.000000s
[2026-05-17 18:53:36.405] [39347] [debug] [scwx::qt::map::radar_product_layer] Data moments buffered in 0.010000s
[2026-05-17 18:53:38.593] [39394] [debug] [scwx::provider::warnings_provider] Loading file: warnings_20260517_23.txt
[2026-05-17 18:53:39.480] [39849] [debug] [scwx::provider::aws_level2_chunks_data_provider] Refresh() in 0.230000s
[2026-05-17 18:53:43.040] [39347] [debug] [scwx::qt::map::alert_layer] Selected alert: KGID.TO.W.0007.2026
[2026-05-17 18:53:54.120] [39395] [debug] [scwx::provider::warnings_provider] Loading file: warnings_20260517_23.txt
[2026-05-17 18:54:00.491] [39849] [debug] [scwx::provider::aws_level2_chunks_data_provider] Refresh() in 1.010000s
[2026-05-17 18:54:03.716] [39849] [debug] [scwx::provider::aws_level2_chunks_data_provider] Refresh() in 0.230000s
[2026-05-17 18:54:09.632] [39394] [debug] [scwx::provider::warnings_provider] Loading file: warnings_20260517_23.txt
[2026-05-17 18:54:17.826] [39372] [debug] [scwx::provider::nws_api_provider] GetRadarStations
[2026-05-17 18:54:21.749] [39370] [debug] [scwx::network::ntp_client] Time offset updated: -0d 00:00:00.000087643
[2026-05-17 18:54:24.700] [39849] [debug] [scwx::provider::aws_level2_chunks_data_provider] Refresh() in 0.980000s
[2026-05-17 18:54:24.700] [39445] [debug] [scwx::qt::view::level2_product_view] Computing Sweep
[2026-05-17 18:54:24.700] [39445] [debug] [scwx::qt::view::level2_product_view] ComputeCoordinates()
[2026-05-17 18:54:24.704] [39449] [debug] [scwx::qt::view::level2_product_view] Computing Sweep
[2026-05-17 18:54:24.704] [39449] [debug] [scwx::qt::view::level2_product_view] ComputeCoordinates()
[2026-05-17 18:54:24.705] [39450] [debug] [scwx::qt::view::level2_product_view] Computing Sweep
[2026-05-17 18:54:24.705] [39450] [debug] [scwx::qt::view::level2_product_view] ComputeCoordinates()
[2026-05-17 18:54:24.707] [39446] [debug] [scwx::qt::view::level2_product_view] Computing Sweep
[2026-05-17 18:54:24.707] [39446] [debug] [scwx::qt::view::level2_product_view] ComputeCoordinates()
[2026-05-17 18:54:24.754] [39445] [debug] [scwx::qt::view::level2_product_view] Coordinates calculated in 0.060000s
[2026-05-17 18:54:24.792] [39445] [debug] [scwx::qt::view::level2_product_view] Vertices calculated in 0.030000s
[2026-05-17 18:54:24.798] [39446] [debug] [scwx::qt::view::level2_product_view] Coordinates calculated in 0.090000s
[2026-05-17 18:54:24.801] [39449] [debug] [scwx::qt::view::level2_product_view] Coordinates calculated in 0.100000s
[2026-05-17 18:54:24.804] [39450] [debug] [scwx::qt::view::level2_product_view] Coordinates calculated in 0.090000s
[2026-05-17 18:54:24.812] [39347] [debug] [scwx::qt::map::radar_product_layer] UpdateSweep()
[2026-05-17 18:54:24.815] [39446] [debug] [scwx::qt::view::level2_product_view] Vertices calculated in 0.020000s
[2026-05-17 18:54:24.818] [39347] [debug] [scwx::qt::map::radar_product_layer] Vertices buffered in 0.010000s
[2026-05-17 18:54:24.818] [39449] [debug] [scwx::qt::view::level2_product_view] Vertices calculated in 0.020000s
[2026-05-17 18:54:24.818] [39347] [debug] [scwx::qt::map::radar_product_layer] Data moments buffered in 0.000000s
[2026-05-17 18:54:24.818] [39347] [debug] [scwx::qt::map::radar_product_layer] CFP moments buffered in 0.000000s
[2026-05-17 18:54:24.820] [39450] [debug] [scwx::qt::view::level2_product_view] Vertices calculated in 0.020000s
[2026-05-17 18:54:24.822] [39347] [debug] [scwx::qt::map::radar_product_layer] UpdateSweep()
[2026-05-17 18:54:24.823] [39347] [debug] [scwx::qt::map::radar_product_layer] Vertices buffered in 0.000000s
[2026-05-17 18:54:24.823] [39347] [debug] [scwx::qt::map::radar_product_layer] Data moments buffered in 0.000000s
[2026-05-17 18:54:24.824] [39347] [debug] [scwx::qt::map::radar_product_layer] UpdateSweep()
[2026-05-17 18:54:24.825] [39347] [debug] [scwx::qt::map::radar_product_layer] Vertices buffered in 0.000000s
[2026-05-17 18:54:24.825] [39347] [debug] [scwx::qt::map::radar_product_layer] Data moments buffered in 0.000000s
[2026-05-17 18:54:24.827] [39347] [debug] [scwx::qt::map::radar_product_layer] UpdateSweep()
[2026-05-17 18:54:24.830] [39347] [debug] [scwx::qt::map::radar_product_layer] Vertices buffered in 0.000000s
[2026-05-17 18:54:24.831] [39347] [debug] [scwx::qt::map::radar_product_layer] Data moments buffered in 0.000000s
[2026-05-17 18:54:40.470] [39394] [debug] [scwx::provider::warnings_provider] Loading file: warnings_20260517_23.txt
[2026-05-17 18:54:45.497] [39850] [debug] [scwx::provider::aws_level2_chunks_data_provider] Refresh() in 0.800000s
[2026-05-17 18:54:45.499] [39446] [debug] [scwx::qt::view::level2_product_view] Computing Sweep
[2026-05-17 18:54:45.499] [39446] [debug] [scwx::qt::view::level2_product_view] ComputeCoordinates()
[2026-05-17 18:54:45.530] [39446] [debug] [scwx::qt::view::level2_product_view] Coordinates calculated in 0.030000s
[2026-05-17 18:54:45.540] [39446] [debug] [scwx::qt::view::level2_product_view] Vertices calculated in 0.010000s
[2026-05-17 18:54:45.541] [39347] [debug] [scwx::qt::map::radar_product_layer] UpdateSweep()
[2026-05-17 18:54:45.543] [39347] [debug] [scwx::qt::map::radar_product_layer] Vertices buffered in 0.000000s
[2026-05-17 18:54:45.543] [39347] [debug] [scwx::qt::map::radar_product_layer] Data moments buffered in 0.000000s
[2026-05-17 18:54:52.507] [39850] [debug] [scwx::provider::aws_level2_chunks_data_provider] Refresh() in 0.510000s
[2026-05-17 18:54:55.992] [39395] [debug] [scwx::provider::warnings_provider] Loading file: warnings_20260517_23.txt
[2026-05-17 18:55:11.511] [39394] [debug] [scwx::provider::warnings_provider] Loading file: warnings_20260517_23.txt
[2026-05-17 18:55:13.242] [39849] [debug] [scwx::provider::aws_level2_chunks_data_provider] Refresh() in 0.730000s
[2026-05-17 18:55:17.925] [39372] [debug] [scwx::provider::nws_api_provider] GetRadarStations
[2026-05-17 18:55:18.244] [39849] [debug] [scwx::provider::aws_level2_chunks_data_provider] Refresh() in 0.240000s
[2026-05-17 18:55:25.783] [39371] [debug] [scwx::network::ntp_client] Time offset updated: 0d 00:00:00.000602091
[2026-05-17 18:55:27.020] [39395] [debug] [scwx::provider::warnings_provider] Loading file: warnings_20260517_23.txt
[2026-05-17 18:55:39.285] [39850] [debug] [scwx::provider::aws_level2_chunks_data_provider] Refresh() in 1.050000s
[2026-05-17 18:55:39.286] [39445] [debug] [scwx::qt::view::level2_product_view] Computing Sweep
[2026-05-17 18:55:39.286] [39445] [debug] [scwx::qt::view::level2_product_view] ComputeCoordinates()
[2026-05-17 18:55:39.286] [39446] [debug] [scwx::qt::view::level2_product_view] Computing Sweep
[2026-05-17 18:55:39.286] [39446] [debug] [scwx::qt::view::level2_product_view] ComputeCoordinates()
[2026-05-17 18:55:39.287] [39450] [debug] [scwx::qt::view::level2_product_view] Computing Sweep
[2026-05-17 18:55:39.287] [39450] [debug] [scwx::qt::view::level2_product_view] ComputeCoordinates()
[2026-05-17 18:55:39.289] [39449] [debug] [scwx::qt::view::level2_product_view] Computing Sweep
[2026-05-17 18:55:39.289] [39449] [debug] [scwx::qt::view::level2_product_view] ComputeCoordinates()
[2026-05-17 18:55:39.370] [39445] [debug] [scwx::qt::view::level2_product_view] Coordinates calculated in 0.080000s
[2026-05-17 18:55:39.372] [39446] [debug] [scwx::qt::view::level2_product_view] Coordinates calculated in 0.080000s
[2026-05-17 18:55:39.382] [39449] [debug] [scwx::qt::view::level2_product_view] Coordinates calculated in 0.090000s
[2026-05-17 18:55:39.389] [39446] [debug] [scwx::qt::view::level2_product_view] Vertices calculated in 0.020000s
[2026-05-17 18:55:39.397] [39450] [debug] [scwx::qt::view::level2_product_view] Coordinates calculated in 0.110000s
[2026-05-17 18:55:39.402] [39445] [debug] [scwx::qt::view::level2_product_view] Vertices calculated in 0.030000s
[2026-05-17 18:55:39.403] [39449] [debug] [scwx::qt::view::level2_product_view] Vertices calculated in 0.020000s
[2026-05-17 18:55:39.408] [39450] [debug] [scwx::qt::view::level2_product_view] Vertices calculated in 0.010000s
[2026-05-17 18:55:40.052] [39347] [debug] [scwx::qt::map::radar_product_layer] UpdateSweep()
[2026-05-17 18:55:40.055] [39347] [debug] [scwx::qt::map::radar_product_layer] Vertices buffered in 0.010000s
[2026-05-17 18:55:40.056] [39347] [debug] [scwx::qt::map::radar_product_layer] Data moments buffered in 0.000000s
[2026-05-17 18:55:40.058] [39347] [debug] [scwx::qt::map::radar_product_layer] UpdateSweep()
[2026-05-17 18:55:40.059] [39347] [debug] [scwx::qt::map::radar_product_layer] Vertices buffered in 0.000000s
[2026-05-17 18:55:40.059] [39347] [debug] [scwx::qt::map::radar_product_layer] Data moments buffered in 0.000000s
[2026-05-17 18:55:40.060] [39347] [debug] [scwx::qt::map::radar_product_layer] UpdateSweep()
[2026-05-17 18:55:40.064] [39347] [debug] [scwx::qt::map::radar_product_layer] Vertices buffered in 0.000000s
[2026-05-17 18:55:40.064] [39347] [debug] [scwx::qt::map::radar_product_layer] Data moments buffered in 0.000000s
[2026-05-17 18:55:40.065] [39347] [debug] [scwx::qt::map::radar_product_layer] UpdateSweep()
[2026-05-17 18:55:40.069] [39347] [debug] [scwx::qt::map::radar_product_layer] Vertices buffered in 0.000000s
[2026-05-17 18:55:40.069] [39347] [debug] [scwx::qt::map::radar_product_layer] Data moments buffered in 0.000000s
[2026-05-17 18:55:40.069] [39347] [debug] [scwx::qt::map::radar_product_layer] CFP moments buffered in 0.000000s
[2026-05-17 18:56:00.111] [39849] [debug] [scwx::provider::aws_level2_chunks_data_provider] Refresh() in 0.820000s
[2026-05-17 18:56:00.158] [39446] [debug] [scwx::qt::view::level2_product_view] Computing Sweep
[2026-05-17 18:56:00.158] [39446] [debug] [scwx::qt::view::level2_product_view] ComputeCoordinates()
[2026-05-17 18:56:00.186] [39446] [debug] [scwx::qt::view::level2_product_view] Coordinates calculated in 0.030000s
[2026-05-17 18:56:00.194] [39446] [debug] [scwx::qt::view::level2_product_view] Vertices calculated in 0.000000s
[2026-05-17 18:56:01.051] [39347] [debug] [scwx::qt::map::radar_product_layer] UpdateSweep()
[2026-05-17 18:56:01.054] [39347] [debug] [scwx::qt::map::radar_product_layer] Vertices buffered in 0.000000s
[2026-05-17 18:56:01.054] [39347] [debug] [scwx::qt::map::radar_product_layer] Data moments buffered in 0.000000s
[2026-05-17 18:56:04.230] [39849] [debug] [scwx::provider::aws_level2_chunks_data_provider] Refresh() in 0.230000s
[2026-05-17 18:56:18.031] [39372] [debug] [scwx::provider::nws_api_provider] GetRadarStations
[2026-05-17 18:56:24.874] [39850] [debug] [scwx::provider::aws_level2_chunks_data_provider] Refresh() in 0.640000s
[2026-05-17 18:56:29.812] [39370] [debug] [scwx::network::ntp_client] Time offset updated: -0d 00:00:00.002312848
[2026-05-17 18:56:45.597] [39850] [debug] [scwx::provider::aws_level2_chunks_data_provider] Refresh() in 0.730000s
[2026-05-17 18:56:59.170] [39395] [debug] [scwx::provider::warnings_provider] Loading file: warnings_20260517_23.txt
[2026-05-17 18:57:06.497] [39849] [debug] [scwx::provider::aws_level2_chunks_data_provider] Refresh() in 0.900000s
[2026-05-17 18:57:06.497] [39445] [debug] [scwx::qt::view::level2_product_view] Computing Sweep
[2026-05-17 18:57:06.497] [39445] [debug] [scwx::qt::view::level2_product_view] ComputeCoordinates()
[2026-05-17 18:57:06.497] [39449] [debug] [scwx::qt::view::level2_product_view] Computing Sweep
[2026-05-17 18:57:06.497] [39449] [debug] [scwx::qt::view::level2_product_view] ComputeCoordinates()
[2026-05-17 18:57:06.500] [39450] [debug] [scwx::qt::view::level2_product_view] Computing Sweep
[2026-05-17 18:57:06.500] [39450] [debug] [scwx::qt::view::level2_product_view] ComputeCoordinates()
[2026-05-17 18:57:06.552] [39445] [debug] [scwx::qt::view::level2_product_view] Coordinates calculated in 0.050000s
[2026-05-17 18:57:06.574] [39449] [debug] [scwx::qt::view::level2_product_view] Coordinates calculated in 0.080000s
[2026-05-17 18:57:06.575] [39445] [debug] [scwx::qt::view::level2_product_view] Vertices calculated in 0.030000s
[2026-05-17 18:57:06.581] [39450] [debug] [scwx::qt::view::level2_product_view] Coordinates calculated in 0.080000s
[2026-05-17 18:57:06.588] [39449] [debug] [scwx::qt::view::level2_product_view] Vertices calculated in 0.010000s
[2026-05-17 18:57:06.592] [39450] [debug] [scwx::qt::view::level2_product_view] Vertices calculated in 0.010000s
[2026-05-17 18:57:07.051] [39347] [debug] [scwx::qt::map::radar_product_layer] UpdateSweep()
[2026-05-17 18:57:07.054] [39347] [debug] [scwx::qt::map::radar_product_layer] Vertices buffered in 0.000000s
[2026-05-17 18:57:07.055] [39347] [debug] [scwx::qt::map::radar_product_layer] Data moments buffered in 0.010000s
[2026-05-17 18:57:07.057] [39347] [debug] [scwx::qt::map::radar_product_layer] UpdateSweep()
[2026-05-17 18:57:07.057] [39347] [debug] [scwx::qt::map::radar_product_layer] Vertices buffered in 0.000000s
[2026-05-17 18:57:07.058] [39347] [debug] [scwx::qt::map::radar_product_layer] Data moments buffered in 0.000000s
[2026-05-17 18:57:07.059] [39347] [debug] [scwx::qt::map::radar_product_layer] UpdateSweep()
[2026-05-17 18:57:07.063] [39347] [debug] [scwx::qt::map::radar_product_layer] Vertices buffered in 0.000000s
[2026-05-17 18:57:07.064] [39347] [debug] [scwx::qt::map::radar_product_layer] Data moments buffered in 0.000000s
[2026-05-17 18:57:07.064] [39347] [debug] [scwx::qt::map::radar_product_layer] CFP moments buffered in 0.000000s
[2026-05-17 18:57:09.727] [39850] [debug] [scwx::provider::aws_level2_chunks_data_provider] Refresh() in 0.230000s
[2026-05-17 18:57:09.728] [39446] [debug] [scwx::qt::view::level2_product_view] Computing Sweep
[2026-05-17 18:57:09.728] [39446] [debug] [scwx::qt::view::level2_product_view] ComputeCoordinates()
[2026-05-17 18:57:09.754] [39446] [debug] [scwx::qt::view::level2_product_view] Coordinates calculated in 0.020000s
[2026-05-17 18:57:09.763] [39446] [debug] [scwx::qt::view::level2_product_view] Vertices calculated in 0.010000s
[2026-05-17 18:57:10.050] [39347] [debug] [scwx::qt::map::radar_product_layer] UpdateSweep()
[2026-05-17 18:57:10.054] [39347] [debug] [scwx::qt::map::radar_product_layer] Vertices buffered in 0.000000s
[2026-05-17 18:57:10.055] [39347] [debug] [scwx::qt::map::radar_product_layer] Data moments buffered in 0.010000s
[2026-05-17 18:57:14.673] [39394] [debug] [scwx::provider::warnings_provider] Loading file: warnings_20260517_23.txt
[2026-05-17 18:57:18.141] [39372] [debug] [scwx::provider::nws_api_provider] GetRadarStations
[2026-05-17 18:57:30.173] [39395] [debug] [scwx::provider::warnings_provider] Loading file: warnings_20260517_23.txt
[2026-05-17 18:57:30.469] [39850] [debug] [scwx::provider::aws_level2_chunks_data_provider] Refresh() in 0.740000s
[2026-05-17 18:57:30.471] [39446] [debug] [scwx::qt::view::level2_product_view] Computing Sweep
[2026-05-17 18:57:30.471] [39446] [debug] [scwx::qt::view::level2_product_view] ComputeCoordinates()
[2026-05-17 18:57:30.501] [39446] [debug] [scwx::qt::view::level2_product_view] Coordinates calculated in 0.030000s
[2026-05-17 18:57:30.509] [39446] [debug] [scwx::qt::view::level2_product_view] Vertices calculated in 0.010000s
[2026-05-17 18:57:31.050] [39347] [debug] [scwx::qt::map::radar_product_layer] UpdateSweep()
[2026-05-17 18:57:31.053] [39347] [debug] [scwx::qt::map::radar_product_layer] Vertices buffered in 0.000000s
[2026-05-17 18:57:31.054] [39347] [debug] [scwx::qt::map::radar_product_layer] Data moments buffered in 0.000000s
[2026-05-17 18:57:33.603] [39850] [debug] [scwx::provider::aws_level2_chunks_data_provider] Refresh() in 0.130000s
[2026-05-17 18:57:33.844] [39371] [debug] [scwx::network::ntp_client] Time offset updated: 0d 00:00:00.001363362
[2026-05-17 18:57:45.690] [39394] [debug] [scwx::provider::warnings_provider] Loading file: warnings_20260517_23.txt
[2026-05-17 18:57:54.248] [39850] [debug] [scwx::provider::aws_level2_chunks_data_provider] Refresh() in 0.650000s
[2026-05-17 18:58:00.221] [39849] [debug] [scwx::provider::aws_level2_chunks_data_provider] Refresh() in 0.220000s
[2026-05-17 18:58:01.209] [39395] [debug] [scwx::provider::warnings_provider] Loading file: warnings_20260517_23.txt
[2026-05-17 18:58:10.999] [39847] [debug] [scwx::provider::aws_nexrad_data_provider] Refresh()
[2026-05-17 18:58:10.999] [39847] [debug] [scwx::provider::aws_nexrad_data_provider] ListObjects: 2026/05/17/KUEX/
[2026-05-17 18:58:11.345] [39847] [debug] [scwx::provider::aws_nexrad_data_provider] Found 274 objects
[2026-05-17 18:58:11.345] [39847] [debug] [scwx::provider::aws_nexrad_data_provider] FindLatestKey()
[2026-05-17 18:58:13.999] [39851] [debug] [scwx::provider::aws_nexrad_data_provider] Refresh()
[2026-05-17 18:58:13.999] [39851] [debug] [scwx::provider::aws_nexrad_data_provider] ListObjects: UEX_NST_2026_05_17_
[2026-05-17 18:58:14.262] [39851] [debug] [scwx::provider::aws_nexrad_data_provider] Found 201 objects
[2026-05-17 18:58:14.262] [39851] [debug] [scwx::provider::aws_nexrad_data_provider] FindLatestKey()
[2026-05-17 18:58:18.236] [39372] [debug] [scwx::provider::nws_api_provider] GetRadarStations
[2026-05-17 18:58:20.739] [39850] [debug] [scwx::provider::aws_level2_chunks_data_provider] Refresh() in 0.520000s
[2026-05-17 18:58:24.042] [42702] [debug] [scwx::wsr88d::ar2v_file] Loading Data
[2026-05-17 18:58:24.042] [42702] [debug] [scwx::wsr88d::ar2v_file] Filename:  AR2V0006.
[2026-05-17 18:58:24.042] [42702] [debug] [scwx::wsr88d::ar2v_file] Extension: 207
[2026-05-17 18:58:24.042] [42702] [debug] [scwx::wsr88d::ar2v_file] Date:      20591 (2026-05-17)
[2026-05-17 18:58:24.042] [42702] [debug] [scwx::wsr88d::ar2v_file] Time:      86300776 (23:58:20.776000000)
[2026-05-17 18:58:24.042] [42702] [debug] [scwx::wsr88d::ar2v_file] ICAO:      KUEX
[2026-05-17 18:58:24.043] [39849] [debug] [scwx::provider::aws_level2_chunks_data_provider] Refresh() in 0.300000s
[2026-05-17 18:58:26.346] [39847] [debug] [scwx::provider::aws_nexrad_data_provider] Refresh()
[2026-05-17 18:58:26.346] [39847] [debug] [scwx::provider::aws_nexrad_data_provider] ListObjects: 2026/05/17/KUEX/
[2026-05-17 18:58:26.623] [39847] [debug] [scwx::provider::aws_nexrad_data_provider] Found 275 objects
[2026-05-17 18:58:26.623] [39847] [debug] [scwx::provider::aws_nexrad_data_provider] FindLatestKey()
[2026-05-17 18:58:26.627] [39845] [debug] [scwx::provider::aws_nexrad_data_provider] FindKey: 2026-05-17 23:52:28 UTC
[2026-05-17 18:58:27.068] [39845] [debug] [scwx::wsr88d::ar2v_file] Loading Data
[2026-05-17 18:58:27.068] [39845] [debug] [scwx::wsr88d::ar2v_file] Filename:  AR2V0006.
[2026-05-17 18:58:27.068] [39845] [debug] [scwx::wsr88d::ar2v_file] Extension: 206
[2026-05-17 18:58:27.068] [39845] [debug] [scwx::wsr88d::ar2v_file] Date:      20591 (2026-05-17)
[2026-05-17 18:58:27.068] [39845] [debug] [scwx::wsr88d::ar2v_file] Time:      85948913 (23:52:28.913000000)
[2026-05-17 18:58:27.068] [39845] [debug] [scwx::wsr88d::ar2v_file] ICAO:      KUEX
[2026-05-17 18:58:28.066] [39843] [debug] [scwx::qt::manager::radar_product_manager] Level 2 product previously loaded, loading from cache
[2026-05-17 18:58:28.066] [39844] [debug] [scwx::qt::manager::radar_product_manager] Level 2 product previously loaded, loading from cache
[2026-05-17 18:58:28.066] [39846] [debug] [scwx::qt::manager::radar_product_manager] Level 2 product previously loaded, loading from cache
[2026-05-17 18:58:29.262] [39852] [debug] [scwx::provider::aws_nexrad_data_provider] Refresh()
[2026-05-17 18:58:29.262] [39852] [debug] [scwx::provider::aws_nexrad_data_provider] ListObjects: UEX_NST_2026_05_17_
[2026-05-17 18:58:29.507] [39852] [debug] [scwx::provider::aws_nexrad_data_provider] Found 202 objects
[2026-05-17 18:58:29.507] [39852] [debug] [scwx::provider::aws_nexrad_data_provider] FindLatestKey()
[2026-05-17 18:58:29.508] [39347] [debug] [scwx::qt::view::overlay_product_view] Load Product: NST, 2026-05-17 23:52:28 UTC, true
[2026-05-17 18:58:29.508] [39347] [debug] [scwx::qt::view::overlay_product_view] Load Product: NST, 2026-05-17 23:52:28 UTC, true
[2026-05-17 18:58:29.508] [39347] [debug] [scwx::qt::view::overlay_product_view] Load Product: NST, 2026-05-17 23:52:28 UTC, true
[2026-05-17 18:58:29.508] [39347] [debug] [scwx::qt::view::overlay_product_view] Load Product: NST, 2026-05-17 23:52:28 UTC, true
[2026-05-17 18:58:29.508] [39409] [debug] [scwx::qt::manager::radar_product_manager] LoadLevel3Data: 2026-05-17 23:52:28 UTC
[2026-05-17 18:58:29.508] [39433] [debug] [scwx::qt::manager::radar_product_manager] LoadLevel3Data: 2026-05-17 23:52:28 UTC
[2026-05-17 18:58:29.508] [39437] [debug] [scwx::qt::manager::radar_product_manager] LoadLevel3Data: 2026-05-17 23:52:28 UTC
[2026-05-17 18:58:29.508] [39441] [debug] [scwx::qt::manager::radar_product_manager] LoadLevel3Data: 2026-05-17 23:52:28 UTC
[2026-05-17 18:58:29.508] [39845] [debug] [scwx::provider::aws_nexrad_data_provider] FindKey: 2026-05-17 23:52:28 UTC
[2026-05-17 18:58:29.580] [39845] [debug] [scwx::wsr88d::level3_file] Loading Data
[2026-05-17 18:58:29.580] [39845] [debug] [scwx::wsr88d::level3_file] Data Type: SD
[2026-05-17 18:58:29.580] [39845] [debug] [scwx::wsr88d::level3_file] ICAO:      KGID
[2026-05-17 18:58:29.580] [39845] [debug] [scwx::wsr88d::level3_file] Date/Time: 172352
[2026-05-17 18:58:29.580] [39845] [debug] [scwx::wsr88d::level3_file] Category:  NST
[2026-05-17 18:58:29.580] [39845] [debug] [scwx::wsr88d::level3_file] Site ID:   UEX
[2026-05-17 18:58:29.580] [39845] [debug] [scwx::wsr88d::rpg::level3_message_factory] Found Message 58
[2026-05-17 18:58:29.580] [39845] [debug] [scwx::wsr88d::rpg::graphic_product_message] Loading Blocks
[2026-05-17 18:58:29.580] [39845] [debug] [scwx::wsr88d::rpg::graphic_product_message] Product symbology block valid: true
[2026-05-17 18:58:29.580] [39845] [debug] [scwx::wsr88d::rpg::graphic_product_message] Graphic alphanumeric block valid: true
[2026-05-17 18:58:29.580] [39845] [debug] [scwx::wsr88d::rpg::graphic_product_message] Tabular alphanumeric block valid: true
[2026-05-17 18:58:29.580] [39843] [debug] [scwx::qt::manager::radar_product_manager] Level 3 product previously loaded, loading from cache
[2026-05-17 18:58:29.580] [39844] [debug] [scwx::qt::manager::radar_product_manager] Level 3 product previously loaded, loading from cache
[2026-05-17 18:58:29.580] [39846] [debug] [scwx::qt::manager::radar_product_manager] Level 3 product previously loaded, loading from cache
[2026-05-17 18:58:35.391] [39347] [debug] [scwx::qt::map::map_widget] Selecting radar site: KGLD
[2026-05-17 18:58:35.393] [39347] [debug] [scwx::qt::manager::radar_product_manager] UpdateAvailableProducts()
[2026-05-17 18:58:35.393] [42809] [debug] [scwx::provider::aws_level3_data_provider] ListProducts()
[2026-05-17 18:58:35.393] [39347] [debug] [scwx::qt::map::map_widget] Add Layers
[2026-05-17 18:58:35.394] [42810] [debug] [scwx::provider::aws_level3_data_provider] ListProducts()
[2026-05-17 18:58:35.395] [39347] [debug] [scwx::qt::map::radar_range_layer] Add()
[2026-05-17 18:58:35.397] [39347] [debug] [scwx::qt::map::map_widget] Selecting radar site: KGLD
[2026-05-17 18:58:35.397] [39347] [debug] [scwx::qt::map::map_widget] Add Layers
[2026-05-17 18:58:35.397] [42811] [debug] [scwx::provider::aws_level3_data_provider] ListProducts()
[2026-05-17 18:58:35.398] [39347] [debug] [scwx::qt::map::radar_range_layer] Add()
[2026-05-17 18:58:35.400] [39347] [debug] [scwx::qt::map::map_widget] Selecting radar site: KGLD
[2026-05-17 18:58:35.400] [39347] [debug] [scwx::qt::map::map_widget] Add Layers
[2026-05-17 18:58:35.400] [42812] [debug] [scwx::provider::aws_level3_data_provider] ListProducts()
[2026-05-17 18:58:35.400] [39347] [debug] [scwx::qt::map::radar_range_layer] Add()
[2026-05-17 18:58:35.403] [39347] [debug] [scwx::qt::map::map_widget] Selecting radar site: KGLD
[2026-05-17 18:58:35.403] [39347] [debug] [scwx::qt::manager::radar_product_manager] Disabling refresh: KUEX, L3, NST
[2026-05-17 18:58:35.403] [39347] [debug] [scwx::qt::manager::radar_product_manager] Disabling refresh: KUEX, L2
[2026-05-17 18:58:35.403] [39347] [debug] [scwx::qt::manager::radar_product_manager] Disabling refresh: KUEX, L2
[2026-05-17 18:58:35.403] [39852] [debug] [scwx::qt::manager::radar_product_manager] [KUEX, L3, NST] Data refresh timer cancelled
[2026-05-17 18:58:35.403] [39347] [debug] [scwx::qt::manager::radar_product_manager] Disabling refresh: KUEX, L3, N0B
[2026-05-17 18:58:35.403] [39347] [debug] [scwx::qt::manager::radar_product_manager] Disabling refresh: KUEX, L3, NST
[2026-05-17 18:58:35.403] [39847] [debug] [scwx::qt::manager::radar_product_manager] [KUEX, L2] Data refresh timer cancelled
[2026-05-17 18:58:35.403] [39849] [debug] [scwx::qt::manager::radar_product_manager] [KUEX, L2] Data refresh timer cancelled
[2026-05-17 18:58:35.466] [39347] [debug] [scwx::qt::map::map_widget] Add Layers
[2026-05-17 18:58:35.466] [39347] [debug] [scwx::qt::map::radar_range_layer] Add()
[2026-05-17 18:58:35.469] [39347] [debug] [scwx::qt::manager::timeline_manager] SetRadarSite: KGLD
[2026-05-17 18:58:35.469] [39347] [debug] [scwx::qt::manager::timeline_manager] Time updated: Live
[2026-05-17 18:58:35.469] [39347] [debug] [scwx::qt::manager::alert_manager] SetRadarSite: KGLD
[2026-05-17 18:58:35.469] [39347] [debug] [scwx::qt::manager::placefile_manager] SetRadarSite: KGLD
[2026-05-17 18:58:35.469] [39450] [debug] [scwx::qt::manager::radar_product_manager] Level 2 product times need populated: 1970-01-01 00:00:00 UTC
[2026-05-17 18:58:35.469] [39445] [debug] [scwx::qt::manager::radar_product_manager] Level 2 product times need populated: 1970-01-01 00:00:00 UTC
[2026-05-17 18:58:35.469] [39446] [debug] [scwx::qt::manager::radar_product_manager] Level 2 product times need populated: 1970-01-01 00:00:00 UTC
[2026-05-17 18:58:35.469] [39449] [debug] [scwx::qt::manager::radar_product_manager] Level 2 product times need populated: 1970-01-01 00:00:00 UTC
[2026-05-17 18:58:35.471] [39347] [debug] [scwx::qt::manager::timeline_manager] SetDateTime: 2026-05-17 23:53:00 UTC
[2026-05-17 18:58:35.473] [39347] [debug] [scwx::qt::map::radar_product_layer] Deinitialize()
[2026-05-17 18:58:35.473] [39347] [debug] [scwx::qt::map::radar_product_layer] Initialize()
[2026-05-17 18:58:35.473] [39347] [debug] [scwx::qt::map::radar_product_layer] UpdateSweep()
[2026-05-17 18:58:35.477] [39347] [debug] [scwx::qt::map::radar_product_layer] Vertices buffered in 0.010000s
[2026-05-17 18:58:35.477] [39347] [debug] [scwx::qt::map::radar_product_layer] Data moments buffered in 0.000000s
[2026-05-17 18:58:35.478] [39347] [debug] [scwx::qt::map::radar_product_layer] CFP moments buffered in 0.000000s
[2026-05-17 18:58:35.478] [39347] [debug] [scwx::qt::map::radar_product_layer] UpdateColorTable()
[2026-05-17 18:58:35.478] [39347] [debug] [scwx::qt::map::alert_layer] Deinitialize: Severe Thunderstorm
[2026-05-17 18:58:35.482] [39347] [debug] [scwx::qt::map::alert_layer] Initialize: Severe Thunderstorm
[2026-05-17 18:58:35.503] [39347] [debug] [scwx::qt::map::alert_layer] Deinitialize: Tornado
[2026-05-17 18:58:35.503] [39347] [debug] [scwx::qt::map::alert_layer] Initialize: Tornado
[2026-05-17 18:58:35.504] [39347] [debug] [scwx::qt::map::marker_layer] Deinitialize()
[2026-05-17 18:58:35.505] [39347] [debug] [scwx::qt::map::marker_layer] Initialize()
[2026-05-17 18:58:35.505] [39347] [debug] [scwx::qt::map::marker_layer] ReloadMarkers()
[2026-05-17 18:58:35.505] [39347] [debug] [scwx::qt::map::radar_site_layer] Deinitialize()
[2026-05-17 18:58:35.505] [39347] [debug] [scwx::qt::map::radar_site_layer] Initialize()
[2026-05-17 18:58:35.505] [39347] [debug] [scwx::qt::map::color_table_layer] Deinitialize()
[2026-05-17 18:58:35.505] [39347] [debug] [scwx::qt::map::color_table_layer] Initialize()
[2026-05-17 18:58:35.505] [39347] [debug] [scwx::qt::map::overlay_layer] Deinitialize()
[2026-05-17 18:58:35.505] [39347] [debug] [scwx::qt::map::overlay_layer] Initialize()
[2026-05-17 18:58:35.505] [39347] [debug] [scwx::qt::util::texture_atlas] Loading image: :/res/textures/images/dot.svg
[2026-05-17 18:58:35.505] [39347] [debug] [scwx::qt::util::texture_atlas] Building 2048x2048 texture atlas
[2026-05-17 18:58:35.508] [39347] [debug] [scwx::qt::util::texture_atlas] Texture atlas built in 0.000000s
[2026-05-17 18:58:35.514] [39347] [debug] [scwx::qt::map::radar_product_layer] Deinitialize()
[2026-05-17 18:58:35.514] [39347] [debug] [scwx::qt::map::radar_product_layer] Initialize()
[2026-05-17 18:58:35.514] [39347] [debug] [scwx::qt::map::radar_product_layer] UpdateSweep()
[2026-05-17 18:58:35.515] [39347] [debug] [scwx::qt::map::radar_product_layer] Vertices buffered in 0.010000s
[2026-05-17 18:58:35.515] [39347] [debug] [scwx::qt::map::radar_product_layer] Data moments buffered in 0.000000s
[2026-05-17 18:58:35.515] [39347] [debug] [scwx::qt::map::radar_product_layer] UpdateColorTable()
[2026-05-17 18:58:35.515] [39347] [debug] [scwx::qt::map::alert_layer] Deinitialize: Marine
[2026-05-17 18:58:35.515] [39347] [debug] [scwx::qt::map::alert_layer] Initialize: Marine
[2026-05-17 18:58:35.517] [39347] [debug] [scwx::qt::map::marker_layer] Deinitialize()
[2026-05-17 18:58:35.517] [39347] [debug] [scwx::qt::map::marker_layer] Initialize()
[2026-05-17 18:58:35.517] [39347] [debug] [scwx::qt::map::marker_layer] ReloadMarkers()
[2026-05-17 18:58:35.517] [39347] [debug] [scwx::qt::map::radar_site_layer] Deinitialize()
[2026-05-17 18:58:35.517] [39347] [debug] [scwx::qt::map::radar_site_layer] Initialize()
[2026-05-17 18:58:35.518] [39347] [debug] [scwx::qt::map::color_table_layer] Deinitialize()
[2026-05-17 18:58:35.518] [39347] [debug] [scwx::qt::map::color_table_layer] Initialize()
[2026-05-17 18:58:35.518] [39347] [debug] [scwx::qt::map::overlay_layer] Deinitialize()
[2026-05-17 18:58:35.518] [39347] [debug] [scwx::qt::map::overlay_layer] Initialize()
[2026-05-17 18:58:35.518] [39347] [debug] [scwx::qt::util::texture_atlas] Loading image: :/res/textures/images/dot.svg
[2026-05-17 18:58:35.518] [39347] [debug] [scwx::qt::util::texture_atlas] Building 2048x2048 texture atlas
[2026-05-17 18:58:35.520] [39347] [debug] [scwx::qt::util::texture_atlas] Texture atlas built in 0.000000s
[2026-05-17 18:58:35.523] [39347] [debug] [scwx::qt::map::radar_product_layer] Deinitialize()
[2026-05-17 18:58:35.523] [39347] [debug] [scwx::qt::map::radar_product_layer] Initialize()
[2026-05-17 18:58:35.523] [39347] [debug] [scwx::qt::map::radar_product_layer] UpdateSweep()
[2026-05-17 18:58:35.524] [39347] [debug] [scwx::qt::map::radar_product_layer] Vertices buffered in 0.000000s
[2026-05-17 18:58:35.524] [39347] [debug] [scwx::qt::map::radar_product_layer] Data moments buffered in 0.000000s
[2026-05-17 18:58:35.524] [39347] [debug] [scwx::qt::map::radar_product_layer] UpdateColorTable()
[2026-05-17 18:58:35.524] [39347] [debug] [scwx::qt::map::marker_layer] Deinitialize()
[2026-05-17 18:58:35.525] [39347] [debug] [scwx::qt::map::marker_layer] Initialize()
[2026-05-17 18:58:35.525] [39347] [debug] [scwx::qt::map::marker_layer] ReloadMarkers()
[2026-05-17 18:58:35.525] [39347] [debug] [scwx::qt::map::radar_site_layer] Deinitialize()
[2026-05-17 18:58:35.525] [39347] [debug] [scwx::qt::map::radar_site_layer] Initialize()
[2026-05-17 18:58:35.525] [39347] [debug] [scwx::qt::map::color_table_layer] Deinitialize()
[2026-05-17 18:58:35.525] [39347] [debug] [scwx::qt::map::color_table_layer] Initialize()
[2026-05-17 18:58:35.525] [39347] [debug] [scwx::qt::map::overlay_layer] Deinitialize()
[2026-05-17 18:58:35.525] [39347] [debug] [scwx::qt::map::overlay_layer] Initialize()
[2026-05-17 18:58:35.526] [39347] [debug] [scwx::qt::util::texture_atlas] Loading image: :/res/textures/images/dot.svg
[2026-05-17 18:58:35.526] [39347] [debug] [scwx::qt::util::texture_atlas] Building 2048x2048 texture atlas
[2026-05-17 18:58:35.527] [39347] [debug] [scwx::qt::util::texture_atlas] Texture atlas built in 0.000000s
[2026-05-17 18:58:35.531] [39347] [debug] [scwx::qt::map::radar_product_layer] Deinitialize()
[2026-05-17 18:58:35.531] [39347] [debug] [scwx::qt::map::radar_product_layer] Initialize()
[2026-05-17 18:58:35.531] [39347] [debug] [scwx::qt::map::radar_product_layer] UpdateSweep()
[2026-05-17 18:58:35.532] [39347] [debug] [scwx::qt::map::radar_product_layer] Vertices buffered in 0.000000s
[2026-05-17 18:58:35.532] [39347] [debug] [scwx::qt::map::radar_product_layer] Data moments buffered in 0.000000s
[2026-05-17 18:58:35.532] [39347] [debug] [scwx::qt::map::radar_product_layer] UpdateColorTable()
[2026-05-17 18:58:35.532] [39347] [debug] [scwx::qt::map::marker_layer] Deinitialize()
[2026-05-17 18:58:35.532] [39347] [debug] [scwx::qt::map::marker_layer] Initialize()
[2026-05-17 18:58:35.533] [39347] [debug] [scwx::qt::map::marker_layer] ReloadMarkers()
[2026-05-17 18:58:35.533] [39347] [debug] [scwx::qt::map::radar_site_layer] Deinitialize()
[2026-05-17 18:58:35.533] [39347] [debug] [scwx::qt::map::radar_site_layer] Initialize()
[2026-05-17 18:58:35.533] [39347] [debug] [scwx::qt::map::color_table_layer] Deinitialize()
[2026-05-17 18:58:35.533] [39347] [debug] [scwx::qt::map::color_table_layer] Initialize()
[2026-05-17 18:58:35.533] [39347] [debug] [scwx::qt::map::overlay_layer] Deinitialize()
[2026-05-17 18:58:35.533] [39347] [debug] [scwx::qt::map::overlay_layer] Initialize()
[2026-05-17 18:58:35.533] [39347] [debug] [scwx::qt::util::texture_atlas] Loading image: :/res/textures/images/dot.svg
[2026-05-17 18:58:35.534] [39347] [debug] [scwx::qt::util::texture_atlas] Building 2048x2048 texture atlas
[2026-05-17 18:58:35.535] [39347] [debug] [scwx::qt::util::texture_atlas] Texture atlas built in 0.010000s
[2026-05-17 18:58:35.606] [42818] [debug] [scwx::provider::aws_nexrad_data_provider] Refresh()
[2026-05-17 18:58:35.606] [42811] [debug] [scwx::qt::manager::radar_product_manager] Populating product times: L2, ???, 1970-01-01 00:00:00 UTC
[2026-05-17 18:58:35.606] [42811] [debug] [scwx::provider::aws_nexrad_data_provider] ListObjects: 2026/05/16/KGLD/
[2026-05-17 18:58:35.606] [42818] [debug] [scwx::provider::aws_nexrad_data_provider] ListObjects: GLD_NST_2026_05_16_
[2026-05-17 18:58:35.606] [39567] [debug] [scwx::provider::aws_nexrad_data_provider] ListObjects: 2026/05/17/KGLD/
[2026-05-17 18:58:35.608] [42809] [debug] [scwx::qt::manager::radar_product_manager] Populating product times: L2, ???, 1970-01-01 00:00:00 UTC
[2026-05-17 18:58:35.608] [42809] [debug] [scwx::provider::aws_nexrad_data_provider] ListObjects: 2026/05/16/KGLD/
[2026-05-17 18:58:35.608] [39560] [debug] [scwx::provider::aws_nexrad_data_provider] ListObjects: 2026/05/17/KGLD/
[2026-05-17 18:58:35.615] [42812] [debug] [scwx::qt::manager::radar_product_manager] Populating product times: L2, ???, 1970-01-01 00:00:00 UTC
[2026-05-17 18:58:35.615] [42812] [debug] [scwx::provider::aws_nexrad_data_provider] ListObjects: 2026/05/16/KGLD/
[2026-05-17 18:58:35.615] [39566] [debug] [scwx::provider::aws_nexrad_data_provider] ListObjects: 2026/05/17/KGLD/
[2026-05-17 18:58:35.628] [42810] [debug] [scwx::qt::manager::radar_product_manager] Populating product times: L2, ???, 1970-01-01 00:00:00 UTC
[2026-05-17 18:58:35.628] [42810] [debug] [scwx::provider::aws_nexrad_data_provider] ListObjects: 2026/05/16/KGLD/
[2026-05-17 18:58:35.628] [39561] [debug] [scwx::provider::aws_nexrad_data_provider] ListObjects: 2026/05/17/KGLD/
[2026-05-17 18:58:35.629] [42814] [debug] [scwx::provider::aws_nexrad_data_provider] Refresh()
[2026-05-17 18:58:35.629] [42814] [debug] [scwx::provider::aws_nexrad_data_provider] ListObjects: 2026/05/16/KGLD/
[2026-05-17 18:58:35.769] [42818] [debug] [scwx::provider::aws_nexrad_data_provider] Found 262 objects
[2026-05-17 18:58:35.769] [42818] [debug] [scwx::provider::aws_nexrad_data_provider] ListObjects: GLD_NST_2026_05_17_
[2026-05-17 18:58:35.838] [42818] [debug] [scwx::provider::aws_nexrad_data_provider] Found 132 objects
[2026-05-17 18:58:35.838] [42818] [debug] [scwx::provider::aws_nexrad_data_provider] FindLatestKey()
[2026-05-17 18:58:35.840] [39347] [debug] [scwx::qt::view::overlay_product_view] Load Product: NST, 2026-05-17 23:47:40 UTC, true
[2026-05-17 18:58:35.840] [39347] [debug] [scwx::qt::view::overlay_product_view] Load Product: NST, 2026-05-17 23:47:40 UTC, true
[2026-05-17 18:58:35.840] [39347] [debug] [scwx::qt::view::overlay_product_view] Load Product: NST, 2026-05-17 23:47:40 UTC, true
[2026-05-17 18:58:35.840] [39347] [debug] [scwx::qt::view::overlay_product_view] Load Product: NST, 2026-05-17 23:47:40 UTC, true
[2026-05-17 18:58:35.840] [39409] [debug] [scwx::qt::manager::radar_product_manager] LoadLevel3Data: 2026-05-17 23:47:40 UTC
[2026-05-17 18:58:35.840] [39433] [debug] [scwx::qt::manager::radar_product_manager] LoadLevel3Data: 2026-05-17 23:47:40 UTC
[2026-05-17 18:58:35.840] [39437] [debug] [scwx::qt::manager::radar_product_manager] LoadLevel3Data: 2026-05-17 23:47:40 UTC
[2026-05-17 18:58:35.840] [39441] [debug] [scwx::qt::manager::radar_product_manager] LoadLevel3Data: 2026-05-17 23:47:40 UTC
[2026-05-17 18:58:35.887] [39566] [debug] [scwx::provider::aws_nexrad_data_provider] Found 242 objects
[2026-05-17 18:58:35.899] [39560] [debug] [scwx::provider::aws_nexrad_data_provider] Found 242 objects
[2026-05-17 18:58:35.899] [39567] [debug] [scwx::provider::aws_nexrad_data_provider] Found 242 objects
[2026-05-17 18:58:35.906] [42812] [debug] [scwx::provider::aws_nexrad_data_provider] Found 329 objects
[2026-05-17 18:58:35.907] [42812] [debug] [scwx::qt::manager::radar_product_manager] Populating product times: L2, ???, 1970-01-01 00:00:00 UTC
[2026-05-17 18:58:35.907] [42812] [debug] [scwx::provider::aws_nexrad_data_provider] FindKey: 2026-05-17 23:47:40 UTC
[2026-05-17 18:58:35.911] [42811] [debug] [scwx::provider::aws_nexrad_data_provider] Found 329 objects
[2026-05-17 18:58:35.912] [42811] [debug] [scwx::qt::manager::radar_product_manager] Populating product times: L2, ???, 1970-01-01 00:00:00 UTC
[2026-05-17 18:58:35.912] [42809] [debug] [scwx::provider::aws_nexrad_data_provider] Found 329 objects
[2026-05-17 18:58:35.912] [42809] [debug] [scwx::qt::manager::radar_product_manager] Populating product times: L2, ???, 1970-01-01 00:00:00 UTC
[2026-05-17 18:58:35.918] [42810] [debug] [scwx::provider::aws_nexrad_data_provider] Found 329 objects
[2026-05-17 18:58:35.925] [39561] [debug] [scwx::provider::aws_nexrad_data_provider] Found 242 objects
[2026-05-17 18:58:35.925] [42810] [debug] [scwx::qt::manager::radar_product_manager] Populating product times: L2, ???, 1970-01-01 00:00:00 UTC
[2026-05-17 18:58:35.935] [42814] [debug] [scwx::provider::aws_nexrad_data_provider] Found 329 objects
[2026-05-17 18:58:35.935] [42814] [debug] [scwx::provider::aws_nexrad_data_provider] ListObjects: 2026/05/17/KGLD/
[2026-05-17 18:58:35.991] [42812] [debug] [scwx::wsr88d::level3_file] Loading Data
[2026-05-17 18:58:35.991] [42812] [debug] [scwx::wsr88d::level3_file] Data Type: SD
[2026-05-17 18:58:35.991] [42812] [debug] [scwx::wsr88d::level3_file] ICAO:      KGLD
[2026-05-17 18:58:35.991] [42812] [debug] [scwx::wsr88d::level3_file] Date/Time: 172347
[2026-05-17 18:58:35.991] [42812] [debug] [scwx::wsr88d::level3_file] Category:  NST
[2026-05-17 18:58:35.991] [42812] [debug] [scwx::wsr88d::level3_file] Site ID:   GLD
[2026-05-17 18:58:35.991] [42812] [debug] [scwx::wsr88d::rpg::level3_message_factory] Found Message 58
[2026-05-17 18:58:35.991] [42812] [debug] [scwx::wsr88d::rpg::graphic_product_message] Loading Blocks
[2026-05-17 18:58:35.991] [42812] [debug] [scwx::wsr88d::rpg::graphic_product_message] Product symbology block valid: true
[2026-05-17 18:58:35.991] [42812] [debug] [scwx::wsr88d::rpg::graphic_product_message] Graphic alphanumeric block valid: true
[2026-05-17 18:58:35.991] [42812] [debug] [scwx::wsr88d::rpg::graphic_product_message] Tabular alphanumeric block valid: true
[2026-05-17 18:58:35.991] [42812] [debug] [scwx::qt::manager::radar_product_manager] Initialize()
[2026-05-17 18:58:36.015] [42814] [debug] [scwx::provider::aws_nexrad_data_provider] Found 242 objects
[2026-05-17 18:58:36.015] [42814] [debug] [scwx::provider::aws_nexrad_data_provider] FindLatestKey()
[2026-05-17 18:58:36.018] [42812] [debug] [scwx::qt::manager::radar_product_manager] Coordinates (0.5 degree) calculated in 0.030000s
[2026-05-17 18:58:36.030] [42842] [debug] [scwx::provider::aws_nexrad_data_provider] ListObjects: 2026/05/17/KGLD/
[2026-05-17 18:58:36.045] [42812] [debug] [scwx::qt::manager::radar_product_manager] Coordinates (0.5 degree smooth) calculated in 0.030000s
[2026-05-17 18:58:36.060] [42812] [debug] [scwx::qt::manager::radar_product_manager] Coordinates (1 degree) calculated in 0.010000s
[2026-05-17 18:58:36.075] [42812] [debug] [scwx::qt::manager::radar_product_manager] Coordinates (1 degree smooth) calculated in 0.020000s
[2026-05-17 18:58:36.075] [42811] [debug] [scwx::qt::manager::radar_product_manager] Level 3 product previously loaded, loading from cache
[2026-05-17 18:58:36.075] [42809] [debug] [scwx::qt::manager::radar_product_manager] Level 3 product previously loaded, loading from cache
[2026-05-17 18:58:36.075] [42810] [debug] [scwx::qt::manager::radar_product_manager] Level 3 product previously loaded, loading from cache
[2026-05-17 18:58:36.115] [42842] [debug] [scwx::provider::aws_nexrad_data_provider] Found 242 objects
[2026-05-17 18:58:36.115] [42842] [debug] [scwx::provider::aws_nexrad_data_provider] FindKey: 2026-05-17 23:47:40 UTC
[2026-05-17 18:58:36.174] [42841] [debug] [scwx::wsr88d::ar2v_file] Loading Data
[2026-05-17 18:58:36.174] [42841] [debug] [scwx::wsr88d::ar2v_file] Filename:  AR2V0006.
[2026-05-17 18:58:36.174] [42841] [debug] [scwx::wsr88d::ar2v_file] Extension: 622
[2026-05-17 18:58:36.174] [42841] [debug] [scwx::wsr88d::ar2v_file] Date:      20591 (2026-05-17)
[2026-05-17 18:58:36.174] [42841] [debug] [scwx::wsr88d::ar2v_file] Time:      86156847 (23:55:56.847000000)
[2026-05-17 18:58:36.174] [42841] [debug] [scwx::wsr88d::ar2v_file] ICAO:      KGLD
[2026-05-17 18:58:36.477] [42842] [debug] [scwx::wsr88d::ar2v_file] Loading Data
[2026-05-17 18:58:36.477] [42842] [debug] [scwx::wsr88d::ar2v_file] Filename:  AR2V0006.
[2026-05-17 18:58:36.477] [42842] [debug] [scwx::wsr88d::ar2v_file] Extension: 621
[2026-05-17 18:58:36.477] [42842] [debug] [scwx::wsr88d::ar2v_file] Date:      20591 (2026-05-17)
[2026-05-17 18:58:36.477] [42842] [debug] [scwx::wsr88d::ar2v_file] Time:      85660145 (23:47:40.145000000)
[2026-05-17 18:58:36.477] [42842] [debug] [scwx::wsr88d::ar2v_file] ICAO:      KGLD
[2026-05-17 18:58:37.873] [39370] [debug] [scwx::network::ntp_client] Time offset updated: -0d 00:00:00.001001449
[2026-05-17 18:58:40.177] [42815] [debug] [scwx::provider::aws_level2_chunks_data_provider] Refresh() in 4.550000s
[2026-05-17 18:58:40.178] [39446] [debug] [scwx::qt::view::level2_product_view] Computing Sweep
[2026-05-17 18:58:40.178] [39446] [debug] [scwx::qt::view::level2_product_view] ComputeCoordinates()
[2026-05-17 18:58:40.178] [39450] [debug] [scwx::qt::view::level2_product_view] Computing Sweep
[2026-05-17 18:58:40.178] [39450] [debug] [scwx::qt::view::level2_product_view] ComputeCoordinates()
[2026-05-17 18:58:40.181] [39449] [debug] [scwx::qt::view::level2_product_view] Computing Sweep
[2026-05-17 18:58:40.181] [39449] [debug] [scwx::qt::view::level2_product_view] ComputeCoordinates()
[2026-05-17 18:58:40.184] [39445] [debug] [scwx::qt::view::level2_product_view] Computing Sweep
[2026-05-17 18:58:40.184] [39445] [debug] [scwx::qt::view::level2_product_view] ComputeCoordinates()
[2026-05-17 18:58:40.232] [39446] [debug] [scwx::qt::view::level2_product_view] Coordinates calculated in 0.050000s
[2026-05-17 18:58:40.247] [39446] [debug] [scwx::qt::view::level2_product_view] Vertices calculated in 0.020000s
[2026-05-17 18:58:40.248] [39446] [debug] [scwx::qt::view::level2_product_view] Computing Sweep
[2026-05-17 18:58:40.248] [39446] [debug] [scwx::qt::view::level2_product_view] ComputeCoordinates()
[2026-05-17 18:58:40.280] [39449] [debug] [scwx::qt::view::level2_product_view] Coordinates calculated in 0.100000s
[2026-05-17 18:58:40.291] [39445] [debug] [scwx::qt::view::level2_product_view] Coordinates calculated in 0.110000s
[2026-05-17 18:58:40.298] [39450] [debug] [scwx::qt::view::level2_product_view] Coordinates calculated in 0.120000s
[2026-05-17 18:58:40.306] [39449] [debug] [scwx::qt::view::level2_product_view] Vertices calculated in 0.030000s
[2026-05-17 18:58:40.310] [39347] [debug] [scwx::qt::map::radar_product_layer] UpdateSweep()
[2026-05-17 18:58:40.311] [39446] [debug] [scwx::qt::view::level2_product_view] Coordinates calculated in 0.060000s
[2026-05-17 18:58:40.311] [39450] [debug] [scwx::qt::view::level2_product_view] Vertices calculated in 0.010000s
[2026-05-17 18:58:40.313] [39347] [debug] [scwx::qt::map::radar_product_layer] Vertices buffered in 0.000000s
[2026-05-17 18:58:40.314] [39347] [debug] [scwx::qt::map::radar_product_layer] Data moments buffered in 0.000000s
[2026-05-17 18:58:40.318] [39445] [debug] [scwx::qt::view::level2_product_view] Vertices calculated in 0.030000s
[2026-05-17 18:58:40.320] [39446] [debug] [scwx::qt::view::level2_product_view] Vertices calculated in 0.010000s
[2026-05-17 18:58:40.321] [39446] [debug] [scwx::qt::view::level2_product_view] Computing Sweep
[2026-05-17 18:58:40.321] [39446] [debug] [scwx::qt::view::level2_product_view] ComputeCoordinates()
[2026-05-17 18:58:40.324] [39347] [debug] [scwx::qt::map::radar_product_layer] UpdateSweep()
[2026-05-17 18:58:40.325] [39347] [debug] [scwx::qt::map::radar_product_layer] Vertices buffered in 0.010000s
[2026-05-17 18:58:40.326] [39347] [debug] [scwx::qt::map::radar_product_layer] Data moments buffered in 0.000000s
[2026-05-17 18:58:40.328] [39347] [debug] [scwx::qt::map::radar_product_layer] UpdateSweep()
[2026-05-17 18:58:40.328] [39347] [debug] [scwx::qt::map::radar_product_layer] Vertices buffered in 0.000000s
[2026-05-17 18:58:40.328] [39347] [debug] [scwx::qt::map::radar_product_layer] Data moments buffered in 0.000000s
[2026-05-17 18:58:40.329] [39347] [debug] [scwx::qt::map::radar_product_layer] CFP moments buffered in 0.000000s
[2026-05-17 18:58:40.348] [39446] [debug] [scwx::qt::view::level2_product_view] Coordinates calculated in 0.030000s
[2026-05-17 18:58:40.355] [39446] [debug] [scwx::qt::view::level2_product_view] Vertices calculated in 0.010000s
[2026-05-17 18:58:40.355] [39446] [debug] [scwx::qt::view::level2_product_view] Computing Sweep
[2026-05-17 18:58:40.355] [39446] [debug] [scwx::qt::view::level2_product_view] ComputeCoordinates()
[2026-05-17 18:58:40.382] [39446] [debug] [scwx::qt::view::level2_product_view] Coordinates calculated in 0.020000s
[2026-05-17 18:58:40.389] [39446] [debug] [scwx::qt::view::level2_product_view] Vertices calculated in 0.010000s
[2026-05-17 18:58:40.389] [39446] [debug] [scwx::qt::view::level2_product_view] Computing Sweep
[2026-05-17 18:58:40.389] [39446] [debug] [scwx::qt::view::level2_product_view] ComputeCoordinates()
[2026-05-17 18:58:40.416] [39446] [debug] [scwx::qt::view::level2_product_view] Coordinates calculated in 0.030000s
[2026-05-17 18:58:40.423] [39446] [debug] [scwx::qt::view::level2_product_view] Vertices calculated in 0.000000s
[2026-05-17 18:58:40.427] [39347] [debug] [scwx::qt::map::radar_product_layer] UpdateSweep()
[2026-05-17 18:58:40.428] [39347] [debug] [scwx::qt::map::radar_product_layer] Vertices buffered in 0.000000s
[2026-05-17 18:58:40.428] [39347] [debug] [scwx::qt::map::radar_product_layer] Data moments buffered in 0.000000s
[2026-05-17 18:58:43.432] [42816] [debug] [scwx::provider::aws_level2_chunks_data_provider] Refresh() in 0.250000s
[2026-05-17 18:58:43.441] [39446] [debug] [scwx::qt::view::level2_product_view] Computing Sweep
[2026-05-17 18:58:43.441] [39446] [debug] [scwx::qt::view::level2_product_view] ComputeCoordinates()
[2026-05-17 18:58:43.470] [39446] [debug] [scwx::qt::view::level2_product_view] Coordinates calculated in 0.030000s
[2026-05-17 18:58:43.477] [39446] [debug] [scwx::qt::view::level2_product_view] Vertices calculated in 0.010000s
[2026-05-17 18:58:43.480] [39347] [debug] [scwx::qt::map::radar_product_layer] UpdateSweep()
[2026-05-17 18:58:43.482] [39347] [debug] [scwx::qt::map::radar_product_layer] Vertices buffered in 0.000000s
[2026-05-17 18:58:43.482] [39347] [debug] [scwx::qt::map::radar_product_layer] Data moments buffered in 0.000000s
[2026-05-17 18:58:53.567] [39347] [debug] [scwx::qt::map::map_widget] Selecting radar site: KUEX
[2026-05-17 18:58:53.569] [39347] [debug] [scwx::qt::manager::radar_product_manager] UpdateAvailableProducts()
[2026-05-17 18:58:53.569] [39347] [debug] [scwx::qt::map::map_widget] Add Layers
[2026-05-17 18:58:53.569] [43005] [debug] [scwx::provider::aws_nexrad_data_provider] Refresh()
[2026-05-17 18:58:53.569] [43005] [debug] [scwx::provider::aws_nexrad_data_provider] ListObjects: UEX_NST_2026_05_16_
[2026-05-17 18:58:53.570] [39347] [debug] [scwx::qt::map::radar_range_layer] Add()
[2026-05-17 18:58:53.573] [39347] [debug] [scwx::qt::map::map_widget] Selecting radar site: KUEX
[2026-05-17 18:58:53.573] [43001] [debug] [scwx::provider::aws_nexrad_data_provider] Refresh()
[2026-05-17 18:58:53.573] [39347] [debug] [scwx::qt::map::map_widget] Add Layers
[2026-05-17 18:58:53.573] [43001] [debug] [scwx::provider::aws_nexrad_data_provider] ListObjects: 2026/05/16/KUEX/
[2026-05-17 18:58:53.573] [39347] [debug] [scwx::qt::map::radar_range_layer] Add()
[2026-05-17 18:58:53.576] [39347] [debug] [scwx::qt::map::map_widget] Selecting radar site: KUEX
[2026-05-17 18:58:53.576] [39347] [debug] [scwx::qt::map::map_widget] Add Layers
[2026-05-17 18:58:53.576] [39347] [debug] [scwx::qt::map::radar_range_layer] Add()
[2026-05-17 18:58:53.579] [39347] [debug] [scwx::qt::map::map_widget] Selecting radar site: KUEX
[2026-05-17 18:58:53.579] [39347] [debug] [scwx::qt::manager::radar_product_manager] Disabling refresh: KGLD, L3, NST
[2026-05-17 18:58:53.579] [42818] [debug] [scwx::qt::manager::radar_product_manager] [KGLD, L3, NST] Data refresh timer cancelled
[2026-05-17 18:58:53.579] [39347] [debug] [scwx::qt::manager::radar_product_manager] Disabling refresh: KGLD, L2
[2026-05-17 18:58:53.579] [39347] [debug] [scwx::qt::manager::radar_product_manager] Disabling refresh: KGLD, L2
[2026-05-17 18:58:53.579] [42814] [debug] [scwx::qt::manager::radar_product_manager] [KGLD, L2] Data refresh timer cancelled
[2026-05-17 18:58:53.579] [42816] [debug] [scwx::qt::manager::radar_product_manager] [KGLD, L2] Data refresh timer cancelled
[2026-05-17 18:58:53.579] [39347] [debug] [scwx::qt::manager::radar_product_manager] Disabling refresh: KGLD, L3, N0B
[2026-05-17 18:58:53.579] [39347] [debug] [scwx::qt::manager::radar_product_manager] Disabling refresh: KGLD, L3, NST
[2026-05-17 18:58:53.619] [39347] [debug] [scwx::qt::map::map_widget] Add Layers
[2026-05-17 18:58:53.619] [39347] [debug] [scwx::qt::map::radar_range_layer] Add()
[2026-05-17 18:58:53.621] [39347] [debug] [scwx::qt::manager::timeline_manager] SetRadarSite: KUEX
[2026-05-17 18:58:53.621] [39347] [debug] [scwx::qt::manager::timeline_manager] Time updated: Live
[2026-05-17 18:58:53.621] [39347] [debug] [scwx::qt::manager::alert_manager] SetRadarSite: KUEX
[2026-05-17 18:58:53.621] [39347] [debug] [scwx::qt::manager::placefile_manager] SetRadarSite: KUEX
[2026-05-17 18:58:53.623] [39347] [debug] [scwx::qt::manager::timeline_manager] SetDateTime: 2026-05-17 23:53:00 UTC
[2026-05-17 18:58:53.625] [39347] [debug] [scwx::qt::map::radar_product_layer] Deinitialize()
[2026-05-17 18:58:53.625] [39347] [debug] [scwx::qt::map::radar_product_layer] Initialize()
[2026-05-17 18:58:53.625] [39347] [debug] [scwx::qt::map::radar_product_layer] UpdateColorTable()
[2026-05-17 18:58:53.626] [39347] [debug] [scwx::qt::map::alert_layer] Deinitialize: Severe Thunderstorm
[2026-05-17 18:58:53.630] [39347] [debug] [scwx::qt::map::alert_layer] Initialize: Severe Thunderstorm
[2026-05-17 18:58:53.650] [39347] [debug] [scwx::qt::map::alert_layer] Deinitialize: Tornado
[2026-05-17 18:58:53.651] [39347] [debug] [scwx::qt::map::alert_layer] Initialize: Tornado
[2026-05-17 18:58:53.652] [39347] [debug] [scwx::qt::map::marker_layer] Deinitialize()
[2026-05-17 18:58:53.652] [39347] [debug] [scwx::qt::map::marker_layer] Initialize()
[2026-05-17 18:58:53.652] [39347] [debug] [scwx::qt::map::marker_layer] ReloadMarkers()
[2026-05-17 18:58:53.652] [39347] [debug] [scwx::qt::map::radar_site_layer] Deinitialize()
[2026-05-17 18:58:53.652] [39347] [debug] [scwx::qt::map::radar_site_layer] Initialize()
[2026-05-17 18:58:53.653] [39347] [debug] [scwx::qt::map::color_table_layer] Deinitialize()
[2026-05-17 18:58:53.653] [39347] [debug] [scwx::qt::map::color_table_layer] Initialize()
[2026-05-17 18:58:53.653] [39347] [debug] [scwx::qt::map::overlay_layer] Deinitialize()
[2026-05-17 18:58:53.653] [39347] [debug] [scwx::qt::map::overlay_layer] Initialize()
[2026-05-17 18:58:53.653] [39347] [debug] [scwx::qt::util::texture_atlas] Loading image: :/res/textures/images/dot.svg
[2026-05-17 18:58:53.653] [39347] [debug] [scwx::qt::util::texture_atlas] Building 2048x2048 texture atlas
[2026-05-17 18:58:53.655] [39347] [debug] [scwx::qt::util::texture_atlas] Texture atlas built in 0.010000s
[2026-05-17 18:58:53.661] [39347] [debug] [scwx::qt::map::radar_product_layer] Deinitialize()
[2026-05-17 18:58:53.661] [39347] [debug] [scwx::qt::map::radar_product_layer] Initialize()
[2026-05-17 18:58:53.661] [39347] [debug] [scwx::qt::map::radar_product_layer] UpdateColorTable()
[2026-05-17 18:58:53.661] [39347] [debug] [scwx::qt::map::alert_layer] Deinitialize: Marine
[2026-05-17 18:58:53.662] [39347] [debug] [scwx::qt::map::alert_layer] Initialize: Marine
[2026-05-17 18:58:53.663] [39347] [debug] [scwx::qt::map::marker_layer] Deinitialize()
[2026-05-17 18:58:53.663] [39347] [debug] [scwx::qt::map::marker_layer] Initialize()
[2026-05-17 18:58:53.663] [39347] [debug] [scwx::qt::map::marker_layer] ReloadMarkers()
[2026-05-17 18:58:53.663] [39347] [debug] [scwx::qt::map::radar_site_layer] Deinitialize()
[2026-05-17 18:58:53.664] [39347] [debug] [scwx::qt::map::radar_site_layer] Initialize()
[2026-05-17 18:58:53.664] [39347] [debug] [scwx::qt::map::color_table_layer] Deinitialize()
[2026-05-17 18:58:53.664] [39347] [debug] [scwx::qt::map::color_table_layer] Initialize()
[2026-05-17 18:58:53.664] [39347] [debug] [scwx::qt::map::overlay_layer] Deinitialize()
[2026-05-17 18:58:53.664] [39347] [debug] [scwx::qt::map::overlay_layer] Initialize()
[2026-05-17 18:58:53.664] [39347] [debug] [scwx::qt::util::texture_atlas] Loading image: :/res/textures/images/dot.svg
[2026-05-17 18:58:53.664] [39347] [debug] [scwx::qt::util::texture_atlas] Building 2048x2048 texture atlas
[2026-05-17 18:58:53.666] [39347] [debug] [scwx::qt::util::texture_atlas] Texture atlas built in 0.010000s
[2026-05-17 18:58:53.670] [39347] [debug] [scwx::qt::map::radar_product_layer] Deinitialize()
[2026-05-17 18:58:53.670] [39347] [debug] [scwx::qt::map::radar_product_layer] Initialize()
[2026-05-17 18:58:53.670] [39347] [debug] [scwx::qt::map::radar_product_layer] UpdateColorTable()
[2026-05-17 18:58:53.670] [39347] [debug] [scwx::qt::map::marker_layer] Deinitialize()
[2026-05-17 18:58:53.670] [39347] [debug] [scwx::qt::map::marker_layer] Initialize()
[2026-05-17 18:58:53.670] [39347] [debug] [scwx::qt::map::marker_layer] ReloadMarkers()
[2026-05-17 18:58:53.670] [39347] [debug] [scwx::qt::map::radar_site_layer] Deinitialize()
[2026-05-17 18:58:53.671] [39347] [debug] [scwx::qt::map::radar_site_layer] Initialize()
[2026-05-17 18:58:53.671] [39347] [debug] [scwx::qt::map::color_table_layer] Deinitialize()
[2026-05-17 18:58:53.671] [39347] [debug] [scwx::qt::map::color_table_layer] Initialize()
[2026-05-17 18:58:53.671] [39347] [debug] [scwx::qt::map::overlay_layer] Deinitialize()
[2026-05-17 18:58:53.671] [39347] [debug] [scwx::qt::map::overlay_layer] Initialize()
[2026-05-17 18:58:53.671] [39347] [debug] [scwx::qt::util::texture_atlas] Loading image: :/res/textures/images/dot.svg
[2026-05-17 18:58:53.671] [39347] [debug] [scwx::qt::util::texture_atlas] Building 2048x2048 texture atlas
[2026-05-17 18:58:53.673] [39347] [debug] [scwx::qt::util::texture_atlas] Texture atlas built in 0.000000s
[2026-05-17 18:58:53.677] [39347] [debug] [scwx::qt::map::radar_product_layer] Deinitialize()
[2026-05-17 18:58:53.677] [39347] [debug] [scwx::qt::map::radar_product_layer] Initialize()
[2026-05-17 18:58:53.677] [39347] [debug] [scwx::qt::map::radar_product_layer] UpdateColorTable()
[2026-05-17 18:58:53.677] [39347] [debug] [scwx::qt::map::marker_layer] Deinitialize()
[2026-05-17 18:58:53.677] [39347] [debug] [scwx::qt::map::marker_layer] Initialize()
[2026-05-17 18:58:53.678] [39347] [debug] [scwx::qt::map::marker_layer] ReloadMarkers()
[2026-05-17 18:58:53.678] [39347] [debug] [scwx::qt::map::radar_site_layer] Deinitialize()
[2026-05-17 18:58:53.678] [39347] [debug] [scwx::qt::map::radar_site_layer] Initialize()
[2026-05-17 18:58:53.678] [39347] [debug] [scwx::qt::map::color_table_layer] Deinitialize()
[2026-05-17 18:58:53.678] [39347] [debug] [scwx::qt::map::color_table_layer] Initialize()
[2026-05-17 18:58:53.678] [39347] [debug] [scwx::qt::map::overlay_layer] Deinitialize()
[2026-05-17 18:58:53.678] [39347] [debug] [scwx::qt::map::overlay_layer] Initialize()
[2026-05-17 18:58:53.678] [39347] [debug] [scwx::qt::util::texture_atlas] Loading image: :/res/textures/images/dot.svg
[2026-05-17 18:58:53.679] [39347] [debug] [scwx::qt::util::texture_atlas] Building 2048x2048 texture atlas
[2026-05-17 18:58:53.680] [39347] [debug] [scwx::qt::util::texture_atlas] Texture atlas built in 0.000000s
[2026-05-17 18:58:53.831] [43005] [debug] [scwx::provider::aws_nexrad_data_provider] Found 212 objects
[2026-05-17 18:58:53.831] [43005] [debug] [scwx::provider::aws_nexrad_data_provider] ListObjects: UEX_NST_2026_05_17_
[2026-05-17 18:58:53.837] [43001] [debug] [scwx::provider::aws_nexrad_data_provider] Found 83 objects
[2026-05-17 18:58:53.837] [43001] [debug] [scwx::provider::aws_nexrad_data_provider] ListObjects: 2026/05/17/KUEX/
[2026-05-17 18:58:53.921] [43018] [debug] [scwx::provider::aws_nexrad_data_provider] ListObjects: 2026/05/17/KUEX/
[2026-05-17 18:58:53.957] [43005] [debug] [scwx::provider::aws_nexrad_data_provider] Found 202 objects
[2026-05-17 18:58:53.957] [43005] [debug] [scwx::provider::aws_nexrad_data_provider] FindLatestKey()
[2026-05-17 18:58:53.964] [43001] [debug] [scwx::provider::aws_nexrad_data_provider] Found 275 objects
[2026-05-17 18:58:53.964] [43001] [debug] [scwx::provider::aws_nexrad_data_provider] FindLatestKey()
[2026-05-17 18:58:53.966] [39347] [debug] [scwx::qt::view::overlay_product_view] Load Product: NST, 2026-05-17 23:52:28 UTC, true
[2026-05-17 18:58:53.966] [39347] [debug] [scwx::qt::view::overlay_product_view] Load Product: NST, 2026-05-17 23:52:28 UTC, true
[2026-05-17 18:58:53.966] [39347] [debug] [scwx::qt::view::overlay_product_view] Load Product: NST, 2026-05-17 23:52:28 UTC, true
[2026-05-17 18:58:53.966] [39409] [debug] [scwx::qt::manager::radar_product_manager] LoadLevel3Data: 2026-05-17 23:52:28 UTC
[2026-05-17 18:58:53.966] [39347] [debug] [scwx::qt::view::overlay_product_view] Load Product: NST, 2026-05-17 23:52:28 UTC, true
[2026-05-17 18:58:53.966] [39433] [debug] [scwx::qt::manager::radar_product_manager] LoadLevel3Data: 2026-05-17 23:52:28 UTC
[2026-05-17 18:58:53.966] [39437] [debug] [scwx::qt::manager::radar_product_manager] LoadLevel3Data: 2026-05-17 23:52:28 UTC
[2026-05-17 18:58:53.966] [39441] [debug] [scwx::qt::manager::radar_product_manager] LoadLevel3Data: 2026-05-17 23:52:28 UTC
[2026-05-17 18:58:53.967] [42997] [debug] [scwx::provider::aws_nexrad_data_provider] FindKey: 2026-05-17 23:52:28 UTC
[2026-05-17 18:58:54.034] [42997] [debug] [scwx::wsr88d::level3_file] Loading Data
[2026-05-17 18:58:54.034] [42997] [debug] [scwx::wsr88d::level3_file] Data Type: SD
[2026-05-17 18:58:54.034] [42997] [debug] [scwx::wsr88d::level3_file] ICAO:      KGID
[2026-05-17 18:58:54.034] [42997] [debug] [scwx::wsr88d::level3_file] Date/Time: 172352
[2026-05-17 18:58:54.034] [42997] [debug] [scwx::wsr88d::level3_file] Category:  NST
[2026-05-17 18:58:54.034] [42997] [debug] [scwx::wsr88d::level3_file] Site ID:   UEX
[2026-05-17 18:58:54.034] [42997] [debug] [scwx::wsr88d::rpg::level3_message_factory] Found Message 58
[2026-05-17 18:58:54.034] [42997] [debug] [scwx::wsr88d::rpg::graphic_product_message] Loading Blocks
[2026-05-17 18:58:54.034] [42997] [debug] [scwx::wsr88d::rpg::graphic_product_message] Product symbology block valid: true
[2026-05-17 18:58:54.034] [42997] [debug] [scwx::wsr88d::rpg::graphic_product_message] Graphic alphanumeric block valid: true
[2026-05-17 18:58:54.034] [42997] [debug] [scwx::wsr88d::rpg::graphic_product_message] Tabular alphanumeric block valid: true
[2026-05-17 18:58:54.034] [42997] [debug] [scwx::qt::manager::radar_product_manager] Initialize()
[2026-05-17 18:58:54.058] [43020] [debug] [scwx::wsr88d::ar2v_file] Loading Data
[2026-05-17 18:58:54.058] [43020] [debug] [scwx::wsr88d::ar2v_file] Filename:  AR2V0006.
[2026-05-17 18:58:54.058] [43020] [debug] [scwx::wsr88d::ar2v_file] Extension: 207
[2026-05-17 18:58:54.058] [43020] [debug] [scwx::wsr88d::ar2v_file] Date:      20591 (2026-05-17)
[2026-05-17 18:58:54.058] [43020] [debug] [scwx::wsr88d::ar2v_file] Time:      86300776 (23:58:20.776000000)
[2026-05-17 18:58:54.058] [43020] [debug] [scwx::wsr88d::ar2v_file] ICAO:      KUEX
[2026-05-17 18:58:54.063] [42997] [debug] [scwx::qt::manager::radar_product_manager] Coordinates (0.5 degree) calculated in 0.030000s
[2026-05-17 18:58:54.091] [42997] [debug] [scwx::qt::manager::radar_product_manager] Coordinates (0.5 degree smooth) calculated in 0.030000s
[2026-05-17 18:58:54.104] [42997] [debug] [scwx::qt::manager::radar_product_manager] Coordinates (1 degree) calculated in 0.010000s
[2026-05-17 18:58:54.118] [42997] [debug] [scwx::qt::manager::radar_product_manager] Coordinates (1 degree smooth) calculated in 0.020000s
[2026-05-17 18:58:54.118] [42997] [debug] [scwx::provider::aws_nexrad_data_provider] FindKey: 2026-05-17 23:52:28 UTC
[2026-05-17 18:58:54.118] [42998] [debug] [scwx::qt::manager::radar_product_manager] Level 3 product previously loaded, loading from cache
[2026-05-17 18:58:54.118] [42996] [debug] [scwx::qt::manager::radar_product_manager] Level 3 product previously loaded, loading from cache
[2026-05-17 18:58:54.118] [42999] [debug] [scwx::qt::manager::radar_product_manager] Level 3 product previously loaded, loading from cache
[2026-05-17 18:58:54.218] [43018] [debug] [scwx::provider::aws_nexrad_data_provider] Found 275 objects
[2026-05-17 18:58:54.218] [43018] [debug] [scwx::provider::aws_nexrad_data_provider] FindKey: 2026-05-17 23:52:28 UTC
[2026-05-17 18:58:54.600] [42997] [debug] [scwx::wsr88d::ar2v_file] Loading Data
[2026-05-17 18:58:54.600] [42997] [debug] [scwx::wsr88d::ar2v_file] Filename:  AR2V0006.
[2026-05-17 18:58:54.600] [42997] [debug] [scwx::wsr88d::ar2v_file] Extension: 206
[2026-05-17 18:58:54.600] [42997] [debug] [scwx::wsr88d::ar2v_file] Date:      20591 (2026-05-17)
[2026-05-17 18:58:54.600] [42997] [debug] [scwx::wsr88d::ar2v_file] Time:      85948913 (23:52:28.913000000)
[2026-05-17 18:58:54.600] [42997] [debug] [scwx::wsr88d::ar2v_file] ICAO:      KUEX
[2026-05-17 18:58:54.683] [43018] [debug] [scwx::wsr88d::ar2v_file] Loading Data
[2026-05-17 18:58:54.683] [43018] [debug] [scwx::wsr88d::ar2v_file] Filename:  AR2V0006.
[2026-05-17 18:58:54.683] [43018] [debug] [scwx::wsr88d::ar2v_file] Extension: 206
[2026-05-17 18:58:54.683] [43018] [debug] [scwx::wsr88d::ar2v_file] Date:      20591 (2026-05-17)
[2026-05-17 18:58:54.683] [43018] [debug] [scwx::wsr88d::ar2v_file] Time:      85948913 (23:52:28.913000000)
[2026-05-17 18:58:54.683] [43018] [debug] [scwx::wsr88d::ar2v_file] ICAO:      KUEX
[2026-05-17 18:58:55.632] [42998] [debug] [scwx::qt::manager::radar_product_manager] Level 2 product previously loaded, loading from cache
[2026-05-17 18:58:55.632] [42996] [debug] [scwx::qt::manager::radar_product_manager] Level 2 product previously loaded, loading from cache
[2026-05-17 18:58:55.632] [42999] [debug] [scwx::qt::manager::radar_product_manager] Level 2 product previously loaded, loading from cache
[2026-05-17 18:58:55.723] [43003] [debug] [scwx::provider::aws_level2_chunks_data_provider] Refresh() in 2.150000s
[2026-05-17 18:58:55.723] [39450] [debug] [scwx::qt::view::level2_product_view] Computing Sweep
[2026-05-17 18:58:55.723] [39450] [debug] [scwx::qt::view::level2_product_view] ComputeCoordinates()
[2026-05-17 18:58:55.726] [39446] [debug] [scwx::qt::view::level2_product_view] Computing Sweep
[2026-05-17 18:58:55.726] [39446] [debug] [scwx::qt::view::level2_product_view] ComputeCoordinates()
[2026-05-17 18:58:55.729] [39449] [debug] [scwx::qt::view::level2_product_view] Computing Sweep
[2026-05-17 18:58:55.729] [39449] [debug] [scwx::qt::view::level2_product_view] ComputeCoordinates()
[2026-05-17 18:58:55.730] [39445] [debug] [scwx::qt::view::level2_product_view] Computing Sweep
[2026-05-17 18:58:55.730] [39445] [debug] [scwx::qt::view::level2_product_view] ComputeCoordinates()
[2026-05-17 18:58:55.799] [39450] [debug] [scwx::qt::view::level2_product_view] Coordinates calculated in 0.080000s
[2026-05-17 18:58:55.825] [39450] [debug] [scwx::qt::view::level2_product_view] Vertices calculated in 0.030000s
[2026-05-17 18:58:55.833] [39445] [debug] [scwx::qt::view::level2_product_view] Coordinates calculated in 0.100000s
[2026-05-17 18:58:55.837] [39446] [debug] [scwx::qt::view::level2_product_view] Coordinates calculated in 0.110000s
[2026-05-17 18:58:55.846] [39449] [debug] [scwx::qt::view::level2_product_view] Coordinates calculated in 0.120000s
[2026-05-17 18:58:55.858] [39445] [debug] [scwx::qt::view::level2_product_view] Vertices calculated in 0.030000s
[2026-05-17 18:58:55.858] [39446] [debug] [scwx::qt::view::level2_product_view] Vertices calculated in 0.020000s
[2026-05-17 18:58:55.862] [39449] [debug] [scwx::qt::view::level2_product_view] Vertices calculated in 0.010000s
[2026-05-17 18:58:56.040] [39347] [debug] [scwx::qt::map::radar_product_layer] UpdateSweep()
[2026-05-17 18:58:56.044] [39347] [debug] [scwx::qt::map::radar_product_layer] Vertices buffered in 0.000000s
[2026-05-17 18:58:56.045] [39347] [debug] [scwx::qt::map::radar_product_layer] Data moments buffered in 0.010000s
[2026-05-17 18:58:56.046] [39347] [debug] [scwx::qt::map::radar_product_layer] UpdateSweep()
[2026-05-17 18:58:56.050] [39347] [debug] [scwx::qt::map::radar_product_layer] Vertices buffered in 0.000000s
[2026-05-17 18:58:56.050] [39347] [debug] [scwx::qt::map::radar_product_layer] Data moments buffered in 0.000000s
[2026-05-17 18:58:56.052] [39347] [debug] [scwx::qt::map::radar_product_layer] UpdateSweep()
[2026-05-17 18:58:56.055] [39347] [debug] [scwx::qt::map::radar_product_layer] Vertices buffered in 0.010000s
[2026-05-17 18:58:56.056] [39347] [debug] [scwx::qt::map::radar_product_layer] Data moments buffered in 0.000000s
[2026-05-17 18:58:56.057] [39347] [debug] [scwx::qt::map::radar_product_layer] UpdateSweep()
[2026-05-17 18:58:56.061] [39347] [debug] [scwx::qt::map::radar_product_layer] Vertices buffered in 0.000000s
[2026-05-17 18:58:56.062] [39347] [debug] [scwx::qt::map::radar_product_layer] Data moments buffered in 0.000000s
[2026-05-17 18:58:56.062] [39347] [debug] [scwx::qt::map::radar_product_layer] CFP moments buffered in 0.000000s
[2026-05-17 18:58:58.873] [43002] [debug] [scwx::provider::aws_level2_chunks_data_provider] Refresh() in 0.150000s
[2026-05-17 18:59:02.034] [43003] [debug] [scwx::provider::aws_level2_chunks_data_provider] Refresh() in 0.160000s
[2026-05-17 18:59:06.233] [43002] [debug] [scwx::provider::aws_level2_chunks_data_provider] Refresh() in 0.230000s
[2026-05-17 18:59:18.329] [39372] [debug] [scwx::provider::nws_api_provider] GetRadarStations
[2026-05-17 18:59:27.241] [43003] [debug] [scwx::provider::aws_level2_chunks_data_provider] Refresh() in 1.010000s
[2026-05-17 18:59:30.393] [43003] [debug] [scwx::provider::aws_level2_chunks_data_provider] Refresh() in 0.150000s
[2026-05-17 18:59:33.622] [43002] [debug] [scwx::provider::aws_level2_chunks_data_provider] Refresh() in 0.230000s
[2026-05-17 18:59:41.910] [39371] [debug] [scwx::network::ntp_client] Time offset updated: -0d 00:00:00.002250860
[2026-05-17 18:59:48.628] [39394] [debug] [scwx::provider::warnings_provider] Loading file: warnings_20260517_23.txt
[2026-05-17 18:59:54.651] [43003] [debug] [scwx::provider::aws_level2_chunks_data_provider] Refresh() in 1.030000s
[2026-05-17 19:00:04.125] [39395] [debug] [scwx::provider::warnings_provider] Loading file: warnings_20260517_23.txt
[2026-05-17 19:00:15.419] [43002] [debug] [scwx::provider::aws_level2_chunks_data_provider] Refresh() in 0.770000s
[2026-05-17 19:00:15.420] [39445] [debug] [scwx::qt::view::level2_product_view] Computing Sweep
[2026-05-17 19:00:15.420] [39445] [debug] [scwx::qt::view::level2_product_view] ComputeCoordinates()
[2026-05-17 19:00:15.420] [39449] [debug] [scwx::qt::view::level2_product_view] Computing Sweep
[2026-05-17 19:00:15.420] [39449] [debug] [scwx::qt::view::level2_product_view] ComputeCoordinates()
[2026-05-17 19:00:15.423] [39450] [debug] [scwx::qt::view::level2_product_view] Computing Sweep
[2026-05-17 19:00:15.423] [39450] [debug] [scwx::qt::view::level2_product_view] ComputeCoordinates()
[2026-05-17 19:00:15.474] [39445] [debug] [scwx::qt::view::level2_product_view] Coordinates calculated in 0.060000s
[2026-05-17 19:00:15.491] [39445] [debug] [scwx::qt::view::level2_product_view] Vertices calculated in 0.010000s
[2026-05-17 19:00:15.496] [39449] [debug] [scwx::qt::view::level2_product_view] Coordinates calculated in 0.080000s
[2026-05-17 19:00:15.504] [39450] [debug] [scwx::qt::view::level2_product_view] Coordinates calculated in 0.080000s
[2026-05-17 19:00:15.509] [39449] [debug] [scwx::qt::view::level2_product_view] Vertices calculated in 0.010000s
[2026-05-17 19:00:15.516] [39450] [debug] [scwx::qt::view::level2_product_view] Vertices calculated in 0.020000s
[2026-05-17 19:00:16.039] [39347] [debug] [scwx::qt::map::radar_product_layer] UpdateSweep()
[2026-05-17 19:00:16.043] [39347] [debug] [scwx::qt::map::radar_product_layer] Vertices buffered in 0.000000s
[2026-05-17 19:00:16.044] [39347] [debug] [scwx::qt::map::radar_product_layer] Data moments buffered in 0.000000s
[2026-05-17 19:00:16.046] [39347] [debug] [scwx::qt::map::radar_product_layer] UpdateSweep()
[2026-05-17 19:00:16.046] [39347] [debug] [scwx::qt::map::radar_product_layer] Vertices buffered in 0.000000s
[2026-05-17 19:00:16.047] [39347] [debug] [scwx::qt::map::radar_product_layer] Data moments buffered in 0.000000s
[2026-05-17 19:00:16.048] [39347] [debug] [scwx::qt::map::radar_product_layer] UpdateSweep()
[2026-05-17 19:00:16.052] [39347] [debug] [scwx::qt::map::radar_product_layer] Vertices buffered in 0.000000s
[2026-05-17 19:00:16.052] [39347] [debug] [scwx::qt::map::radar_product_layer] Data moments buffered in 0.000000s
[2026-05-17 19:00:16.054] [39347] [debug] [scwx::qt::map::radar_product_layer] CFP moments buffered in 0.000000s
[2026-05-17 19:00:18.434] [39372] [debug] [scwx::provider::nws_api_provider] GetRadarStations
[2026-05-17 19:00:20.543] [43003] [debug] [scwx::provider::aws_level2_chunks_data_provider] Refresh() in 0.540000s
[2026-05-17 19:00:20.543] [39446] [debug] [scwx::qt::view::level2_product_view] Computing Sweep
[2026-05-17 19:00:20.543] [39446] [debug] [scwx::qt::view::level2_product_view] ComputeCoordinates()
[2026-05-17 19:00:20.547] [39445] [debug] [scwx::qt::view::level2_product_view] Computing Sweep
[2026-05-17 19:00:20.547] [39445] [debug] [scwx::qt::view::level2_product_view] ComputeCoordinates()
[2026-05-17 19:00:20.548] [39449] [debug] [scwx::qt::view::level2_product_view] Computing Sweep
[2026-05-17 19:00:20.548] [39449] [debug] [scwx::qt::view::level2_product_view] ComputeCoordinates()
[2026-05-17 19:00:20.550] [39450] [debug] [scwx::qt::view::level2_product_view] Computing Sweep
[2026-05-17 19:00:20.550] [39450] [debug] [scwx::qt::view::level2_product_view] ComputeCoordinates()
[2026-05-17 19:00:20.600] [39446] [debug] [scwx::qt::view::level2_product_view] Coordinates calculated in 0.060000s
[2026-05-17 19:00:20.619] [39446] [debug] [scwx::qt::view::level2_product_view] Vertices calculated in 0.020000s
[2026-05-17 19:00:20.656] [39450] [debug] [scwx::qt::view::level2_product_view] Coordinates calculated in 0.110000s
[2026-05-17 19:00:20.656] [39449] [debug] [scwx::qt::view::level2_product_view] Coordinates calculated in 0.110000s
[2026-05-17 19:00:20.657] [39445] [debug] [scwx::qt::view::level2_product_view] Coordinates calculated in 0.110000s
[2026-05-17 19:00:20.675] [39449] [debug] [scwx::qt::view::level2_product_view] Vertices calculated in 0.020000s
[2026-05-17 19:00:20.676] [39450] [debug] [scwx::qt::view::level2_product_view] Vertices calculated in 0.020000s
[2026-05-17 19:00:20.680] [39445] [debug] [scwx::qt::view::level2_product_view] Vertices calculated in 0.020000s
[2026-05-17 19:00:21.039] [39347] [debug] [scwx::qt::map::radar_product_layer] UpdateSweep()
[2026-05-17 19:00:21.043] [39347] [debug] [scwx::qt::map::radar_product_layer] Vertices buffered in 0.000000s
[2026-05-17 19:00:21.044] [39347] [debug] [scwx::qt::map::radar_product_layer] Data moments buffered in 0.000000s
[2026-05-17 19:00:21.046] [39347] [debug] [scwx::qt::map::radar_product_layer] UpdateSweep()
[2026-05-17 19:00:21.046] [39347] [debug] [scwx::qt::map::radar_product_layer] Vertices buffered in 0.000000s
[2026-05-17 19:00:21.047] [39347] [debug] [scwx::qt::map::radar_product_layer] Data moments buffered in 0.000000s
[2026-05-17 19:00:21.048] [39347] [debug] [scwx::qt::map::radar_product_layer] UpdateSweep()
[2026-05-17 19:00:21.049] [39347] [debug] [scwx::qt::map::radar_product_layer] Vertices buffered in 0.000000s
[2026-05-17 19:00:21.051] [39347] [debug] [scwx::qt::map::radar_product_layer] Data moments buffered in 0.000000s
[2026-05-17 19:00:21.053] [39347] [debug] [scwx::qt::map::radar_product_layer] UpdateSweep()
[2026-05-17 19:00:21.057] [39347] [debug] [scwx::qt::map::radar_product_layer] Vertices buffered in 0.010000s
[2026-05-17 19:00:21.057] [39347] [debug] [scwx::qt::map::radar_product_layer] Data moments buffered in 0.000000s
[2026-05-17 19:00:21.058] [39347] [debug] [scwx::qt::map::radar_product_layer] CFP moments buffered in 0.000000s
[2026-05-17 19:00:41.427] [43003] [debug] [scwx::provider::aws_level2_chunks_data_provider] Refresh() in 0.890000s
[2026-05-17 19:00:41.428] [39446] [debug] [scwx::qt::view::level2_product_view] Computing Sweep
[2026-05-17 19:00:41.428] [39446] [debug] [scwx::qt::view::level2_product_view] ComputeCoordinates()
[2026-05-17 19:00:41.456] [39446] [debug] [scwx::qt::view::level2_product_view] Coordinates calculated in 0.030000s
[2026-05-17 19:00:41.465] [39446] [debug] [scwx::qt::view::level2_product_view] Vertices calculated in 0.010000s
[2026-05-17 19:00:42.039] [39347] [debug] [scwx::qt::map::radar_product_layer] UpdateSweep()
[2026-05-17 19:00:42.042] [39347] [debug] [scwx::qt::map::radar_product_layer] Vertices buffered in 0.000000s
[2026-05-17 19:00:42.043] [39347] [debug] [scwx::qt::map::radar_product_layer] Data moments buffered in 0.000000s
[2026-05-17 19:00:45.944] [39370] [debug] [scwx::network::ntp_client] Time offset updated: 0d 00:00:00.001904147
[2026-05-17 19:01:02.218] [43003] [debug] [scwx::provider::aws_level2_chunks_data_provider] Refresh() in 0.790000s
[2026-05-17 19:01:05.933] [39395] [debug] [scwx::provider::warnings_provider] Loading file: warnings_20260518_00.txt
[2026-05-17 19:01:07.176] [43003] [debug] [scwx::provider::aws_level2_chunks_data_provider] Refresh() in 0.180000s
[2026-05-17 19:01:18.541] [39372] [debug] [scwx::provider::nws_api_provider] GetRadarStations
[2026-05-17 19:01:28.234] [43002] [debug] [scwx::provider::aws_level2_chunks_data_provider] Refresh() in 1.050000s
[2026-05-17 19:01:28.234] [39445] [debug] [scwx::qt::view::level2_product_view] Computing Sweep
[2026-05-17 19:01:28.234] [39445] [debug] [scwx::qt::view::level2_product_view] ComputeCoordinates()
[2026-05-17 19:01:28.234] [39449] [debug] [scwx::qt::view::level2_product_view] Computing Sweep
[2026-05-17 19:01:28.234] [39449] [debug] [scwx::qt::view::level2_product_view] ComputeCoordinates()
[2026-05-17 19:01:28.238] [39450] [debug] [scwx::qt::view::level2_product_view] Computing Sweep
[2026-05-17 19:01:28.238] [39450] [debug] [scwx::qt::view::level2_product_view] ComputeCoordinates()
[2026-05-17 19:01:28.288] [39445] [debug] [scwx::qt::view::level2_product_view] Coordinates calculated in 0.060000s
[2026-05-17 19:01:28.305] [39445] [debug] [scwx::qt::view::level2_product_view] Vertices calculated in 0.020000s
[2026-05-17 19:01:28.319] [39449] [debug] [scwx::qt::view::level2_product_view] Coordinates calculated in 0.080000s
[2026-05-17 19:01:28.323] [39450] [debug] [scwx::qt::view::level2_product_view] Coordinates calculated in 0.080000s
[2026-05-17 19:01:28.331] [39449] [debug] [scwx::qt::view::level2_product_view] Vertices calculated in 0.010000s
[2026-05-17 19:01:28.335] [39450] [debug] [scwx::qt::view::level2_product_view] Vertices calculated in 0.020000s
[2026-05-17 19:01:29.033] [39347] [debug] [scwx::qt::map::radar_product_layer] UpdateSweep()
[2026-05-17 19:01:29.037] [39347] [debug] [scwx::qt::map::radar_product_layer] Vertices buffered in 0.010000s
[2026-05-17 19:01:29.038] [39347] [debug] [scwx::qt::map::radar_product_layer] Data moments buffered in 0.000000s
[2026-05-17 19:01:29.040] [39347] [debug] [scwx::qt::map::radar_product_layer] UpdateSweep()
[2026-05-17 19:01:29.040] [39347] [debug] [scwx::qt::map::radar_product_layer] Vertices buffered in 0.000000s
[2026-05-17 19:01:29.041] [39347] [debug] [scwx::qt::map::radar_product_layer] Data moments buffered in 0.000000s
[2026-05-17 19:01:29.042] [39347] [debug] [scwx::qt::map::radar_product_layer] UpdateSweep()
[2026-05-17 19:01:29.046] [39347] [debug] [scwx::qt::map::radar_product_layer] Vertices buffered in 0.010000s
[2026-05-17 19:01:29.047] [39347] [debug] [scwx::qt::map::radar_product_layer] Data moments buffered in 0.000000s
[2026-05-17 19:01:29.047] [39347] [debug] [scwx::qt::map::radar_product_layer] CFP moments buffered in 0.000000s
[2026-05-17 19:01:49.083] [43003] [debug] [scwx::provider::aws_level2_chunks_data_provider] Refresh() in 0.850000s
[2026-05-17 19:01:49.084] [39446] [debug] [scwx::qt::view::level2_product_view] Computing Sweep
[2026-05-17 19:01:49.084] [39446] [debug] [scwx::qt::view::level2_product_view] ComputeCoordinates()
[2026-05-17 19:01:49.112] [39446] [debug] [scwx::qt::view::level2_product_view] Coordinates calculated in 0.030000s
[2026-05-17 19:01:49.120] [39446] [debug] [scwx::qt::view::level2_product_view] Vertices calculated in 0.010000s
[2026-05-17 19:01:49.120] [39347] [debug] [scwx::qt::map::radar_product_layer] UpdateSweep()
[2026-05-17 19:01:49.123] [39347] [debug] [scwx::qt::map::radar_product_layer] Vertices buffered in 0.000000s
[2026-05-17 19:01:49.123] [39347] [debug] [scwx::qt::map::radar_product_layer] Data moments buffered in 0.000000s
[2026-05-17 19:01:49.978] [39371] [debug] [scwx::network::ntp_client] Time offset updated: 0d 00:00:00.001914274
[2026-05-17 19:02:07.308] [39395] [debug] [scwx::provider::warnings_provider] Loading file: warnings_20260518_00.txt
[2026-05-17 19:02:09.820] [43003] [debug] [scwx::provider::aws_level2_chunks_data_provider] Refresh() in 0.740000s
[2026-05-17 19:02:18.662] [39372] [debug] [scwx::provider::nws_api_provider] GetRadarStations
[2026-05-17 19:02:22.772] [39394] [debug] [scwx::provider::warnings_provider] Loading file: warnings_20260518_00.txt
[2026-05-17 19:02:30.434] [43003] [debug] [scwx::provider::aws_level2_chunks_data_provider] Refresh() in 0.610000s
[2026-05-17 19:02:34.146] [43002] [debug] [scwx::provider::aws_level2_chunks_data_provider] Refresh() in 0.150000s
[2026-05-17 19:02:38.137] [43002] [debug] [scwx::provider::aws_level2_chunks_data_provider] Refresh() in 0.140000s
[2026-05-17 19:02:38.238] [39395] [debug] [scwx::provider::warnings_provider] Loading file: warnings_20260518_00.txt
[2026-05-17 19:02:42.154] [43002] [debug] [scwx::provider::aws_level2_chunks_data_provider] Refresh() in 0.150000s
[2026-05-17 19:02:42.155] [39445] [debug] [scwx::qt::view::level2_product_view] Computing Sweep
[2026-05-17 19:02:42.155] [39445] [debug] [scwx::qt::view::level2_product_view] ComputeCoordinates()
[2026-05-17 19:02:42.159] [39450] [debug] [scwx::qt::view::level2_product_view] Computing Sweep
[2026-05-17 19:02:42.159] [39450] [debug] [scwx::qt::view::level2_product_view] ComputeCoordinates()
[2026-05-17 19:02:42.160] [39449] [debug] [scwx::qt::view::level2_product_view] Computing Sweep
[2026-05-17 19:02:42.160] [39449] [debug] [scwx::qt::view::level2_product_view] ComputeCoordinates()
[2026-05-17 19:02:42.210] [39445] [debug] [scwx::qt::view::level2_product_view] Coordinates calculated in 0.050000s
[2026-05-17 19:02:42.238] [39445] [debug] [scwx::qt::view::level2_product_view] Vertices calculated in 0.030000s
[2026-05-17 19:02:42.241] [39449] [debug] [scwx::qt::view::level2_product_view] Coordinates calculated in 0.080000s
[2026-05-17 19:02:42.249] [39450] [debug] [scwx::qt::view::level2_product_view] Coordinates calculated in 0.090000s
[2026-05-17 19:02:42.252] [39449] [debug] [scwx::qt::view::level2_product_view] Vertices calculated in 0.010000s
[2026-05-17 19:02:42.260] [39450] [debug] [scwx::qt::view::level2_product_view] Vertices calculated in 0.010000s
[2026-05-17 19:02:43.028] [39347] [debug] [scwx::qt::map::radar_product_layer] UpdateSweep()
[2026-05-17 19:02:43.032] [39347] [debug] [scwx::qt::map::radar_product_layer] Vertices buffered in 0.000000s
[2026-05-17 19:02:43.032] [39347] [debug] [scwx::qt::map::radar_product_layer] Data moments buffered in 0.000000s
[2026-05-17 19:02:43.034] [39347] [debug] [scwx::qt::map::radar_product_layer] UpdateSweep()
[2026-05-17 19:02:43.035] [39347] [debug] [scwx::qt::map::radar_product_layer] Vertices buffered in 0.010000s
[2026-05-17 19:02:43.035] [39347] [debug] [scwx::qt::map::radar_product_layer] Data moments buffered in 0.000000s
[2026-05-17 19:02:43.037] [39347] [debug] [scwx::qt::map::radar_product_layer] UpdateSweep()
[2026-05-17 19:02:43.040] [39347] [debug] [scwx::qt::map::radar_product_layer] Vertices buffered in 0.000000s
[2026-05-17 19:02:43.040] [39347] [debug] [scwx::qt::map::radar_product_layer] Data moments buffered in 0.000000s
[2026-05-17 19:02:43.041] [39347] [debug] [scwx::qt::map::radar_product_layer] CFP moments buffered in 0.000000s
[2026-05-17 19:02:53.701] [39394] [debug] [scwx::provider::warnings_provider] Loading file: warnings_20260518_00.txt
[2026-05-17 19:02:54.011] [39370] [debug] [scwx::network::ntp_client] Time offset updated: 0d 00:00:00.000601158
[2026-05-17 19:03:03.224] [43003] [debug] [scwx::provider::aws_level2_chunks_data_provider] Refresh() in 1.070000s
[2026-05-17 19:03:03.225] [39445] [debug] [scwx::qt::view::level2_product_view] Computing Sweep
[2026-05-17 19:03:03.225] [39445] [debug] [scwx::qt::view::level2_product_view] ComputeCoordinates()
[2026-05-17 19:03:03.225] [39446] [debug] [scwx::qt::view::level2_product_view] Computing Sweep
[2026-05-17 19:03:03.225] [39446] [debug] [scwx::qt::view::level2_product_view] ComputeCoordinates()
[2026-05-17 19:03:03.229] [39449] [debug] [scwx::qt::view::level2_product_view] Computing Sweep
[2026-05-17 19:03:03.229] [39449] [debug] [scwx::qt::view::level2_product_view] ComputeCoordinates()
[2026-05-17 19:03:03.232] [39450] [debug] [scwx::qt::view::level2_product_view] Computing Sweep
[2026-05-17 19:03:03.232] [39450] [debug] [scwx::qt::view::level2_product_view] ComputeCoordinates()
[2026-05-17 19:03:03.291] [39445] [debug] [scwx::qt::view::level2_product_view] Coordinates calculated in 0.060000s
[2026-05-17 19:03:03.317] [39445] [debug] [scwx::qt::view::level2_product_view] Vertices calculated in 0.030000s
[2026-05-17 19:03:03.326] [39449] [debug] [scwx::qt::view::level2_product_view] Coordinates calculated in 0.100000s
[2026-05-17 19:03:03.329] [39446] [debug] [scwx::qt::view::level2_product_view] Coordinates calculated in 0.100000s
[2026-05-17 19:03:03.336] [39450] [debug] [scwx::qt::view::level2_product_view] Coordinates calculated in 0.110000s
[2026-05-17 19:03:03.346] [39446] [debug] [scwx::qt::view::level2_product_view] Vertices calculated in 0.020000s
[2026-05-17 19:03:03.350] [39449] [debug] [scwx::qt::view::level2_product_view] Vertices calculated in 0.020000s
[2026-05-17 19:03:03.351] [39450] [debug] [scwx::qt::view::level2_product_view] Vertices calculated in 0.010000s
[2026-05-17 19:03:04.028] [39347] [debug] [scwx::qt::map::radar_product_layer] UpdateSweep()
[2026-05-17 19:03:04.031] [39347] [debug] [scwx::qt::map::radar_product_layer] Vertices buffered in 0.000000s
[2026-05-17 19:03:04.032] [39347] [debug] [scwx::qt::map::radar_product_layer] Data moments buffered in 0.000000s
[2026-05-17 19:03:04.034] [39347] [debug] [scwx::qt::map::radar_product_layer] UpdateSweep()
[2026-05-17 19:03:04.034] [39347] [debug] [scwx::qt::map::radar_product_layer] Vertices buffered in 0.010000s
[2026-05-17 19:03:04.035] [39347] [debug] [scwx::qt::map::radar_product_layer] Data moments buffered in 0.000000s
[2026-05-17 19:03:04.036] [39347] [debug] [scwx::qt::map::radar_product_layer] UpdateSweep()
[2026-05-17 19:03:04.037] [39347] [debug] [scwx::qt::map::radar_product_layer] Vertices buffered in 0.000000s
[2026-05-17 19:03:04.038] [39347] [debug] [scwx::qt::map::radar_product_layer] Data moments buffered in 0.000000s
[2026-05-17 19:03:04.039] [39347] [debug] [scwx::qt::map::radar_product_layer] UpdateSweep()
[2026-05-17 19:03:04.043] [39347] [debug] [scwx::qt::map::radar_product_layer] Vertices buffered in 0.000000s
[2026-05-17 19:03:04.044] [39347] [debug] [scwx::qt::map::radar_product_layer] Data moments buffered in 0.000000s
[2026-05-17 19:03:04.044] [39347] [debug] [scwx::qt::map::radar_product_layer] CFP moments buffered in 0.000000s
[2026-05-17 19:03:18.781] [39372] [debug] [scwx::provider::nws_api_provider] GetRadarStations
[2026-05-17 19:03:23.989] [43002] [debug] [scwx::provider::aws_level2_chunks_data_provider] Refresh() in 0.770000s
[2026-05-17 19:03:23.990] [39446] [debug] [scwx::qt::view::level2_product_view] Computing Sweep
[2026-05-17 19:03:23.990] [39446] [debug] [scwx::qt::view::level2_product_view] ComputeCoordinates()
[2026-05-17 19:03:24.018] [39446] [debug] [scwx::qt::view::level2_product_view] Coordinates calculated in 0.030000s
[2026-05-17 19:03:24.027] [39446] [debug] [scwx::qt::view::level2_product_view] Vertices calculated in 0.010000s
[2026-05-17 19:03:24.028] [39347] [debug] [scwx::qt::map::radar_product_layer] UpdateSweep()
[2026-05-17 19:03:24.031] [39347] [debug] [scwx::qt::map::radar_product_layer] Vertices buffered in 0.000000s
[2026-05-17 19:03:24.032] [39347] [debug] [scwx::qt::map::radar_product_layer] Data moments buffered in 0.000000s
[2026-05-17 19:03:24.470] [39394] [debug] [scwx::provider::warnings_provider] Loading file: warnings_20260518_00.txt
[2026-05-17 19:03:39.937] [39395] [debug] [scwx::provider::warnings_provider] Loading file: warnings_20260518_00.txt
[2026-05-17 19:03:44.568] [43002] [debug] [scwx::provider::aws_level2_chunks_data_provider] Refresh() in 0.580000s
[2026-05-17 19:03:50.141] [43002] [debug] [scwx::provider::aws_level2_chunks_data_provider] Refresh() in 0.140000s
[2026-05-17 19:03:53.287] [43003] [debug] [scwx::provider::aws_level2_chunks_data_provider] Refresh() in 0.150000s
[2026-05-17 19:03:55.404] [39394] [debug] [scwx::provider::warnings_provider] Loading file: warnings_20260518_00.txt
[2026-05-17 19:03:58.042] [39371] [debug] [scwx::network::ntp_client] Time offset updated: 0d 00:00:00.000566142
[2026-05-17 19:03:58.133] [43003] [debug] [scwx::provider::aws_level2_chunks_data_provider] Refresh() in 0.130000s
[2026-05-17 19:04:03.180] [43002] [debug] [scwx::provider::aws_level2_chunks_data_provider] Refresh() in 0.180000s
[2026-05-17 19:04:04.001] [43000] [debug] [scwx::provider::aws_nexrad_data_provider] Refresh()
[2026-05-17 19:04:04.001] [43000] [debug] [scwx::provider::aws_nexrad_data_provider] ListObjects: 2026/05/17/KUEX/
[2026-05-17 19:04:04.334] [43000] [debug] [scwx::provider::aws_nexrad_data_provider] Found 275 objects
[2026-05-17 19:04:04.335] [43000] [debug] [scwx::provider::aws_nexrad_data_provider] ListObjects: 2026/05/18/KUEX/
[2026-05-17 19:04:04.395] [43000] [debug] [scwx::provider::aws_nexrad_data_provider] Found 0 objects
[2026-05-17 19:04:04.395] [43000] [debug] [scwx::provider::aws_nexrad_data_provider] FindLatestKey()
[2026-05-17 19:04:06.342] [43003] [debug] [scwx::provider::aws_level2_chunks_data_provider] Refresh() in 0.160000s
[2026-05-17 19:04:10.852] [39395] [debug] [scwx::provider::warnings_provider] Loading file: warnings_20260518_00.txt
[2026-05-17 19:04:18.000] [43004] [debug] [scwx::provider::aws_nexrad_data_provider] Refresh()
[2026-05-17 19:04:18.000] [43004] [debug] [scwx::provider::aws_nexrad_data_provider] ListObjects: UEX_NST_2026_05_17_
[2026-05-17 19:04:18.279] [43004] [debug] [scwx::provider::aws_nexrad_data_provider] Found 203 objects
[2026-05-17 19:04:18.279] [43004] [debug] [scwx::provider::aws_nexrad_data_provider] ListObjects: UEX_NST_2026_05_18_
[2026-05-17 19:04:18.345] [43004] [debug] [scwx::provider::aws_nexrad_data_provider] Found 0 objects
[2026-05-17 19:04:18.345] [43004] [debug] [scwx::provider::aws_nexrad_data_provider] FindLatestKey()
[2026-05-17 19:04:18.345] [39347] [debug] [scwx::qt::view::overlay_product_view] Load Product: NST, 2026-05-17 23:58:20 UTC, true
[2026-05-17 19:04:18.345] [39347] [debug] [scwx::qt::view::overlay_product_view] Load Product: NST, 2026-05-17 23:58:20 UTC, true
[2026-05-17 19:04:18.345] [39347] [debug] [scwx::qt::view::overlay_product_view] Load Product: NST, 2026-05-17 23:58:20 UTC, true
[2026-05-17 19:04:18.345] [39347] [debug] [scwx::qt::view::overlay_product_view] Load Product: NST, 2026-05-17 23:58:20 UTC, true
[2026-05-17 19:04:18.345] [39409] [debug] [scwx::qt::manager::radar_product_manager] LoadLevel3Data: 2026-05-17 23:58:20 UTC
[2026-05-17 19:04:18.345] [39433] [debug] [scwx::qt::manager::radar_product_manager] LoadLevel3Data: 2026-05-17 23:58:20 UTC
[2026-05-17 19:04:18.345] [39437] [debug] [scwx::qt::manager::radar_product_manager] LoadLevel3Data: 2026-05-17 23:58:20 UTC
[2026-05-17 19:04:18.345] [39441] [debug] [scwx::qt::manager::radar_product_manager] LoadLevel3Data: 2026-05-17 23:58:20 UTC
[2026-05-17 19:04:18.345] [42998] [debug] [scwx::provider::aws_nexrad_data_provider] FindKey: 2026-05-17 23:58:20 UTC
[2026-05-17 19:04:18.429] [42998] [debug] [scwx::wsr88d::level3_file] Loading Data
[2026-05-17 19:04:18.429] [42998] [debug] [scwx::wsr88d::level3_file] Data Type: SD
[2026-05-17 19:04:18.429] [42998] [debug] [scwx::wsr88d::level3_file] ICAO:      KGID
[2026-05-17 19:04:18.429] [42998] [debug] [scwx::wsr88d::level3_file] Date/Time: 172358
[2026-05-17 19:04:18.429] [42998] [debug] [scwx::wsr88d::level3_file] Category:  NST
[2026-05-17 19:04:18.429] [42998] [debug] [scwx::wsr88d::level3_file] Site ID:   UEX
[2026-05-17 19:04:18.429] [42998] [debug] [scwx::wsr88d::rpg::level3_message_factory] Found Message 58
[2026-05-17 19:04:18.429] [42998] [debug] [scwx::wsr88d::rpg::graphic_product_message] Loading Blocks
[2026-05-17 19:04:18.429] [42998] [debug] [scwx::wsr88d::rpg::graphic_product_message] Product symbology block valid: true
[2026-05-17 19:04:18.429] [42998] [debug] [scwx::wsr88d::rpg::graphic_product_message] Graphic alphanumeric block valid: true
[2026-05-17 19:04:18.429] [42998] [debug] [scwx::wsr88d::rpg::graphic_product_message] Tabular alphanumeric block valid: true
[2026-05-17 19:04:18.429] [42997] [debug] [scwx::qt::manager::radar_product_manager] Level 3 product previously loaded, loading from cache
[2026-05-17 19:04:18.429] [42996] [debug] [scwx::qt::manager::radar_product_manager] Level 3 product previously loaded, loading from cache
[2026-05-17 19:04:18.429] [42999] [debug] [scwx::qt::manager::radar_product_manager] Level 3 product previously loaded, loading from cache
[2026-05-17 19:04:18.919] [39372] [debug] [scwx::provider::nws_api_provider] GetRadarStations
[2026-05-17 19:04:19.395] [43001] [debug] [scwx::provider::aws_nexrad_data_provider] Refresh()
[2026-05-17 19:04:19.395] [43001] [debug] [scwx::provider::aws_nexrad_data_provider] ListObjects: 2026/05/17/KUEX/
[2026-05-17 19:04:19.691] [43001] [debug] [scwx::provider::aws_nexrad_data_provider] Found 277 objects
[2026-05-17 19:04:19.691] [43001] [debug] [scwx::provider::aws_nexrad_data_provider] ListObjects: 2026/05/18/KUEX/
[2026-05-17 19:04:19.754] [43001] [debug] [scwx::provider::aws_nexrad_data_provider] Found 0 objects
[2026-05-17 19:04:19.754] [43001] [debug] [scwx::provider::aws_nexrad_data_provider] FindLatestKey()
[2026-05-17 19:04:19.754] [42997] [debug] [scwx::provider::aws_nexrad_data_provider] FindKey: 2026-05-17 23:58:20 UTC
[2026-05-17 19:04:20.263] [42997] [debug] [scwx::wsr88d::ar2v_file] Loading Data
[2026-05-17 19:04:20.263] [42997] [debug] [scwx::wsr88d::ar2v_file] Filename:  AR2V0006.
[2026-05-17 19:04:20.263] [42997] [debug] [scwx::wsr88d::ar2v_file] Extension: 207
[2026-05-17 19:04:20.263] [42997] [debug] [scwx::wsr88d::ar2v_file] Date:      20591 (2026-05-17)
[2026-05-17 19:04:20.263] [42997] [debug] [scwx::wsr88d::ar2v_file] Time:      86300776 (23:58:20.776000000)
[2026-05-17 19:04:20.263] [42997] [debug] [scwx::wsr88d::ar2v_file] ICAO:      KUEX
[2026-05-17 19:04:21.247] [42998] [debug] [scwx::qt::manager::radar_product_manager] Level 2 product previously loaded, loading from cache
[2026-05-17 19:04:21.247] [42996] [debug] [scwx::qt::manager::radar_product_manager] Level 2 product previously loaded, loading from cache
[2026-05-17 19:04:21.247] [42999] [debug] [scwx::qt::manager::radar_product_manager] Level 2 product previously loaded, loading from cache
[2026-05-17 19:04:26.322] [39394] [debug] [scwx::provider::warnings_provider] Loading file: warnings_20260518_00.txt
[2026-05-17 19:04:26.784] [46338] [debug] [scwx::wsr88d::ar2v_file] Loading Data
[2026-05-17 19:04:26.784] [46338] [debug] [scwx::wsr88d::ar2v_file] Filename:  AR2V0006.
[2026-05-17 19:04:26.784] [46338] [debug] [scwx::wsr88d::ar2v_file] Extension: 208
[2026-05-17 19:04:26.784] [46338] [debug] [scwx::wsr88d::ar2v_file] Date:      20592 (2026-05-18)
[2026-05-17 19:04:26.784] [46338] [debug] [scwx::wsr88d::ar2v_file] Time:      251286 (00:04:11.286000000)
[2026-05-17 19:04:26.784] [46338] [debug] [scwx::wsr88d::ar2v_file] ICAO:      KUEX
[2026-05-17 19:04:27.214] [43002] [debug] [scwx::provider::aws_level2_chunks_data_provider] Refresh() in 0.870000s
[2026-05-17 19:04:27.215] [39445] [debug] [scwx::qt::view::level2_product_view] Computing Sweep
[2026-05-17 19:04:27.215] [39445] [debug] [scwx::qt::view::level2_product_view] ComputeCoordinates()
[2026-05-17 19:04:27.219] [39449] [debug] [scwx::qt::view::level2_product_view] Computing Sweep
[2026-05-17 19:04:27.219] [39449] [debug] [scwx::qt::view::level2_product_view] ComputeCoordinates()
[2026-05-17 19:04:27.222] [39450] [debug] [scwx::qt::view::level2_product_view] Computing Sweep
[2026-05-17 19:04:27.222] [39450] [debug] [scwx::qt::view::level2_product_view] ComputeCoordinates()
[2026-05-17 19:04:27.278] [39445] [debug] [scwx::qt::view::level2_product_view] Coordinates calculated in 0.060000s
[2026-05-17 19:04:27.293] [39449] [debug] [scwx::qt::view::level2_product_view] Coordinates calculated in 0.070000s
[2026-05-17 19:04:27.297] [39450] [debug] [scwx::qt::view::level2_product_view] Coordinates calculated in 0.080000s
[2026-05-17 19:04:27.309] [39445] [debug] [scwx::qt::view::level2_product_view] Vertices calculated in 0.030000s
[2026-05-17 19:04:27.310] [39449] [debug] [scwx::qt::view::level2_product_view] Vertices calculated in 0.020000s
[2026-05-17 19:04:27.314] [39450] [debug] [scwx::qt::view::level2_product_view] Vertices calculated in 0.010000s
[2026-05-17 19:04:28.017] [39347] [debug] [scwx::qt::map::radar_product_layer] UpdateSweep()
[2026-05-17 19:04:28.020] [39347] [debug] [scwx::qt::map::radar_product_layer] Vertices buffered in 0.000000s
[2026-05-17 19:04:28.021] [39347] [debug] [scwx::qt::map::radar_product_layer] Data moments buffered in 0.000000s
[2026-05-17 19:04:28.024] [39347] [debug] [scwx::qt::map::radar_product_layer] UpdateSweep()
[2026-05-17 19:04:28.024] [39347] [debug] [scwx::qt::map::radar_product_layer] Vertices buffered in 0.010000s
[2026-05-17 19:04:28.025] [39347] [debug] [scwx::qt::map::radar_product_layer] Data moments buffered in 0.000000s
[2026-05-17 19:04:28.027] [39347] [debug] [scwx::qt::map::radar_product_layer] UpdateSweep()
[2026-05-17 19:04:28.030] [39347] [debug] [scwx::qt::map::radar_product_layer] Vertices buffered in 0.000000s
[2026-05-17 19:04:28.031] [39347] [debug] [scwx::qt::map::radar_product_layer] Data moments buffered in 0.000000s
[2026-05-17 19:04:28.031] [39347] [debug] [scwx::qt::map::radar_product_layer] CFP moments buffered in 0.000000s
[2026-05-17 19:04:30.438] [43003] [debug] [scwx::provider::aws_level2_chunks_data_provider] Refresh() in 0.230000s
[2026-05-17 19:04:30.438] [39445] [debug] [scwx::qt::view::level2_product_view] Computing Sweep
[2026-05-17 19:04:30.438] [39445] [debug] [scwx::qt::view::level2_product_view] ComputeCoordinates()
[2026-05-17 19:04:30.438] [39449] [debug] [scwx::qt::view::level2_product_view] Computing Sweep
[2026-05-17 19:04:30.438] [39449] [debug] [scwx::qt::view::level2_product_view] ComputeCoordinates()
[2026-05-17 19:04:30.439] [39450] [debug] [scwx::qt::view::level2_product_view] Computing Sweep
[2026-05-17 19:04:30.439] [39450] [debug] [scwx::qt::view::level2_product_view] ComputeCoordinates()
[2026-05-17 19:04:30.502] [39445] [debug] [scwx::qt::view::level2_product_view] Coordinates calculated in 0.060000s
[2026-05-17 19:04:30.519] [39449] [debug] [scwx::qt::view::level2_product_view] Coordinates calculated in 0.080000s
[2026-05-17 19:04:30.523] [39450] [debug] [scwx::qt::view::level2_product_view] Coordinates calculated in 0.080000s
[2026-05-17 19:04:30.531] [39445] [debug] [scwx::qt::view::level2_product_view] Vertices calculated in 0.030000s
[2026-05-17 19:04:30.534] [39449] [debug] [scwx::qt::view::level2_product_view] Vertices calculated in 0.010000s
[2026-05-17 19:04:30.537] [39450] [debug] [scwx::qt::view::level2_product_view] Vertices calculated in 0.020000s
[2026-05-17 19:04:31.017] [39347] [debug] [scwx::qt::map::radar_product_layer] UpdateSweep()
[2026-05-17 19:04:31.020] [39347] [debug] [scwx::qt::map::radar_product_layer] Vertices buffered in 0.000000s
[2026-05-17 19:04:31.024] [39347] [debug] [scwx::qt::map::radar_product_layer] Data moments buffered in 0.000000s
[2026-05-17 19:04:31.026] [39347] [debug] [scwx::qt::map::radar_product_layer] UpdateSweep()
[2026-05-17 19:04:31.027] [39347] [debug] [scwx::qt::map::radar_product_layer] Vertices buffered in 0.000000s
[2026-05-17 19:04:31.027] [39347] [debug] [scwx::qt::map::radar_product_layer] Data moments buffered in 0.000000s
[2026-05-17 19:04:31.029] [39347] [debug] [scwx::qt::map::radar_product_layer] UpdateSweep()
[2026-05-17 19:04:31.033] [39347] [debug] [scwx::qt::map::radar_product_layer] Vertices buffered in 0.000000s
[2026-05-17 19:04:31.034] [39347] [debug] [scwx::qt::map::radar_product_layer] Data moments buffered in 0.000000s
[2026-05-17 19:04:31.034] [39347] [debug] [scwx::qt::map::radar_product_layer] CFP moments buffered in 0.000000s
[2026-05-17 19:04:41.782] [39395] [debug] [scwx::provider::warnings_provider] Loading file: warnings_20260518_00.txt
[2026-05-17 19:04:51.356] [43003] [debug] [scwx::provider::aws_level2_chunks_data_provider] Refresh() in 0.920000s
[2026-05-17 19:04:51.358] [39446] [debug] [scwx::qt::view::level2_product_view] Computing Sweep
[2026-05-17 19:04:51.358] [39446] [debug] [scwx::qt::view::level2_product_view] ComputeCoordinates()
[2026-05-17 19:04:51.385] [39446] [debug] [scwx::qt::view::level2_product_view] Coordinates calculated in 0.030000s
[2026-05-17 19:04:51.394] [39446] [debug] [scwx::qt::view::level2_product_view] Vertices calculated in 0.000000s
[2026-05-17 19:04:52.011] [39347] [debug] [scwx::qt::map::radar_product_layer] UpdateSweep()
[2026-05-17 19:04:52.014] [39347] [debug] [scwx::qt::map::radar_product_layer] Vertices buffered in 0.000000s
[2026-05-17 19:04:52.015] [39347] [debug] [scwx::qt::map::radar_product_layer] Data moments buffered in 0.010000s
[2026-05-17 19:04:57.253] [39394] [debug] [scwx::provider::warnings_provider] Loading file: warnings_20260518_00.txt
[2026-05-17 19:05:02.075] [39370] [debug] [scwx::network::ntp_client] Time offset updated: 0d 00:00:00.002257749
[2026-05-17 19:05:12.340] [43002] [debug] [scwx::provider::aws_level2_chunks_data_provider] Refresh() in 0.980000s
[2026-05-17 19:05:19.031] [39372] [debug] [scwx::provider::nws_api_provider] GetRadarStations
[2026-05-17 19:05:33.419] [43002] [debug] [scwx::provider::aws_level2_chunks_data_provider] Refresh() in 1.080000s
[2026-05-17 19:05:43.324] [39395] [debug] [scwx::provider::warnings_provider] Loading file: warnings_20260518_00.txt
[2026-05-17 19:05:54.371] [43003] [debug] [scwx::provider::aws_level2_chunks_data_provider] Refresh() in 0.950000s
[2026-05-17 19:05:54.372] [39449] [debug] [scwx::qt::view::level2_product_view] Computing Sweep
[2026-05-17 19:05:54.372] [39449] [debug] [scwx::qt::view::level2_product_view] ComputeCoordinates()
[2026-05-17 19:05:54.375] [39445] [debug] [scwx::qt::view::level2_product_view] Computing Sweep
[2026-05-17 19:05:54.375] [39445] [debug] [scwx::qt::view::level2_product_view] ComputeCoordinates()
[2026-05-17 19:05:54.379] [39450] [debug] [scwx::qt::view::level2_product_view] Computing Sweep
[2026-05-17 19:05:54.379] [39450] [debug] [scwx::qt::view::level2_product_view] ComputeCoordinates()
[2026-05-17 19:05:54.431] [39449] [debug] [scwx::qt::view::level2_product_view] Coordinates calculated in 0.060000s
[2026-05-17 19:05:54.439] [39445] [debug] [scwx::qt::view::level2_product_view] Coordinates calculated in 0.060000s
[2026-05-17 19:05:54.450] [39450] [debug] [scwx::qt::view::level2_product_view] Coordinates calculated in 0.070000s
[2026-05-17 19:05:54.456] [39449] [debug] [scwx::qt::view::level2_product_view] Vertices calculated in 0.030000s
[2026-05-17 19:05:54.463] [39445] [debug] [scwx::qt::view::level2_product_view] Vertices calculated in 0.020000s
[2026-05-17 19:05:54.464] [39450] [debug] [scwx::qt::view::level2_product_view] Vertices calculated in 0.010000s
[2026-05-17 19:05:54.977] [39347] [debug] [scwx::qt::map::radar_product_layer] UpdateSweep()
[2026-05-17 19:05:54.980] [39347] [debug] [scwx::qt::map::radar_product_layer] Vertices buffered in 0.000000s
[2026-05-17 19:05:54.981] [39347] [debug] [scwx::qt::map::radar_product_layer] Data moments buffered in 0.000000s
[2026-05-17 19:05:54.983] [39347] [debug] [scwx::qt::map::radar_product_layer] UpdateSweep()
[2026-05-17 19:05:54.984] [39347] [debug] [scwx::qt::map::radar_product_layer] Vertices buffered in 0.000000s
[2026-05-17 19:05:54.984] [39347] [debug] [scwx::qt::map::radar_product_layer] Data moments buffered in 0.000000s
[2026-05-17 19:05:54.986] [39347] [debug] [scwx::qt::map::radar_product_layer] UpdateSweep()
[2026-05-17 19:05:55.002] [39347] [debug] [scwx::qt::map::radar_product_layer] Vertices buffered in 0.010000s
[2026-05-17 19:05:55.002] [39347] [debug] [scwx::qt::map::radar_product_layer] Data moments buffered in 0.000000s
[2026-05-17 19:05:55.004] [39347] [debug] [scwx::qt::map::radar_product_layer] CFP moments buffered in 0.000000s
[2026-05-17 19:05:57.619] [43002] [debug] [scwx::provider::aws_level2_chunks_data_provider] Refresh() in 0.250000s
[2026-05-17 19:05:57.619] [39445] [debug] [scwx::qt::view::level2_product_view] Computing Sweep
[2026-05-17 19:05:57.619] [39445] [debug] [scwx::qt::view::level2_product_view] ComputeCoordinates()
[2026-05-17 19:05:57.621] [39449] [debug] [scwx::qt::view::level2_product_view] Computing Sweep
[2026-05-17 19:05:57.621] [39449] [debug] [scwx::qt::view::level2_product_view] ComputeCoordinates()
[2026-05-17 19:05:57.624] [39450] [debug] [scwx::qt::view::level2_product_view] Computing Sweep
[2026-05-17 19:05:57.624] [39450] [debug] [scwx::qt::view::level2_product_view] ComputeCoordinates()
[2026-05-17 19:05:57.667] [39445] [debug] [scwx::qt::view::level2_product_view] Coordinates calculated in 0.050000s
[2026-05-17 19:05:57.694] [39449] [debug] [scwx::qt::view::level2_product_view] Coordinates calculated in 0.070000s
[2026-05-17 19:05:57.698] [39445] [debug] [scwx::qt::view::level2_product_view] Vertices calculated in 0.030000s
[2026-05-17 19:05:57.699] [39450] [debug] [scwx::qt::view::level2_product_view] Coordinates calculated in 0.080000s
[2026-05-17 19:05:57.708] [39449] [debug] [scwx::qt::view::level2_product_view] Vertices calculated in 0.020000s
[2026-05-17 19:05:57.710] [39450] [debug] [scwx::qt::view::level2_product_view] Vertices calculated in 0.010000s
[2026-05-17 19:05:57.977] [39347] [debug] [scwx::qt::map::radar_product_layer] UpdateSweep()
[2026-05-17 19:05:57.980] [39347] [debug] [scwx::qt::map::radar_product_layer] Vertices buffered in 0.000000s
[2026-05-17 19:05:57.981] [39347] [debug] [scwx::qt::map::radar_product_layer] Data moments buffered in 0.000000s
[2026-05-17 19:05:57.983] [39347] [debug] [scwx::qt::map::radar_product_layer] UpdateSweep()
[2026-05-17 19:05:57.983] [39347] [debug] [scwx::qt::map::radar_product_layer] Vertices buffered in 0.000000s
[2026-05-17 19:05:57.984] [39347] [debug] [scwx::qt::map::radar_product_layer] Data moments buffered in 0.000000s
[2026-05-17 19:05:57.985] [39347] [debug] [scwx::qt::map::radar_product_layer] UpdateSweep()
[2026-05-17 19:05:57.989] [39347] [debug] [scwx::qt::map::radar_product_layer] Vertices buffered in 0.000000s
[2026-05-17 19:05:57.990] [39347] [debug] [scwx::qt::map::radar_product_layer] Data moments buffered in 0.000000s
[2026-05-17 19:05:57.992] [39347] [debug] [scwx::qt::map::radar_product_layer] CFP moments buffered in 0.000000s
[2026-05-17 19:05:58.792] [39394] [debug] [scwx::provider::warnings_provider] Loading file: warnings_20260518_00.txt
[2026-05-17 19:06:06.105] [39371] [debug] [scwx::network::ntp_client] Time offset updated: 0d 00:00:00.000775625
[2026-05-17 19:06:14.244] [39395] [debug] [scwx::provider::warnings_provider] Loading file: warnings_20260518_00.txt
[2026-05-17 19:06:18.575] [43002] [debug] [scwx::provider::aws_level2_chunks_data_provider] Refresh() in 0.960000s
[2026-05-17 19:06:18.576] [39445] [debug] [scwx::qt::view::level2_product_view] Computing Sweep
[2026-05-17 19:06:18.576] [39445] [debug] [scwx::qt::view::level2_product_view] ComputeCoordinates()
[2026-05-17 19:06:18.576] [39446] [debug] [scwx::qt::view::level2_product_view] Computing Sweep
[2026-05-17 19:06:18.576] [39446] [debug] [scwx::qt::view::level2_product_view] ComputeCoordinates()
[2026-05-17 19:06:18.576] [39450] [debug] [scwx::qt::view::level2_product_view] Computing Sweep
[2026-05-17 19:06:18.576] [39450] [debug] [scwx::qt::view::level2_product_view] ComputeCoordinates()
[2026-05-17 19:06:18.576] [39449] [debug] [scwx::qt::view::level2_product_view] Computing Sweep
[2026-05-17 19:06:18.576] [39449] [debug] [scwx::qt::view::level2_product_view] ComputeCoordinates()
[2026-05-17 19:06:18.637] [39445] [debug] [scwx::qt::view::level2_product_view] Coordinates calculated in 0.060000s
[2026-05-17 19:06:18.661] [39446] [debug] [scwx::qt::view::level2_product_view] Coordinates calculated in 0.080000s
[2026-05-17 19:06:18.664] [39445] [debug] [scwx::qt::view::level2_product_view] Vertices calculated in 0.020000s
[2026-05-17 19:06:18.672] [39446] [debug] [scwx::qt::view::level2_product_view] Vertices calculated in 0.010000s
[2026-05-17 19:06:18.674] [39449] [debug] [scwx::qt::view::level2_product_view] Coordinates calculated in 0.090000s
[2026-05-17 19:06:18.680] [39450] [debug] [scwx::qt::view::level2_product_view] Coordinates calculated in 0.100000s
[2026-05-17 19:06:18.688] [39449] [debug] [scwx::qt::view::level2_product_view] Vertices calculated in 0.010000s
[2026-05-17 19:06:18.690] [39450] [debug] [scwx::qt::view::level2_product_view] Vertices calculated in 0.010000s
[2026-05-17 19:06:18.977] [39347] [debug] [scwx::qt::map::radar_product_layer] UpdateSweep()
[2026-05-17 19:06:18.981] [39347] [debug] [scwx::qt::map::radar_product_layer] Vertices buffered in 0.000000s
[2026-05-17 19:06:18.981] [39347] [debug] [scwx::qt::map::radar_product_layer] Data moments buffered in 0.000000s
[2026-05-17 19:06:18.983] [39347] [debug] [scwx::qt::map::radar_product_layer] UpdateSweep()
[2026-05-17 19:06:18.984] [39347] [debug] [scwx::qt::map::radar_product_layer] Vertices buffered in 0.000000s
[2026-05-17 19:06:18.984] [39347] [debug] [scwx::qt::map::radar_product_layer] Data moments buffered in 0.000000s
[2026-05-17 19:06:18.986] [39347] [debug] [scwx::qt::map::radar_product_layer] UpdateSweep()
[2026-05-17 19:06:18.987] [39347] [debug] [scwx::qt::map::radar_product_layer] Vertices buffered in 0.000000s
[2026-05-17 19:06:18.987] [39347] [debug] [scwx::qt::map::radar_product_layer] Data moments buffered in 0.000000s
[2026-05-17 19:06:18.988] [39347] [debug] [scwx::qt::map::radar_product_layer] UpdateSweep()
[2026-05-17 19:06:18.992] [39347] [debug] [scwx::qt::map::radar_product_layer] Vertices buffered in 0.000000s
[2026-05-17 19:06:18.993] [39347] [debug] [scwx::qt::map::radar_product_layer] Data moments buffered in 0.000000s
[2026-05-17 19:06:18.993] [39347] [debug] [scwx::qt::map::radar_product_layer] CFP moments buffered in 0.000000s
[2026-05-17 19:06:19.142] [39372] [debug] [scwx::provider::nws_api_provider] GetRadarStations
[2026-05-17 19:06:39.327] [43003] [debug] [scwx::provider::aws_level2_chunks_data_provider] Refresh() in 0.750000s
[2026-05-17 19:06:44.142] [43003] [debug] [scwx::provider::aws_level2_chunks_data_provider] Refresh() in 0.140000s
[2026-05-17 19:06:47.290] [43002] [debug] [scwx::provider::aws_level2_chunks_data_provider] Refresh() in 0.150000s
[2026-05-17 19:07:07.945] [43002] [debug] [scwx::provider::aws_level2_chunks_data_provider] Refresh() in 0.660000s
[2026-05-17 19:07:07.946] [39445] [debug] [scwx::qt::view::level2_product_view] Computing Sweep
[2026-05-17 19:07:07.946] [39445] [debug] [scwx::qt::view::level2_product_view] ComputeCoordinates()
[2026-05-17 19:07:07.950] [39450] [debug] [scwx::qt::view::level2_product_view] Computing Sweep
[2026-05-17 19:07:07.950] [39450] [debug] [scwx::qt::view::level2_product_view] ComputeCoordinates()
[2026-05-17 19:07:07.950] [39449] [debug] [scwx::qt::view::level2_product_view] Computing Sweep
[2026-05-17 19:07:07.950] [39449] [debug] [scwx::qt::view::level2_product_view] ComputeCoordinates()
[2026-05-17 19:07:08.002] [39445] [debug] [scwx::qt::view::level2_product_view] Coordinates calculated in 0.050000s
[2026-05-17 19:07:08.018] [39445] [debug] [scwx::qt::view::level2_product_view] Vertices calculated in 0.020000s
[2026-05-17 19:07:08.021] [39347] [debug] [scwx::qt::map::radar_product_layer] UpdateSweep()
[2026-05-17 19:07:08.024] [39449] [debug] [scwx::qt::view::level2_product_view] Coordinates calculated in 0.070000s
[2026-05-17 19:07:08.026] [39347] [debug] [scwx::qt::map::radar_product_layer] Vertices buffered in 0.010000s
[2026-05-17 19:07:08.027] [39450] [debug] [scwx::qt::view::level2_product_view] Coordinates calculated in 0.080000s
[2026-05-17 19:07:08.027] [39347] [debug] [scwx::qt::map::radar_product_layer] Data moments buffered in 0.000000s
[2026-05-17 19:07:08.031] [39347] [debug] [scwx::qt::map::radar_product_layer] CFP moments buffered in 0.000000s
[2026-05-17 19:07:08.035] [39449] [debug] [scwx::qt::view::level2_product_view] Vertices calculated in 0.020000s
[2026-05-17 19:07:08.039] [39450] [debug] [scwx::qt::view::level2_product_view] Vertices calculated in 0.010000s
[2026-05-17 19:07:08.977] [39347] [debug] [scwx::qt::map::radar_product_layer] UpdateSweep()
[2026-05-17 19:07:08.978] [39347] [debug] [scwx::qt::map::radar_product_layer] Vertices buffered in 0.000000s
[2026-05-17 19:07:08.979] [39347] [debug] [scwx::qt::map::radar_product_layer] Data moments buffered in 0.000000s
[2026-05-17 19:07:08.981] [39347] [debug] [scwx::qt::map::radar_product_layer] UpdateSweep()
[2026-05-17 19:07:08.982] [39347] [debug] [scwx::qt::map::radar_product_layer] Vertices buffered in 0.000000s
[2026-05-17 19:07:08.982] [39347] [debug] [scwx::qt::map::radar_product_layer] Data moments buffered in 0.000000s
[2026-05-17 19:07:10.138] [39370] [debug] [scwx::network::ntp_client] Time offset updated: -0d 00:00:00.000305304
[2026-05-17 19:07:13.369] [43002] [debug] [scwx::provider::aws_level2_chunks_data_provider] Refresh() in 0.370000s
[2026-05-17 19:07:13.370] [39445] [debug] [scwx::qt::view::level2_product_view] Computing Sweep
[2026-05-17 19:07:13.370] [39445] [debug] [scwx::qt::view::level2_product_view] ComputeCoordinates()
[2026-05-17 19:07:13.371] [39449] [debug] [scwx::qt::view::level2_product_view] Computing Sweep
[2026-05-17 19:07:13.371] [39449] [debug] [scwx::qt::view::level2_product_view] ComputeCoordinates()
[2026-05-17 19:07:13.376] [39450] [debug] [scwx::qt::view::level2_product_view] Computing Sweep
[2026-05-17 19:07:13.376] [39450] [debug] [scwx::qt::view::level2_product_view] ComputeCoordinates()
[2026-05-17 19:07:13.418] [39445] [debug] [scwx::qt::view::level2_product_view] Coordinates calculated in 0.050000s
[2026-05-17 19:07:13.442] [39449] [debug] [scwx::qt::view::level2_product_view] Coordinates calculated in 0.070000s
[2026-05-17 19:07:13.451] [39450] [debug] [scwx::qt::view::level2_product_view] Coordinates calculated in 0.070000s
[2026-05-17 19:07:13.451] [39445] [debug] [scwx::qt::view::level2_product_view] Vertices calculated in 0.030000s
[2026-05-17 19:07:13.455] [39449] [debug] [scwx::qt::view::level2_product_view] Vertices calculated in 0.020000s
[2026-05-17 19:07:13.461] [39450] [debug] [scwx::qt::view::level2_product_view] Vertices calculated in 0.010000s
[2026-05-17 19:07:13.977] [39347] [debug] [scwx::qt::map::radar_product_layer] UpdateSweep()
[2026-05-17 19:07:13.980] [39347] [debug] [scwx::qt::map::radar_product_layer] Vertices buffered in 0.000000s
[2026-05-17 19:07:13.981] [39347] [debug] [scwx::qt::map::radar_product_layer] Data moments buffered in 0.000000s
[2026-05-17 19:07:13.983] [39347] [debug] [scwx::qt::map::radar_product_layer] UpdateSweep()
[2026-05-17 19:07:13.984] [39347] [debug] [scwx::qt::map::radar_product_layer] Vertices buffered in 0.000000s
[2026-05-17 19:07:13.984] [39347] [debug] [scwx::qt::map::radar_product_layer] Data moments buffered in 0.000000s
[2026-05-17 19:07:13.986] [39347] [debug] [scwx::qt::map::radar_product_layer] UpdateSweep()
[2026-05-17 19:07:13.990] [39347] [debug] [scwx::qt::map::radar_product_layer] Vertices buffered in 0.000000s
[2026-05-17 19:07:13.990] [39347] [debug] [scwx::qt::map::radar_product_layer] Data moments buffered in 0.000000s
[2026-05-17 19:07:13.991] [39347] [debug] [scwx::qt::map::radar_product_layer] CFP moments buffered in 0.000000s
[2026-05-17 19:07:19.252] [39372] [debug] [scwx::provider::nws_api_provider] GetRadarStations
[2026-05-17 19:07:30.982] [39394] [debug] [scwx::provider::warnings_provider] Loading file: warnings_20260518_00.txt
[2026-05-17 19:07:34.386] [43003] [debug] [scwx::provider::aws_level2_chunks_data_provider] Refresh() in 1.020000s
[2026-05-17 19:07:34.387] [39445] [debug] [scwx::qt::view::level2_product_view] Computing Sweep
[2026-05-17 19:07:34.387] [39445] [debug] [scwx::qt::view::level2_product_view] ComputeCoordinates()
[2026-05-17 19:07:34.387] [39446] [debug] [scwx::qt::view::level2_product_view] Computing Sweep
[2026-05-17 19:07:34.387] [39446] [debug] [scwx::qt::view::level2_product_view] ComputeCoordinates()
[2026-05-17 19:07:34.389] [39450] [debug] [scwx::qt::view::level2_product_view] Computing Sweep
[2026-05-17 19:07:34.389] [39450] [debug] [scwx::qt::view::level2_product_view] ComputeCoordinates()
[2026-05-17 19:07:34.389] [39449] [debug] [scwx::qt::view::level2_product_view] Computing Sweep
[2026-05-17 19:07:34.389] [39449] [debug] [scwx::qt::view::level2_product_view] ComputeCoordinates()
[2026-05-17 19:07:34.446] [39445] [debug] [scwx::qt::view::level2_product_view] Coordinates calculated in 0.060000s
[2026-05-17 19:07:34.473] [39445] [debug] [scwx::qt::view::level2_product_view] Vertices calculated in 0.020000s
[2026-05-17 19:07:34.483] [39449] [debug] [scwx::qt::view::level2_product_view] Coordinates calculated in 0.090000s
[2026-05-17 19:07:34.485] [39446] [debug] [scwx::qt::view::level2_product_view] Coordinates calculated in 0.100000s
[2026-05-17 19:07:34.494] [39450] [debug] [scwx::qt::view::level2_product_view] Coordinates calculated in 0.110000s
[2026-05-17 19:07:34.500] [39449] [debug] [scwx::qt::view::level2_product_view] Vertices calculated in 0.020000s
[2026-05-17 19:07:34.501] [39446] [debug] [scwx::qt::view::level2_product_view] Vertices calculated in 0.010000s
[2026-05-17 19:07:34.507] [39450] [debug] [scwx::qt::view::level2_product_view] Vertices calculated in 0.010000s
[2026-05-17 19:07:34.977] [39347] [debug] [scwx::qt::map::radar_product_layer] UpdateSweep()
[2026-05-17 19:07:34.981] [39347] [debug] [scwx::qt::map::radar_product_layer] Vertices buffered in 0.000000s
[2026-05-17 19:07:34.981] [39347] [debug] [scwx::qt::map::radar_product_layer] Data moments buffered in 0.000000s
[2026-05-17 19:07:34.983] [39347] [debug] [scwx::qt::map::radar_product_layer] UpdateSweep()
[2026-05-17 19:07:34.984] [39347] [debug] [scwx::qt::map::radar_product_layer] Vertices buffered in 0.000000s
[2026-05-17 19:07:34.984] [39347] [debug] [scwx::qt::map::radar_product_layer] Data moments buffered in 0.010000s
[2026-05-17 19:07:34.986] [39347] [debug] [scwx::qt::map::radar_product_layer] UpdateSweep()
[2026-05-17 19:07:34.987] [39347] [debug] [scwx::qt::map::radar_product_layer] Vertices buffered in 0.000000s
[2026-05-17 19:07:34.987] [39347] [debug] [scwx::qt::map::radar_product_layer] Data moments buffered in 0.000000s
[2026-05-17 19:07:34.988] [39347] [debug] [scwx::qt::map::radar_product_layer] UpdateSweep()
[2026-05-17 19:07:34.992] [39347] [debug] [scwx::qt::map::radar_product_layer] Vertices buffered in 0.000000s
[2026-05-17 19:07:34.992] [39347] [debug] [scwx::qt::map::radar_product_layer] Data moments buffered in 0.000000s
[2026-05-17 19:07:34.994] [39347] [debug] [scwx::qt::map::radar_product_layer] CFP moments buffered in 0.010000s
[2026-05-17 19:07:37.556] [43002] [debug] [scwx::provider::aws_level2_chunks_data_provider] Refresh() in 0.170000s
[2026-05-17 19:07:46.467] [39395] [debug] [scwx::provider::warnings_provider] Loading file: warnings_20260518_00.txt
[2026-05-17 19:07:58.212] [43003] [debug] [scwx::provider::aws_level2_chunks_data_provider] Refresh() in 0.650000s
[2026-05-17 19:08:02.191] [43002] [debug] [scwx::provider::aws_level2_chunks_data_provider] Refresh() in 0.190000s
[2026-05-17 19:08:06.167] [43002] [debug] [scwx::provider::aws_level2_chunks_data_provider] Refresh() in 0.170000s
[2026-05-17 19:08:14.173] [39371] [debug] [scwx::network::ntp_client] Time offset updated: 0d 00:00:00.001949377
[2026-05-17 19:08:17.427] [39395] [debug] [scwx::provider::warnings_provider] Loading file: warnings_20260518_00.txt
[2026-05-17 19:08:19.372] [39372] [debug] [scwx::provider::nws_api_provider] GetRadarStations
[2026-05-17 19:08:26.806] [43003] [debug] [scwx::provider::aws_level2_chunks_data_provider] Refresh() in 0.640000s
[2026-05-17 19:08:29.948] [43002] [debug] [scwx::provider::aws_level2_chunks_data_provider] Refresh() in 0.140000s
[2026-05-17 19:08:33.006] [39394] [debug] [scwx::provider::warnings_provider] Loading file: warnings_20260518_00.txt
[2026-05-17 19:08:33.142] [43003] [debug] [scwx::provider::aws_level2_chunks_data_provider] Refresh() in 0.140000s
[2026-05-17 19:08:33.143] [39445] [debug] [scwx::qt::view::level2_product_view] Computing Sweep
[2026-05-17 19:08:33.143] [39445] [debug] [scwx::qt::view::level2_product_view] ComputeCoordinates()
[2026-05-17 19:08:33.144] [39450] [debug] [scwx::qt::view::level2_product_view] Computing Sweep
[2026-05-17 19:08:33.144] [39450] [debug] [scwx::qt::view::level2_product_view] ComputeCoordinates()
[2026-05-17 19:08:33.148] [39449] [debug] [scwx::qt::view::level2_product_view] Computing Sweep
[2026-05-17 19:08:33.148] [39449] [debug] [scwx::qt::view::level2_product_view] ComputeCoordinates()
[2026-05-17 19:08:33.195] [39445] [debug] [scwx::qt::view::level2_product_view] Coordinates calculated in 0.060000s
[2026-05-17 19:08:33.218] [39449] [debug] [scwx::qt::view::level2_product_view] Coordinates calculated in 0.070000s
[2026-05-17 19:08:33.222] [39450] [debug] [scwx::qt::view::level2_product_view] Coordinates calculated in 0.080000s
[2026-05-17 19:08:33.229] [39445] [debug] [scwx::qt::view::level2_product_view] Vertices calculated in 0.030000s
[2026-05-17 19:08:33.231] [39449] [debug] [scwx::qt::view::level2_product_view] Vertices calculated in 0.010000s
[2026-05-17 19:08:33.235] [39450] [debug] [scwx::qt::view::level2_product_view] Vertices calculated in 0.020000s
[2026-05-17 19:08:33.966] [39347] [debug] [scwx::qt::map::radar_product_layer] UpdateSweep()
[2026-05-17 19:08:33.969] [39347] [debug] [scwx::qt::map::radar_product_layer] Vertices buffered in 0.000000s
[2026-05-17 19:08:33.970] [39347] [debug] [scwx::qt::map::radar_product_layer] Data moments buffered in 0.000000s
[2026-05-17 19:08:33.972] [39347] [debug] [scwx::qt::map::radar_product_layer] UpdateSweep()
[2026-05-17 19:08:33.973] [39347] [debug] [scwx::qt::map::radar_product_layer] Vertices buffered in 0.000000s
[2026-05-17 19:08:33.973] [39347] [debug] [scwx::qt::map::radar_product_layer] Data moments buffered in 0.000000s
[2026-05-17 19:08:33.975] [39347] [debug] [scwx::qt::map::radar_product_layer] UpdateSweep()
[2026-05-17 19:08:33.978] [39347] [debug] [scwx::qt::map::radar_product_layer] Vertices buffered in 0.000000s
[2026-05-17 19:08:33.979] [39347] [debug] [scwx::qt::map::radar_product_layer] Data moments buffered in 0.000000s
[2026-05-17 19:08:33.979] [39347] [debug] [scwx::qt::map::radar_product_layer] CFP moments buffered in 0.000000s
[2026-05-17 19:08:37.285] [43002] [debug] [scwx::provider::aws_level2_chunks_data_provider] Refresh() in 0.290000s
[2026-05-17 19:08:37.286] [39445] [debug] [scwx::qt::view::level2_product_view] Computing Sweep
[2026-05-17 19:08:37.286] [39445] [debug] [scwx::qt::view::level2_product_view] ComputeCoordinates()
[2026-05-17 19:08:37.287] [39450] [debug] [scwx::qt::view::level2_product_view] Computing Sweep
[2026-05-17 19:08:37.287] [39450] [debug] [scwx::qt::view::level2_product_view] ComputeCoordinates()
[2026-05-17 19:08:37.290] [39449] [debug] [scwx::qt::view::level2_product_view] Computing Sweep
[2026-05-17 19:08:37.290] [39449] [debug] [scwx::qt::view::level2_product_view] ComputeCoordinates()
[2026-05-17 19:08:37.339] [39445] [debug] [scwx::qt::view::level2_product_view] Coordinates calculated in 0.050000s
[2026-05-17 19:08:37.362] [39449] [debug] [scwx::qt::view::level2_product_view] Coordinates calculated in 0.070000s
[2026-05-17 19:08:37.365] [39450] [debug] [scwx::qt::view::level2_product_view] Coordinates calculated in 0.080000s
[2026-05-17 19:08:37.370] [39445] [debug] [scwx::qt::view::level2_product_view] Vertices calculated in 0.030000s
[2026-05-17 19:08:37.377] [39449] [debug] [scwx::qt::view::level2_product_view] Vertices calculated in 0.020000s
[2026-05-17 19:08:37.378] [39450] [debug] [scwx::qt::view::level2_product_view] Vertices calculated in 0.010000s
[2026-05-17 19:08:37.960] [39347] [debug] [scwx::qt::map::radar_product_layer] UpdateSweep()
[2026-05-17 19:08:37.964] [39347] [debug] [scwx::qt::map::radar_product_layer] Vertices buffered in 0.000000s
[2026-05-17 19:08:37.965] [39347] [debug] [scwx::qt::map::radar_product_layer] Data moments buffered in 0.010000s
[2026-05-17 19:08:37.966] [39347] [debug] [scwx::qt::map::radar_product_layer] UpdateSweep()
[2026-05-17 19:08:37.967] [39347] [debug] [scwx::qt::map::radar_product_layer] Vertices buffered in 0.000000s
[2026-05-17 19:08:37.968] [39347] [debug] [scwx::qt::map::radar_product_layer] Data moments buffered in 0.000000s
[2026-05-17 19:08:37.969] [39347] [debug] [scwx::qt::map::radar_product_layer] UpdateSweep()
[2026-05-17 19:08:37.973] [39347] [debug] [scwx::qt::map::radar_product_layer] Vertices buffered in 0.000000s
[2026-05-17 19:08:37.973] [39347] [debug] [scwx::qt::map::radar_product_layer] Data moments buffered in 0.000000s
[2026-05-17 19:08:37.974] [39347] [debug] [scwx::qt::map::radar_product_layer] CFP moments buffered in 0.000000s
[2026-05-17 19:08:58.304] [43003] [debug] [scwx::provider::aws_level2_chunks_data_provider] Refresh() in 1.010000s
[2026-05-17 19:08:58.304] [39445] [debug] [scwx::qt::view::level2_product_view] Computing Sweep
[2026-05-17 19:08:58.304] [39445] [debug] [scwx::qt::view::level2_product_view] ComputeCoordinates()
[2026-05-17 19:08:58.304] [39450] [debug] [scwx::qt::view::level2_product_view] Computing Sweep
[2026-05-17 19:08:58.304] [39450] [debug] [scwx::qt::view::level2_product_view] ComputeCoordinates()
[2026-05-17 19:08:58.305] [39449] [debug] [scwx::qt::view::level2_product_view] Computing Sweep
[2026-05-17 19:08:58.305] [39449] [debug] [scwx::qt::view::level2_product_view] ComputeCoordinates()
[2026-05-17 19:08:58.308] [39446] [debug] [scwx::qt::view::level2_product_view] Computing Sweep
[2026-05-17 19:08:58.308] [39446] [debug] [scwx::qt::view::level2_product_view] ComputeCoordinates()
[2026-05-17 19:08:58.357] [39445] [debug] [scwx::qt::view::level2_product_view] Coordinates calculated in 0.060000s
[2026-05-17 19:08:58.385] [39445] [debug] [scwx::qt::view::level2_product_view] Vertices calculated in 0.030000s
[2026-05-17 19:08:58.400] [39446] [debug] [scwx::qt::view::level2_product_view] Coordinates calculated in 0.090000s
[2026-05-17 19:08:58.406] [39449] [debug] [scwx::qt::view::level2_product_view] Coordinates calculated in 0.100000s
[2026-05-17 19:08:58.409] [39450] [debug] [scwx::qt::view::level2_product_view] Coordinates calculated in 0.100000s
[2026-05-17 19:08:58.416] [39446] [debug] [scwx::qt::view::level2_product_view] Vertices calculated in 0.020000s
[2026-05-17 19:08:58.423] [39449] [debug] [scwx::qt::view::level2_product_view] Vertices calculated in 0.010000s
[2026-05-17 19:08:58.425] [39450] [debug] [scwx::qt::view::level2_product_view] Vertices calculated in 0.020000s
[2026-05-17 19:08:58.960] [39347] [debug] [scwx::qt::map::radar_product_layer] UpdateSweep()
[2026-05-17 19:08:58.964] [39347] [debug] [scwx::qt::map::radar_product_layer] Vertices buffered in 0.000000s
[2026-05-17 19:08:58.964] [39347] [debug] [scwx::qt::map::radar_product_layer] Data moments buffered in 0.010000s
[2026-05-17 19:08:58.966] [39347] [debug] [scwx::qt::map::radar_product_layer] UpdateSweep()
[2026-05-17 19:08:58.967] [39347] [debug] [scwx::qt::map::radar_product_layer] Vertices buffered in 0.000000s
[2026-05-17 19:08:58.969] [39347] [debug] [scwx::qt::map::radar_product_layer] Data moments buffered in 0.000000s
[2026-05-17 19:08:58.970] [39347] [debug] [scwx::qt::map::radar_product_layer] UpdateSweep()
[2026-05-17 19:08:58.971] [39347] [debug] [scwx::qt::map::radar_product_layer] Vertices buffered in 0.000000s
[2026-05-17 19:08:58.971] [39347] [debug] [scwx::qt::map::radar_product_layer] Data moments buffered in 0.000000s
[2026-05-17 19:08:58.973] [39347] [debug] [scwx::qt::map::radar_product_layer] UpdateSweep()
[2026-05-17 19:08:58.976] [39347] [debug] [scwx::qt::map::radar_product_layer] Vertices buffered in 0.010000s
[2026-05-17 19:08:58.977] [39347] [debug] [scwx::qt::map::radar_product_layer] Data moments buffered in 0.000000s
[2026-05-17 19:08:58.977] [39347] [debug] [scwx::qt::map::radar_product_layer] CFP moments buffered in 0.000000s
[2026-05-17 19:09:03.809] [39394] [debug] [scwx::provider::warnings_provider] Loading file: warnings_20260518_00.txt
[2026-05-17 19:09:18.205] [39370] [debug] [scwx::network::ntp_client] Time offset updated: 0d 00:00:00.000175265
[2026-05-17 19:09:19.071] [43002] [debug] [scwx::provider::aws_level2_chunks_data_provider] Refresh() in 0.770000s
[2026-05-17 19:09:19.071] [39446] [debug] [scwx::qt::view::level2_product_view] Computing Sweep
[2026-05-17 19:09:19.071] [39446] [debug] [scwx::qt::view::level2_product_view] ComputeCoordinates()
[2026-05-17 19:09:19.097] [39446] [debug] [scwx::qt::view::level2_product_view] Coordinates calculated in 0.030000s
[2026-05-17 19:09:19.104] [39446] [debug] [scwx::qt::view::level2_product_view] Vertices calculated in 0.010000s
[2026-05-17 19:09:19.106] [39347] [debug] [scwx::qt::map::radar_product_layer] UpdateSweep()
[2026-05-17 19:09:19.109] [39347] [debug] [scwx::qt::map::radar_product_layer] Vertices buffered in 0.000000s
[2026-05-17 19:09:19.109] [39347] [debug] [scwx::qt::map::radar_product_layer] Data moments buffered in 0.000000s
[2026-05-17 19:09:19.276] [39395] [debug] [scwx::provider::warnings_provider] Loading file: warnings_20260518_00.txt
[2026-05-17 19:09:19.478] [39372] [debug] [scwx::provider::nws_api_provider] GetRadarStations
[2026-05-17 19:09:22.224] [43003] [debug] [scwx::provider::aws_level2_chunks_data_provider] Refresh() in 0.150000s
[2026-05-17 19:09:27.212] [43002] [debug] [scwx::provider::aws_level2_chunks_data_provider] Refresh() in 0.210000s
[2026-05-17 19:09:47.770] [43002] [debug] [scwx::provider::aws_level2_chunks_data_provider] Refresh() in 0.560000s
[2026-05-17 19:09:56.998] [43001] [debug] [scwx::provider::aws_nexrad_data_provider] Refresh()
[2026-05-17 19:09:56.998] [43001] [debug] [scwx::provider::aws_nexrad_data_provider] ListObjects: 2026/05/17/KUEX/
[2026-05-17 19:09:57.322] [43001] [debug] [scwx::provider::aws_nexrad_data_provider] Found 277 objects
[2026-05-17 19:09:57.322] [43001] [debug] [scwx::provider::aws_nexrad_data_provider] ListObjects: 2026/05/18/KUEX/
[2026-05-17 19:09:57.410] [43001] [debug] [scwx::provider::aws_nexrad_data_provider] Found 1 objects
[2026-05-17 19:09:57.410] [43001] [debug] [scwx::provider::aws_nexrad_data_provider] FindLatestKey()
[2026-05-17 19:09:57.410] [42998] [debug] [scwx::provider::aws_nexrad_data_provider] FindKey: 2026-05-18 00:04:11 UTC
[2026-05-17 19:09:57.926] [42998] [debug] [scwx::wsr88d::ar2v_file] Loading Data
[2026-05-17 19:09:57.926] [42998] [debug] [scwx::wsr88d::ar2v_file] Filename:  AR2V0006.
[2026-05-17 19:09:57.926] [42998] [debug] [scwx::wsr88d::ar2v_file] Extension: 208
[2026-05-17 19:09:57.926] [42998] [debug] [scwx::wsr88d::ar2v_file] Date:      20592 (2026-05-18)
[2026-05-17 19:09:57.926] [42998] [debug] [scwx::wsr88d::ar2v_file] Time:      251286 (00:04:11.286000000)
[2026-05-17 19:09:57.926] [42998] [debug] [scwx::wsr88d::ar2v_file] ICAO:      KUEX
[2026-05-17 19:09:58.894] [42996] [debug] [scwx::qt::manager::radar_product_manager] Level 2 product previously loaded, loading from cache
[2026-05-17 19:09:58.894] [42999] [debug] [scwx::qt::manager::radar_product_manager] Level 2 product previously loaded, loading from cache
[2026-05-17 19:09:58.894] [42997] [debug] [scwx::qt::manager::radar_product_manager] Level 2 product previously loaded, loading from cache
[2026-05-17 19:09:59.998] [43005] [debug] [scwx::provider::aws_nexrad_data_provider] Refresh()
[2026-05-17 19:09:59.998] [43005] [debug] [scwx::provider::aws_nexrad_data_provider] ListObjects: UEX_NST_2026_05_17_
[2026-05-17 19:10:00.267] [43005] [debug] [scwx::provider::aws_nexrad_data_provider] Found 203 objects
[2026-05-17 19:10:00.267] [43005] [debug] [scwx::provider::aws_nexrad_data_provider] ListObjects: UEX_NST_2026_05_18_
[2026-05-17 19:10:00.329] [43005] [debug] [scwx::provider::aws_nexrad_data_provider] Found 0 objects
[2026-05-17 19:10:00.329] [43005] [debug] [scwx::provider::aws_nexrad_data_provider] FindLatestKey()
[2026-05-17 19:10:05.375] [39394] [debug] [scwx::provider::warnings_provider] Loading file: warnings_20260518_00.txt
[2026-05-17 19:10:08.179] [43003] [debug] [scwx::provider::aws_level2_chunks_data_provider] Refresh() in 0.410000s
[2026-05-17 19:10:11.275] [43002] [debug] [scwx::provider::aws_level2_chunks_data_provider] Refresh() in 0.100000s
[2026-05-17 19:10:14.366] [43002] [debug] [scwx::provider::aws_level2_chunks_data_provider] Refresh() in 0.090000s
[2026-05-17 19:10:15.329] [43005] [debug] [scwx::provider::aws_nexrad_data_provider] Refresh()
[2026-05-17 19:10:15.329] [43005] [debug] [scwx::provider::aws_nexrad_data_provider] ListObjects: UEX_NST_2026_05_17_
[2026-05-17 19:10:15.605] [43005] [debug] [scwx::provider::aws_nexrad_data_provider] Found 203 objects
[2026-05-17 19:10:15.605] [43005] [debug] [scwx::provider::aws_nexrad_data_provider] ListObjects: UEX_NST_2026_05_18_
[2026-05-17 19:10:15.679] [43005] [debug] [scwx::provider::aws_nexrad_data_provider] Found 1 objects
[2026-05-17 19:10:15.679] [43005] [debug] [scwx::provider::aws_nexrad_data_provider] FindLatestKey()
[2026-05-17 19:10:15.679] [39347] [debug] [scwx::qt::view::overlay_product_view] Load Product: NST, 2026-05-18 00:04:11 UTC, true
[2026-05-17 19:10:15.679] [39347] [debug] [scwx::qt::view::overlay_product_view] Load Product: NST, 2026-05-18 00:04:11 UTC, true
[2026-05-17 19:10:15.679] [39347] [debug] [scwx::qt::view::overlay_product_view] Load Product: NST, 2026-05-18 00:04:11 UTC, true
[2026-05-17 19:10:15.679] [39347] [debug] [scwx::qt::view::overlay_product_view] Load Product: NST, 2026-05-18 00:04:11 UTC, true
[2026-05-17 19:10:15.679] [39409] [debug] [scwx::qt::manager::radar_product_manager] LoadLevel3Data: 2026-05-18 00:04:11 UTC
[2026-05-17 19:10:15.679] [39437] [debug] [scwx::qt::manager::radar_product_manager] LoadLevel3Data: 2026-05-18 00:04:11 UTC
[2026-05-17 19:10:15.679] [39433] [debug] [scwx::qt::manager::radar_product_manager] LoadLevel3Data: 2026-05-18 00:04:11 UTC
[2026-05-17 19:10:15.679] [39441] [debug] [scwx::qt::manager::radar_product_manager] LoadLevel3Data: 2026-05-18 00:04:11 UTC
[2026-05-17 19:10:15.679] [42998] [debug] [scwx::provider::aws_nexrad_data_provider] FindKey: 2026-05-18 00:04:11 UTC
[2026-05-17 19:10:15.754] [42998] [debug] [scwx::wsr88d::level3_file] Loading Data
[2026-05-17 19:10:15.754] [42998] [debug] [scwx::wsr88d::level3_file] Data Type: SD
[2026-05-17 19:10:15.754] [42998] [debug] [scwx::wsr88d::level3_file] ICAO:      KGID
[2026-05-17 19:10:15.754] [42998] [debug] [scwx::wsr88d::level3_file] Date/Time: 180004
[2026-05-17 19:10:15.754] [42998] [debug] [scwx::wsr88d::level3_file] Category:  NST
[2026-05-17 19:10:15.754] [42998] [debug] [scwx::wsr88d::level3_file] Site ID:   UEX
[2026-05-17 19:10:15.754] [42998] [debug] [scwx::wsr88d::rpg::level3_message_factory] Found Message 58
[2026-05-17 19:10:15.754] [42998] [debug] [scwx::wsr88d::rpg::graphic_product_message] Loading Blocks
[2026-05-17 19:10:15.754] [42998] [debug] [scwx::wsr88d::rpg::graphic_product_message] Product symbology block valid: true
[2026-05-17 19:10:15.754] [42998] [debug] [scwx::wsr88d::rpg::graphic_product_message] Graphic alphanumeric block valid: true
[2026-05-17 19:10:15.754] [42998] [debug] [scwx::wsr88d::rpg::graphic_product_message] Tabular alphanumeric block valid: true
[2026-05-17 19:10:15.754] [42996] [debug] [scwx::qt::manager::radar_product_manager] Level 3 product previously loaded, loading from cache
[2026-05-17 19:10:15.754] [42999] [debug] [scwx::qt::manager::radar_product_manager] Level 3 product previously loaded, loading from cache
[2026-05-17 19:10:15.754] [42997] [debug] [scwx::qt::manager::radar_product_manager] Level 3 product previously loaded, loading from cache
[2026-05-17 19:10:17.684] [49846] [debug] [scwx::wsr88d::ar2v_file] Loading Data
[2026-05-17 19:10:17.684] [49846] [debug] [scwx::wsr88d::ar2v_file] Filename:  AR2V0006.
[2026-05-17 19:10:17.684] [49846] [debug] [scwx::wsr88d::ar2v_file] Extension: 209
[2026-05-17 19:10:17.684] [49846] [debug] [scwx::wsr88d::ar2v_file] Date:      20592 (2026-05-18)
[2026-05-17 19:10:17.684] [49846] [debug] [scwx::wsr88d::ar2v_file] Time:      602386 (00:10:02.386000000)
[2026-05-17 19:10:17.684] [49846] [debug] [scwx::wsr88d::ar2v_file] ICAO:      KUEX
[2026-05-17 19:10:17.686] [43002] [debug] [scwx::provider::aws_level2_chunks_data_provider] Refresh() in 0.320000s
[2026-05-17 19:10:19.575] [39372] [debug] [scwx::provider::nws_api_provider] GetRadarStations
[2026-05-17 19:10:20.849] [39395] [debug] [scwx::provider::warnings_provider] Loading file: warnings_20260518_00.txt
[2026-05-17 19:10:22.236] [39371] [debug] [scwx::network::ntp_client] Time offset updated: -0d 00:00:00.000066411
[2026-05-17 19:10:39.288] [43003] [debug] [scwx::provider::aws_level2_chunks_data_provider] Refresh() in 1.600000s
[2026-05-17 19:10:39.289] [39445] [debug] [scwx::qt::view::level2_product_view] Computing Sweep
[2026-05-17 19:10:39.289] [39445] [debug] [scwx::qt::view::level2_product_view] ComputeCoordinates()
[2026-05-17 19:10:39.290] [39446] [debug] [scwx::qt::view::level2_product_view] Computing Sweep
[2026-05-17 19:10:39.290] [39446] [debug] [scwx::qt::view::level2_product_view] ComputeCoordinates()
[2026-05-17 19:10:39.293] [39449] [debug] [scwx::qt::view::level2_product_view] Computing Sweep
[2026-05-17 19:10:39.293] [39449] [debug] [scwx::qt::view::level2_product_view] ComputeCoordinates()
[2026-05-17 19:10:39.296] [39450] [debug] [scwx::qt::view::level2_product_view] Computing Sweep
[2026-05-17 19:10:39.296] [39450] [debug] [scwx::qt::view::level2_product_view] ComputeCoordinates()
[2026-05-17 19:10:39.341] [39445] [debug] [scwx::qt::view::level2_product_view] Coordinates calculated in 0.050000s
[2026-05-17 19:10:39.357] [39445] [debug] [scwx::qt::view::level2_product_view] Vertices calculated in 0.020000s
[2026-05-17 19:10:39.387] [39446] [debug] [scwx::qt::view::level2_product_view] Coordinates calculated in 0.100000s
[2026-05-17 19:10:39.388] [39449] [debug] [scwx::qt::view::level2_product_view] Coordinates calculated in 0.100000s
[2026-05-17 19:10:39.396] [39450] [debug] [scwx::qt::view::level2_product_view] Coordinates calculated in 0.100000s
[2026-05-17 19:10:39.403] [39446] [debug] [scwx::qt::view::level2_product_view] Vertices calculated in 0.010000s
[2026-05-17 19:10:39.405] [39449] [debug] [scwx::qt::view::level2_product_view] Vertices calculated in 0.020000s
[2026-05-17 19:10:39.409] [39450] [debug] [scwx::qt::view::level2_product_view] Vertices calculated in 0.010000s
[2026-05-17 19:10:39.961] [39347] [debug] [scwx::qt::map::radar_product_layer] UpdateSweep()
[2026-05-17 19:10:39.964] [39347] [debug] [scwx::qt::map::radar_product_layer] Vertices buffered in 0.000000s
[2026-05-17 19:10:39.965] [39347] [debug] [scwx::qt::map::radar_product_layer] Data moments buffered in 0.010000s
[2026-05-17 19:10:39.966] [39347] [debug] [scwx::qt::map::radar_product_layer] UpdateSweep()
[2026-05-17 19:10:39.967] [39347] [debug] [scwx::qt::map::radar_product_layer] Vertices buffered in 0.000000s
[2026-05-17 19:10:39.968] [39347] [debug] [scwx::qt::map::radar_product_layer] Data moments buffered in 0.000000s
[2026-05-17 19:10:39.969] [39347] [debug] [scwx::qt::map::radar_product_layer] UpdateSweep()
[2026-05-17 19:10:39.970] [39347] [debug] [scwx::qt::map::radar_product_layer] Vertices buffered in 0.000000s
[2026-05-17 19:10:39.970] [39347] [debug] [scwx::qt::map::radar_product_layer] Data moments buffered in 0.000000s
[2026-05-17 19:10:39.972] [39347] [debug] [scwx::qt::map::radar_product_layer] UpdateSweep()
[2026-05-17 19:10:39.975] [39347] [debug] [scwx::qt::map::radar_product_layer] Vertices buffered in 0.010000s
[2026-05-17 19:10:39.976] [39347] [debug] [scwx::qt::map::radar_product_layer] Data moments buffered in 0.000000s
[2026-05-17 19:10:39.976] [39347] [debug] [scwx::qt::map::radar_product_layer] CFP moments buffered in 0.000000s
[2026-05-17 19:11:00.330] [43002] [debug] [scwx::provider::aws_level2_chunks_data_provider] Refresh() in 1.040000s
[2026-05-17 19:11:06.945] [39394] [debug] [scwx::provider::warnings_provider] Loading file: warnings_20260518_00.txt
[2026-05-17 19:11:19.683] [39372] [debug] [scwx::provider::nws_api_provider] GetRadarStations
[2026-05-17 19:11:21.355] [43003] [debug] [scwx::provider::aws_level2_chunks_data_provider] Refresh() in 1.030000s
[2026-05-17 19:11:22.468] [39395] [debug] [scwx::provider::warnings_provider] Loading file: warnings_20260518_00.txt
[2026-05-17 19:11:26.268] [39370] [debug] [scwx::network::ntp_client] Time offset updated: 0d 00:00:00.000321490
[2026-05-17 19:11:37.932] [39394] [debug] [scwx::provider::warnings_provider] Loading file: warnings_20260518_00.txt
[2026-05-17 19:11:42.346] [43002] [debug] [scwx::provider::aws_level2_chunks_data_provider] Refresh() in 0.990000s
[2026-05-17 19:11:42.347] [39445] [debug] [scwx::qt::view::level2_product_view] Computing Sweep
[2026-05-17 19:11:42.347] [39445] [debug] [scwx::qt::view::level2_product_view] ComputeCoordinates()
[2026-05-17 19:11:42.347] [39449] [debug] [scwx::qt::view::level2_product_view] Computing Sweep
[2026-05-17 19:11:42.347] [39449] [debug] [scwx::qt::view::level2_product_view] ComputeCoordinates()
[2026-05-17 19:11:42.351] [39450] [debug] [scwx::qt::view::level2_product_view] Computing Sweep
[2026-05-17 19:11:42.351] [39450] [debug] [scwx::qt::view::level2_product_view] ComputeCoordinates()
[2026-05-17 19:11:42.404] [39445] [debug] [scwx::qt::view::level2_product_view] Coordinates calculated in 0.060000s
[2026-05-17 19:11:42.415] [39449] [debug] [scwx::qt::view::level2_product_view] Coordinates calculated in 0.070000s
[2026-05-17 19:11:42.425] [39450] [debug] [scwx::qt::view::level2_product_view] Coordinates calculated in 0.080000s
[2026-05-17 19:11:42.428] [39449] [debug] [scwx::qt::view::level2_product_view] Vertices calculated in 0.010000s
[2026-05-17 19:11:42.432] [39445] [debug] [scwx::qt::view::level2_product_view] Vertices calculated in 0.020000s
[2026-05-17 19:11:42.437] [39450] [debug] [scwx::qt::view::level2_product_view] Vertices calculated in 0.010000s
[2026-05-17 19:11:42.938] [39347] [debug] [scwx::qt::map::radar_product_layer] UpdateSweep()
[2026-05-17 19:11:42.942] [39347] [debug] [scwx::qt::map::radar_product_layer] Vertices buffered in 0.000000s
[2026-05-17 19:11:42.943] [39347] [debug] [scwx::qt::map::radar_product_layer] Data moments buffered in 0.000000s
[2026-05-17 19:11:42.944] [39347] [debug] [scwx::qt::map::radar_product_layer] UpdateSweep()
[2026-05-17 19:11:42.945] [39347] [debug] [scwx::qt::map::radar_product_layer] Vertices buffered in 0.010000s
[2026-05-17 19:11:42.945] [39347] [debug] [scwx::qt::map::radar_product_layer] Data moments buffered in 0.000000s
[2026-05-17 19:11:42.947] [39347] [debug] [scwx::qt::map::radar_product_layer] UpdateSweep()
[2026-05-17 19:11:42.951] [39347] [debug] [scwx::qt::map::radar_product_layer] Vertices buffered in 0.000000s
[2026-05-17 19:11:42.951] [39347] [debug] [scwx::qt::map::radar_product_layer] Data moments buffered in 0.000000s
[2026-05-17 19:11:42.952] [39347] [debug] [scwx::qt::map::radar_product_layer] CFP moments buffered in 0.000000s
[2026-05-17 19:11:46.217] [43003] [debug] [scwx::provider::aws_level2_chunks_data_provider] Refresh() in 0.220000s
[2026-05-17 19:11:46.218] [39450] [debug] [scwx::qt::view::level2_product_view] Computing Sweep
[2026-05-17 19:11:46.218] [39450] [debug] [scwx::qt::view::level2_product_view] ComputeCoordinates()
[2026-05-17 19:11:46.219] [39445] [debug] [scwx::qt::view::level2_product_view] Computing Sweep
[2026-05-17 19:11:46.219] [39445] [debug] [scwx::qt::view::level2_product_view] ComputeCoordinates()
[2026-05-17 19:11:46.221] [39449] [debug] [scwx::qt::view::level2_product_view] Computing Sweep
[2026-05-17 19:11:46.221] [39449] [debug] [scwx::qt::view::level2_product_view] ComputeCoordinates()
[2026-05-17 19:11:46.266] [39450] [debug] [scwx::qt::view::level2_product_view] Coordinates calculated in 0.050000s
[2026-05-17 19:11:46.277] [39450] [debug] [scwx::qt::view::level2_product_view] Vertices calculated in 0.010000s
[2026-05-17 19:11:46.294] [39449] [debug] [scwx::qt::view::level2_product_view] Coordinates calculated in 0.070000s
[2026-05-17 19:11:46.297] [39445] [debug] [scwx::qt::view::level2_product_view] Coordinates calculated in 0.080000s
[2026-05-17 19:11:46.306] [39449] [debug] [scwx::qt::view::level2_product_view] Vertices calculated in 0.020000s
[2026-05-17 19:11:46.312] [39445] [debug] [scwx::qt::view::level2_product_view] Vertices calculated in 0.010000s
[2026-05-17 19:11:46.938] [39347] [debug] [scwx::qt::map::radar_product_layer] UpdateSweep()
[2026-05-17 19:11:46.941] [39347] [debug] [scwx::qt::map::radar_product_layer] Vertices buffered in 0.000000s
[2026-05-17 19:11:46.945] [39347] [debug] [scwx::qt::map::radar_product_layer] Data moments buffered in 0.010000s
[2026-05-17 19:11:46.947] [39347] [debug] [scwx::qt::map::radar_product_layer] UpdateSweep()
[2026-05-17 19:11:46.947] [39347] [debug] [scwx::qt::map::radar_product_layer] Vertices buffered in 0.000000s
[2026-05-17 19:11:46.948] [39347] [debug] [scwx::qt::map::radar_product_layer] Data moments buffered in 0.000000s
[2026-05-17 19:11:46.949] [39347] [debug] [scwx::qt::map::radar_product_layer] UpdateSweep()
[2026-05-17 19:11:46.953] [39347] [debug] [scwx::qt::map::radar_product_layer] Vertices buffered in 0.000000s
[2026-05-17 19:11:46.953] [39347] [debug] [scwx::qt::map::radar_product_layer] Data moments buffered in 0.000000s
[2026-05-17 19:11:46.954] [39347] [debug] [scwx::qt::map::radar_product_layer] CFP moments buffered in 0.000000s
[2026-05-17 19:11:53.402] [39395] [debug] [scwx::provider::warnings_provider] Loading file: warnings_20260518_00.txt
[2026-05-17 19:12:07.231] [43002] [debug] [scwx::provider::aws_level2_chunks_data_provider] Refresh() in 1.010000s
[2026-05-17 19:12:07.232] [39445] [debug] [scwx::qt::view::level2_product_view] Computing Sweep
[2026-05-17 19:12:07.232] [39445] [debug] [scwx::qt::view::level2_product_view] ComputeCoordinates()
[2026-05-17 19:12:07.232] [39446] [debug] [scwx::qt::view::level2_product_view] Computing Sweep
[2026-05-17 19:12:07.232] [39446] [debug] [scwx::qt::view::level2_product_view] ComputeCoordinates()
[2026-05-17 19:12:07.233] [39450] [debug] [scwx::qt::view::level2_product_view] Computing Sweep
[2026-05-17 19:12:07.233] [39450] [debug] [scwx::qt::view::level2_product_view] ComputeCoordinates()
[2026-05-17 19:12:07.238] [39449] [debug] [scwx::qt::view::level2_product_view] Computing Sweep
[2026-05-17 19:12:07.238] [39449] [debug] [scwx::qt::view::level2_product_view] ComputeCoordinates()
[2026-05-17 19:12:07.291] [39445] [debug] [scwx::qt::view::level2_product_view] Coordinates calculated in 0.060000s
[2026-05-17 19:12:07.318] [39445] [debug] [scwx::qt::view::level2_product_view] Vertices calculated in 0.030000s
[2026-05-17 19:12:07.328] [39446] [debug] [scwx::qt::view::level2_product_view] Coordinates calculated in 0.100000s
[2026-05-17 19:12:07.332] [39449] [debug] [scwx::qt::view::level2_product_view] Coordinates calculated in 0.090000s
[2026-05-17 19:12:07.336] [39450] [debug] [scwx::qt::view::level2_product_view] Coordinates calculated in 0.110000s
[2026-05-17 19:12:07.347] [39446] [debug] [scwx::qt::view::level2_product_view] Vertices calculated in 0.020000s
[2026-05-17 19:12:07.347] [39449] [debug] [scwx::qt::view::level2_product_view] Vertices calculated in 0.020000s
[2026-05-17 19:12:07.352] [39450] [debug] [scwx::qt::view::level2_product_view] Vertices calculated in 0.010000s
[2026-05-17 19:12:07.938] [39347] [debug] [scwx::qt::map::radar_product_layer] UpdateSweep()
[2026-05-17 19:12:07.941] [39347] [debug] [scwx::qt::map::radar_product_layer] Vertices buffered in 0.000000s
[2026-05-17 19:12:07.942] [39347] [debug] [scwx::qt::map::radar_product_layer] Data moments buffered in 0.000000s
[2026-05-17 19:12:07.944] [39347] [debug] [scwx::qt::map::radar_product_layer] UpdateSweep()
[2026-05-17 19:12:07.945] [39347] [debug] [scwx::qt::map::radar_product_layer] Vertices buffered in 0.010000s
[2026-05-17 19:12:07.945] [39347] [debug] [scwx::qt::map::radar_product_layer] Data moments buffered in 0.000000s
[2026-05-17 19:12:07.947] [39347] [debug] [scwx::qt::map::radar_product_layer] UpdateSweep()
[2026-05-17 19:12:07.947] [39347] [debug] [scwx::qt::map::radar_product_layer] Vertices buffered in 0.000000s
[2026-05-17 19:12:07.947] [39347] [debug] [scwx::qt::map::radar_product_layer] Data moments buffered in 0.000000s
[2026-05-17 19:12:07.949] [39347] [debug] [scwx::qt::map::radar_product_layer] UpdateSweep()
[2026-05-17 19:12:07.953] [39347] [debug] [scwx::qt::map::radar_product_layer] Vertices buffered in 0.000000s
[2026-05-17 19:12:07.953] [39347] [debug] [scwx::qt::map::radar_product_layer] Data moments buffered in 0.000000s
[2026-05-17 19:12:07.954] [39347] [debug] [scwx::qt::map::radar_product_layer] CFP moments buffered in 0.000000s
[2026-05-17 19:12:08.859] [39394] [debug] [scwx::provider::warnings_provider] Loading file: warnings_20260518_00.txt
[2026-05-17 19:12:19.837] [39372] [debug] [scwx::provider::nws_api_provider] GetRadarStations
[2026-05-17 19:12:24.341] [39395] [debug] [scwx::provider::warnings_provider] Loading file: warnings_20260518_00.txt
[2026-05-17 19:12:27.977] [43003] [debug] [scwx::provider::aws_level2_chunks_data_provider] Refresh() in 0.750000s
[2026-05-17 19:12:27.977] [39446] [debug] [scwx::qt::view::level2_product_view] Computing Sweep
[2026-05-17 19:12:27.977] [39446] [debug] [scwx::qt::view::level2_product_view] ComputeCoordinates()
[2026-05-17 19:12:28.002] [39446] [debug] [scwx::qt::view::level2_product_view] Coordinates calculated in 0.020000s
[2026-05-17 19:12:28.010] [39446] [debug] [scwx::qt::view::level2_product_view] Vertices calculated in 0.010000s
[2026-05-17 19:12:28.011] [39347] [debug] [scwx::qt::map::radar_product_layer] UpdateSweep()
[2026-05-17 19:12:28.014] [39347] [debug] [scwx::qt::map::radar_product_layer] Vertices buffered in 0.000000s
[2026-05-17 19:12:28.015] [39347] [debug] [scwx::qt::map::radar_product_layer] Data moments buffered in 0.010000s
[2026-05-17 19:12:30.300] [39371] [debug] [scwx::network::ntp_client] Time offset updated: 0d 00:00:00.000556942
[2026-05-17 19:12:31.119] [43002] [debug] [scwx::provider::aws_level2_chunks_data_provider] Refresh() in 0.140000s
[2026-05-17 19:12:36.161] [43003] [debug] [scwx::provider::aws_level2_chunks_data_provider] Refresh() in 0.160000s
[2026-05-17 19:12:39.804] [39394] [debug] [scwx::provider::warnings_provider] Loading file: warnings_20260518_00.txt
[2026-05-17 19:12:40.163] [43003] [debug] [scwx::provider::aws_level2_chunks_data_provider] Refresh() in 0.160000s
[2026-05-17 19:12:43.323] [43002] [debug] [scwx::provider::aws_level2_chunks_data_provider] Refresh() in 0.160000s
[2026-05-17 19:13:04.215] [43003] [debug] [scwx::provider::aws_level2_chunks_data_provider] Refresh() in 0.900000s
[2026-05-17 19:13:04.217] [39445] [debug] [scwx::qt::view::level2_product_view] Computing Sweep
[2026-05-17 19:13:04.217] [39445] [debug] [scwx::qt::view::level2_product_view] ComputeCoordinates()
[2026-05-17 19:13:04.217] [39449] [debug] [scwx::qt::view::level2_product_view] Computing Sweep
[2026-05-17 19:13:04.217] [39449] [debug] [scwx::qt::view::level2_product_view] ComputeCoordinates()
[2026-05-17 19:13:04.221] [39450] [debug] [scwx::qt::view::level2_product_view] Computing Sweep
[2026-05-17 19:13:04.221] [39450] [debug] [scwx::qt::view::level2_product_view] ComputeCoordinates()
[2026-05-17 19:13:04.274] [39445] [debug] [scwx::qt::view::level2_product_view] Coordinates calculated in 0.050000s
[2026-05-17 19:13:04.288] [39445] [debug] [scwx::qt::view::level2_product_view] Vertices calculated in 0.020000s
[2026-05-17 19:13:04.293] [39449] [debug] [scwx::qt::view::level2_product_view] Coordinates calculated in 0.070000s
[2026-05-17 19:13:04.296] [39450] [debug] [scwx::qt::view::level2_product_view] Coordinates calculated in 0.080000s
[2026-05-17 19:13:04.303] [39449] [debug] [scwx::qt::view::level2_product_view] Vertices calculated in 0.010000s
[2026-05-17 19:13:04.306] [39450] [debug] [scwx::qt::view::level2_product_view] Vertices calculated in 0.010000s
[2026-05-17 19:13:04.938] [39347] [debug] [scwx::qt::map::radar_product_layer] UpdateSweep()
[2026-05-17 19:13:04.941] [39347] [debug] [scwx::qt::map::radar_product_layer] Vertices buffered in 0.000000s
[2026-05-17 19:13:04.942] [39347] [debug] [scwx::qt::map::radar_product_layer] Data moments buffered in 0.000000s
[2026-05-17 19:13:04.944] [39347] [debug] [scwx::qt::map::radar_product_layer] UpdateSweep()
[2026-05-17 19:13:04.945] [39347] [debug] [scwx::qt::map::radar_product_layer] Vertices buffered in 0.010000s
[2026-05-17 19:13:04.945] [39347] [debug] [scwx::qt::map::radar_product_layer] Data moments buffered in 0.000000s
[2026-05-17 19:13:04.947] [39347] [debug] [scwx::qt::map::radar_product_layer] UpdateSweep()
[2026-05-17 19:13:04.950] [39347] [debug] [scwx::qt::map::radar_product_layer] Vertices buffered in 0.000000s
[2026-05-17 19:13:04.951] [39347] [debug] [scwx::qt::map::radar_product_layer] Data moments buffered in 0.000000s
[2026-05-17 19:13:04.951] [39347] [debug] [scwx::qt::map::radar_product_layer] CFP moments buffered in 0.000000s
[2026-05-17 19:13:19.950] [39372] [debug] [scwx::provider::nws_api_provider] GetRadarStations
[2026-05-17 19:13:25.305] [43002] [debug] [scwx::provider::aws_level2_chunks_data_provider] Refresh() in 1.090000s
[2026-05-17 19:13:25.306] [39445] [debug] [scwx::qt::view::level2_product_view] Computing Sweep
[2026-05-17 19:13:25.306] [39445] [debug] [scwx::qt::view::level2_product_view] ComputeCoordinates()
[2026-05-17 19:13:25.306] [39446] [debug] [scwx::qt::view::level2_product_view] Computing Sweep
[2026-05-17 19:13:25.306] [39446] [debug] [scwx::qt::view::level2_product_view] ComputeCoordinates()
[2026-05-17 19:13:25.307] [39449] [debug] [scwx::qt::view::level2_product_view] Computing Sweep
[2026-05-17 19:13:25.307] [39449] [debug] [scwx::qt::view::level2_product_view] ComputeCoordinates()
[2026-05-17 19:13:25.312] [39450] [debug] [scwx::qt::view::level2_product_view] Computing Sweep
[2026-05-17 19:13:25.312] [39450] [debug] [scwx::qt::view::level2_product_view] ComputeCoordinates()
[2026-05-17 19:13:25.358] [39445] [debug] [scwx::qt::view::level2_product_view] Coordinates calculated in 0.050000s
[2026-05-17 19:13:25.384] [39445] [debug] [scwx::qt::view::level2_product_view] Vertices calculated in 0.020000s
[2026-05-17 19:13:25.403] [39446] [debug] [scwx::qt::view::level2_product_view] Coordinates calculated in 0.090000s
[2026-05-17 19:13:25.407] [39449] [debug] [scwx::qt::view::level2_product_view] Coordinates calculated in 0.100000s
[2026-05-17 19:13:25.412] [39450] [debug] [scwx::qt::view::level2_product_view] Coordinates calculated in 0.100000s
[2026-05-17 19:13:25.420] [39446] [debug] [scwx::qt::view::level2_product_view] Vertices calculated in 0.020000s
[2026-05-17 19:13:25.422] [39449] [debug] [scwx::qt::view::level2_product_view] Vertices calculated in 0.010000s
[2026-05-17 19:13:25.426] [39450] [debug] [scwx::qt::view::level2_product_view] Vertices calculated in 0.020000s
[2026-05-17 19:13:25.938] [39347] [debug] [scwx::qt::map::radar_product_layer] UpdateSweep()
[2026-05-17 19:13:25.941] [39347] [debug] [scwx::qt::map::radar_product_layer] Vertices buffered in 0.000000s
[2026-05-17 19:13:25.942] [39347] [debug] [scwx::qt::map::radar_product_layer] Data moments buffered in 0.000000s
[2026-05-17 19:13:25.944] [39347] [debug] [scwx::qt::map::radar_product_layer] UpdateSweep()
[2026-05-17 19:13:25.945] [39347] [debug] [scwx::qt::map::radar_product_layer] Vertices buffered in 0.010000s
[2026-05-17 19:13:25.945] [39347] [debug] [scwx::qt::map::radar_product_layer] Data moments buffered in 0.000000s
[2026-05-17 19:13:25.946] [39347] [debug] [scwx::qt::map::radar_product_layer] UpdateSweep()
[2026-05-17 19:13:25.947] [39347] [debug] [scwx::qt::map::radar_product_layer] Vertices buffered in 0.000000s
[2026-05-17 19:13:25.947] [39347] [debug] [scwx::qt::map::radar_product_layer] Data moments buffered in 0.000000s
[2026-05-17 19:13:25.949] [39347] [debug] [scwx::qt::map::radar_product_layer] UpdateSweep()
[2026-05-17 19:13:25.952] [39347] [debug] [scwx::qt::map::radar_product_layer] Vertices buffered in 0.000000s
[2026-05-17 19:13:25.953] [39347] [debug] [scwx::qt::map::radar_product_layer] Data moments buffered in 0.000000s
[2026-05-17 19:13:25.953] [39347] [debug] [scwx::qt::map::radar_product_layer] CFP moments buffered in 0.000000s
[2026-05-17 19:13:28.370] [43003] [debug] [scwx::provider::aws_level2_chunks_data_provider] Refresh() in 0.060000s
[2026-05-17 19:13:31.590] [43002] [debug] [scwx::provider::aws_level2_chunks_data_provider] Refresh() in 0.220000s
[2026-05-17 19:13:34.335] [39370] [debug] [scwx::network::ntp_client] Time offset updated: 0d 00:00:00.001660018
[2026-05-17 19:13:37.239] [43003] [debug] [scwx::provider::aws_level2_chunks_data_provider] Refresh() in 0.240000s
[2026-05-17 19:13:56.526] [39395] [debug] [scwx::provider::warnings_provider] Loading file: warnings_20260518_00.txt
[2026-05-17 19:13:57.995] [43002] [debug] [scwx::provider::aws_level2_chunks_data_provider] Refresh() in 0.760000s
[2026-05-17 19:14:12.004] [39394] [debug] [scwx::provider::warnings_provider] Loading file: warnings_20260518_00.txt
[2026-05-17 19:14:18.966] [43003] [debug] [scwx::provider::aws_level2_chunks_data_provider] Refresh() in 0.970000s
[2026-05-17 19:14:20.055] [39372] [debug] [scwx::provider::nws_api_provider] GetRadarStations
[2026-05-17 19:14:27.481] [39395] [debug] [scwx::provider::warnings_provider] Loading file: warnings_20260518_00.txt
[2026-05-17 19:14:38.373] [39371] [debug] [scwx::network::ntp_client] Time offset updated: -0d 00:00:00.003030827
[2026-05-17 19:14:39.919] [43002] [debug] [scwx::provider::aws_level2_chunks_data_provider] Refresh() in 0.950000s
[2026-05-17 19:14:39.920] [39445] [debug] [scwx::qt::view::level2_product_view] Computing Sweep
[2026-05-17 19:14:39.920] [39445] [debug] [scwx::qt::view::level2_product_view] ComputeCoordinates()
[2026-05-17 19:14:39.923] [39450] [debug] [scwx::qt::view::level2_product_view] Computing Sweep
[2026-05-17 19:14:39.923] [39450] [debug] [scwx::qt::view::level2_product_view] ComputeCoordinates()
[2026-05-17 19:14:39.926] [39446] [debug] [scwx::qt::view::level2_product_view] Computing Sweep
[2026-05-17 19:14:39.926] [39446] [debug] [scwx::qt::view::level2_product_view] ComputeCoordinates()
[2026-05-17 19:14:39.929] [39449] [debug] [scwx::qt::view::level2_product_view] Computing Sweep
[2026-05-17 19:14:39.929] [39449] [debug] [scwx::qt::view::level2_product_view] ComputeCoordinates()
[2026-05-17 19:14:39.977] [39445] [debug] [scwx::qt::view::level2_product_view] Coordinates calculated in 0.060000s
[2026-05-17 19:14:40.019] [39450] [debug] [scwx::qt::view::level2_product_view] Coordinates calculated in 0.100000s
[2026-05-17 19:14:40.020] [39446] [debug] [scwx::qt::view::level2_product_view] Coordinates calculated in 0.090000s
[2026-05-17 19:14:40.021] [39449] [debug] [scwx::qt::view::level2_product_view] Coordinates calculated in 0.090000s
[2026-05-17 19:14:40.028] [39445] [debug] [scwx::qt::view::level2_product_view] Vertices calculated in 0.050000s
[2026-05-17 19:14:40.034] [39446] [debug] [scwx::qt::view::level2_product_view] Vertices calculated in 0.010000s
[2026-05-17 19:14:40.038] [39449] [debug] [scwx::qt::view::level2_product_view] Vertices calculated in 0.020000s
[2026-05-17 19:14:40.039] [39450] [debug] [scwx::qt::view::level2_product_view] Vertices calculated in 0.020000s
[2026-05-17 19:14:40.044] [39347] [debug] [scwx::qt::map::radar_product_layer] UpdateSweep()
[2026-05-17 19:14:40.047] [39347] [debug] [scwx::qt::map::radar_product_layer] Vertices buffered in 0.010000s
[2026-05-17 19:14:40.048] [39347] [debug] [scwx::qt::map::radar_product_layer] Data moments buffered in 0.000000s
[2026-05-17 19:14:40.050] [39347] [debug] [scwx::qt::map::radar_product_layer] UpdateSweep()
[2026-05-17 19:14:40.051] [39347] [debug] [scwx::qt::map::radar_product_layer] Vertices buffered in 0.000000s
[2026-05-17 19:14:40.051] [39347] [debug] [scwx::qt::map::radar_product_layer] Data moments buffered in 0.000000s
[2026-05-17 19:14:40.052] [39347] [debug] [scwx::qt::map::radar_product_layer] UpdateSweep()
[2026-05-17 19:14:40.053] [39347] [debug] [scwx::qt::map::radar_product_layer] Vertices buffered in 0.000000s
[2026-05-17 19:14:40.054] [39347] [debug] [scwx::qt::map::radar_product_layer] Data moments buffered in 0.000000s
[2026-05-17 19:14:40.055] [39347] [debug] [scwx::qt::map::radar_product_layer] UpdateSweep()
[2026-05-17 19:14:40.058] [39347] [debug] [scwx::qt::map::radar_product_layer] Vertices buffered in 0.000000s
[2026-05-17 19:14:40.059] [39347] [debug] [scwx::qt::map::radar_product_layer] Data moments buffered in 0.000000s
[2026-05-17 19:14:40.059] [39347] [debug] [scwx::qt::map::radar_product_layer] CFP moments buffered in 0.000000s
[2026-05-17 19:14:42.947] [39394] [debug] [scwx::provider::warnings_provider] Loading file: warnings_20260518_00.txt
[2026-05-17 19:15:00.769] [43003] [debug] [scwx::provider::aws_level2_chunks_data_provider] Refresh() in 0.850000s
[2026-05-17 19:15:00.770] [39446] [debug] [scwx::qt::view::level2_product_view] Computing Sweep
[2026-05-17 19:15:00.770] [39446] [debug] [scwx::qt::view::level2_product_view] ComputeCoordinates()
[2026-05-17 19:15:00.797] [39446] [debug] [scwx::qt::view::level2_product_view] Coordinates calculated in 0.030000s
[2026-05-17 19:15:00.804] [39446] [debug] [scwx::qt::view::level2_product_view] Vertices calculated in 0.000000s
[2026-05-17 19:15:01.026] [39347] [debug] [scwx::qt::map::radar_product_layer] UpdateSweep()
[2026-05-17 19:15:01.030] [39347] [debug] [scwx::qt::map::radar_product_layer] Vertices buffered in 0.000000s
[2026-05-17 19:15:01.030] [39347] [debug] [scwx::qt::map::radar_product_layer] Data moments buffered in 0.000000s
[2026-05-17 19:15:20.155] [39372] [debug] [scwx::provider::nws_api_provider] GetRadarStations
[2026-05-17 19:15:21.438] [43003] [debug] [scwx::provider::aws_level2_chunks_data_provider] Refresh() in 0.670000s
[2026-05-17 19:15:25.154] [43003] [debug] [scwx::provider::aws_level2_chunks_data_provider] Refresh() in 0.150000s
[2026-05-17 19:15:42.406] [39370] [debug] [scwx::network::ntp_client] Time offset updated: -0d 00:00:00.000591490
[2026-05-17 19:15:44.999] [43001] [debug] [scwx::provider::aws_nexrad_data_provider] Refresh()
[2026-05-17 19:15:44.999] [43001] [debug] [scwx::provider::aws_nexrad_data_provider] ListObjects: 2026/05/18/KUEX/
[2026-05-17 19:15:45.247] [43001] [debug] [scwx::provider::aws_nexrad_data_provider] Found 1 objects
[2026-05-17 19:15:45.247] [43001] [debug] [scwx::provider::aws_nexrad_data_provider] FindLatestKey()
[2026-05-17 19:15:45.774] [43003] [debug] [scwx::provider::aws_level2_chunks_data_provider] Refresh() in 0.620000s
[2026-05-17 19:15:59.705] [39395] [debug] [scwx::provider::warnings_provider] Loading file: warnings_20260518_00.txt
[2026-05-17 19:16:00.247] [43001] [debug] [scwx::provider::aws_nexrad_data_provider] Refresh()
[2026-05-17 19:16:00.247] [43001] [debug] [scwx::provider::aws_nexrad_data_provider] ListObjects: 2026/05/18/KUEX/
[2026-05-17 19:16:00.441] [43001] [debug] [scwx::provider::aws_nexrad_data_provider] Found 2 objects
[2026-05-17 19:16:00.441] [43001] [debug] [scwx::provider::aws_nexrad_data_provider] FindLatestKey()
[2026-05-17 19:16:00.441] [42998] [debug] [scwx::provider::aws_nexrad_data_provider] FindKey: 2026-05-18 00:10:02 UTC
[2026-05-17 19:16:00.990] [42998] [debug] [scwx::wsr88d::ar2v_file] Loading Data
[2026-05-17 19:16:00.990] [42998] [debug] [scwx::wsr88d::ar2v_file] Filename:  AR2V0006.
[2026-05-17 19:16:00.990] [42998] [debug] [scwx::wsr88d::ar2v_file] Extension: 209
[2026-05-17 19:16:00.990] [42998] [debug] [scwx::wsr88d::ar2v_file] Date:      20592 (2026-05-18)
[2026-05-17 19:16:00.990] [42998] [debug] [scwx::wsr88d::ar2v_file] Time:      602386 (00:10:02.386000000)
[2026-05-17 19:16:00.990] [42998] [debug] [scwx::wsr88d::ar2v_file] ICAO:      KUEX
[2026-05-17 19:16:01.922] [42999] [debug] [scwx::qt::manager::radar_product_manager] Level 2 product previously loaded, loading from cache
[2026-05-17 19:16:01.922] [42996] [debug] [scwx::qt::manager::radar_product_manager] Level 2 product previously loaded, loading from cache
[2026-05-17 19:16:01.922] [42997] [debug] [scwx::qt::manager::radar_product_manager] Level 2 product previously loaded, loading from cache
[2026-05-17 19:16:05.999] [43004] [debug] [scwx::provider::aws_nexrad_data_provider] Refresh()
[2026-05-17 19:16:05.999] [43004] [debug] [scwx::provider::aws_nexrad_data_provider] ListObjects: UEX_NST_2026_05_18_
[2026-05-17 19:16:06.202] [43004] [debug] [scwx::provider::aws_nexrad_data_provider] Found 2 objects
[2026-05-17 19:16:06.202] [43004] [debug] [scwx::provider::aws_nexrad_data_provider] FindLatestKey()
[2026-05-17 19:16:06.202] [39347] [debug] [scwx::qt::view::overlay_product_view] Load Product: NST, 2026-05-18 00:10:02 UTC, true
[2026-05-17 19:16:06.202] [39347] [debug] [scwx::qt::view::overlay_product_view] Load Product: NST, 2026-05-18 00:10:02 UTC, true
[2026-05-17 19:16:06.202] [39347] [debug] [scwx::qt::view::overlay_product_view] Load Product: NST, 2026-05-18 00:10:02 UTC, true
[2026-05-17 19:16:06.202] [39347] [debug] [scwx::qt::view::overlay_product_view] Load Product: NST, 2026-05-18 00:10:02 UTC, true
[2026-05-17 19:16:06.202] [39409] [debug] [scwx::qt::manager::radar_product_manager] LoadLevel3Data: 2026-05-18 00:10:02 UTC
[2026-05-17 19:16:06.202] [39433] [debug] [scwx::qt::manager::radar_product_manager] LoadLevel3Data: 2026-05-18 00:10:02 UTC
[2026-05-17 19:16:06.202] [39437] [debug] [scwx::qt::manager::radar_product_manager] LoadLevel3Data: 2026-05-18 00:10:02 UTC
[2026-05-17 19:16:06.202] [39441] [debug] [scwx::qt::manager::radar_product_manager] LoadLevel3Data: 2026-05-18 00:10:02 UTC
[2026-05-17 19:16:06.202] [42999] [debug] [scwx::provider::aws_nexrad_data_provider] FindKey: 2026-05-18 00:10:02 UTC
[2026-05-17 19:16:06.225] [53312] [debug] [scwx::wsr88d::ar2v_file] Loading Data
[2026-05-17 19:16:06.225] [53312] [debug] [scwx::wsr88d::ar2v_file] Filename:  AR2V0006.
[2026-05-17 19:16:06.225] [53312] [debug] [scwx::wsr88d::ar2v_file] Extension: 210
[2026-05-17 19:16:06.225] [53312] [debug] [scwx::wsr88d::ar2v_file] Date:      20592 (2026-05-18)
[2026-05-17 19:16:06.225] [53312] [debug] [scwx::wsr88d::ar2v_file] Time:      953035 (00:15:53.035000000)
[2026-05-17 19:16:06.225] [53312] [debug] [scwx::wsr88d::ar2v_file] ICAO:      KUEX
[2026-05-17 19:16:06.280] [42999] [debug] [scwx::wsr88d::level3_file] Loading Data
[2026-05-17 19:16:06.280] [42999] [debug] [scwx::wsr88d::level3_file] Data Type: SD
[2026-05-17 19:16:06.280] [42999] [debug] [scwx::wsr88d::level3_file] ICAO:      KGID
[2026-05-17 19:16:06.280] [42999] [debug] [scwx::wsr88d::level3_file] Date/Time: 180010
[2026-05-17 19:16:06.280] [42999] [debug] [scwx::wsr88d::level3_file] Category:  NST
[2026-05-17 19:16:06.280] [42999] [debug] [scwx::wsr88d::level3_file] Site ID:   UEX
[2026-05-17 19:16:06.280] [42999] [debug] [scwx::wsr88d::rpg::level3_message_factory] Found Message 58
[2026-05-17 19:16:06.280] [42999] [debug] [scwx::wsr88d::rpg::graphic_product_message] Loading Blocks
[2026-05-17 19:16:06.280] [42999] [debug] [scwx::wsr88d::rpg::graphic_product_message] Product symbology block valid: true
[2026-05-17 19:16:06.280] [42999] [debug] [scwx::wsr88d::rpg::graphic_product_message] Graphic alphanumeric block valid: true
[2026-05-17 19:16:06.280] [42999] [debug] [scwx::wsr88d::rpg::graphic_product_message] Tabular alphanumeric block valid: true
[2026-05-17 19:16:06.280] [42996] [debug] [scwx::qt::manager::radar_product_manager] Level 3 product previously loaded, loading from cache
[2026-05-17 19:16:06.280] [42997] [debug] [scwx::qt::manager::radar_product_manager] Level 3 product previously loaded, loading from cache
[2026-05-17 19:16:06.280] [42998] [debug] [scwx::qt::manager::radar_product_manager] Level 3 product previously loaded, loading from cache
[2026-05-17 19:16:06.771] [43002] [debug] [scwx::provider::aws_level2_chunks_data_provider] Refresh() in 1.000000s
[2026-05-17 19:16:06.772] [39445] [debug] [scwx::qt::view::level2_product_view] Computing Sweep
[2026-05-17 19:16:06.772] [39445] [debug] [scwx::qt::view::level2_product_view] ComputeCoordinates()
[2026-05-17 19:16:06.778] [39450] [debug] [scwx::qt::view::level2_product_view] Computing Sweep
[2026-05-17 19:16:06.778] [39450] [debug] [scwx::qt::view::level2_product_view] ComputeCoordinates()
[2026-05-17 19:16:06.778] [39449] [debug] [scwx::qt::view::level2_product_view] Computing Sweep
[2026-05-17 19:16:06.778] [39449] [debug] [scwx::qt::view::level2_product_view] ComputeCoordinates()
[2026-05-17 19:16:06.825] [39445] [debug] [scwx::qt::view::level2_product_view] Coordinates calculated in 0.060000s
[2026-05-17 19:16:06.848] [39449] [debug] [scwx::qt::view::level2_product_view] Coordinates calculated in 0.070000s
[2026-05-17 19:16:06.855] [39445] [debug] [scwx::qt::view::level2_product_view] Vertices calculated in 0.030000s
[2026-05-17 19:16:06.856] [39450] [debug] [scwx::qt::view::level2_product_view] Coordinates calculated in 0.080000s
[2026-05-17 19:16:06.864] [39449] [debug] [scwx::qt::view::level2_product_view] Vertices calculated in 0.010000s
[2026-05-17 19:16:06.868] [39450] [debug] [scwx::qt::view::level2_product_view] Vertices calculated in 0.010000s
[2026-05-17 19:16:07.016] [39347] [debug] [scwx::qt::map::radar_product_layer] UpdateSweep()
[2026-05-17 19:16:07.019] [39347] [debug] [scwx::qt::map::radar_product_layer] Vertices buffered in 0.000000s
[2026-05-17 19:16:07.020] [39347] [debug] [scwx::qt::map::radar_product_layer] Data moments buffered in 0.000000s
[2026-05-17 19:16:07.021] [39347] [debug] [scwx::qt::map::radar_product_layer] UpdateSweep()
[2026-05-17 19:16:07.022] [39347] [debug] [scwx::qt::map::radar_product_layer] Vertices buffered in 0.000000s
[2026-05-17 19:16:07.022] [39347] [debug] [scwx::qt::map::radar_product_layer] Data moments buffered in 0.000000s
[2026-05-17 19:16:07.024] [39347] [debug] [scwx::qt::map::radar_product_layer] UpdateSweep()
[2026-05-17 19:16:07.027] [39347] [debug] [scwx::qt::map::radar_product_layer] Vertices buffered in 0.010000s
[2026-05-17 19:16:07.028] [39347] [debug] [scwx::qt::map::radar_product_layer] Data moments buffered in 0.000000s
[2026-05-17 19:16:07.030] [39347] [debug] [scwx::qt::map::radar_product_layer] CFP moments buffered in 0.000000s
[2026-05-17 19:16:15.188] [39394] [debug] [scwx::provider::warnings_provider] Loading file: warnings_20260518_00.txt
[2026-05-17 19:16:20.261] [39372] [debug] [scwx::provider::nws_api_provider] GetRadarStations
[2026-05-17 19:16:27.796] [43003] [debug] [scwx::provider::aws_level2_chunks_data_provider] Refresh() in 1.030000s
[2026-05-17 19:16:27.796] [39445] [debug] [scwx::qt::view::level2_product_view] Computing Sweep
[2026-05-17 19:16:27.796] [39445] [debug] [scwx::qt::view::level2_product_view] ComputeCoordinates()
[2026-05-17 19:16:27.796] [39446] [debug] [scwx::qt::view::level2_product_view] Computing Sweep
[2026-05-17 19:16:27.796] [39446] [debug] [scwx::qt::view::level2_product_view] ComputeCoordinates()
[2026-05-17 19:16:27.797] [39449] [debug] [scwx::qt::view::level2_product_view] Computing Sweep
[2026-05-17 19:16:27.797] [39449] [debug] [scwx::qt::view::level2_product_view] ComputeCoordinates()
[2026-05-17 19:16:27.802] [39450] [debug] [scwx::qt::view::level2_product_view] Computing Sweep
[2026-05-17 19:16:27.802] [39450] [debug] [scwx::qt::view::level2_product_view] ComputeCoordinates()
[2026-05-17 19:16:27.851] [39445] [debug] [scwx::qt::view::level2_product_view] Coordinates calculated in 0.050000s
[2026-05-17 19:16:27.889] [39445] [debug] [scwx::qt::view::level2_product_view] Vertices calculated in 0.040000s
[2026-05-17 19:16:27.897] [39446] [debug] [scwx::qt::view::level2_product_view] Coordinates calculated in 0.100000s
[2026-05-17 19:16:27.899] [39449] [debug] [scwx::qt::view::level2_product_view] Coordinates calculated in 0.100000s
[2026-05-17 19:16:27.903] [39450] [debug] [scwx::qt::view::level2_product_view] Coordinates calculated in 0.100000s
[2026-05-17 19:16:27.913] [39446] [debug] [scwx::qt::view::level2_product_view] Vertices calculated in 0.010000s
[2026-05-17 19:16:27.914] [39449] [debug] [scwx::qt::view::level2_product_view] Vertices calculated in 0.010000s
[2026-05-17 19:16:27.918] [39450] [debug] [scwx::qt::view::level2_product_view] Vertices calculated in 0.020000s
[2026-05-17 19:16:28.016] [39347] [debug] [scwx::qt::map::radar_product_layer] UpdateSweep()
[2026-05-17 19:16:28.019] [39347] [debug] [scwx::qt::map::radar_product_layer] Vertices buffered in 0.000000s
[2026-05-17 19:16:28.020] [39347] [debug] [scwx::qt::map::radar_product_layer] Data moments buffered in 0.000000s
[2026-05-17 19:16:28.022] [39347] [debug] [scwx::qt::map::radar_product_layer] UpdateSweep()
[2026-05-17 19:16:28.022] [39347] [debug] [scwx::qt::map::radar_product_layer] Vertices buffered in 0.000000s
[2026-05-17 19:16:28.023] [39347] [debug] [scwx::qt::map::radar_product_layer] Data moments buffered in 0.000000s
[2026-05-17 19:16:28.024] [39347] [debug] [scwx::qt::map::radar_product_layer] UpdateSweep()
[2026-05-17 19:16:28.025] [39347] [debug] [scwx::qt::map::radar_product_layer] Vertices buffered in 0.010000s
[2026-05-17 19:16:28.025] [39347] [debug] [scwx::qt::map::radar_product_layer] Data moments buffered in 0.000000s
[2026-05-17 19:16:28.026] [39347] [debug] [scwx::qt::map::radar_product_layer] UpdateSweep()
[2026-05-17 19:16:28.030] [39347] [debug] [scwx::qt::map::radar_product_layer] Vertices buffered in 0.000000s
[2026-05-17 19:16:28.031] [39347] [debug] [scwx::qt::map::radar_product_layer] Data moments buffered in 0.000000s
[2026-05-17 19:16:28.031] [39347] [debug] [scwx::qt::map::radar_product_layer] CFP moments buffered in 0.000000s
[2026-05-17 19:16:30.684] [39395] [debug] [scwx::provider::warnings_provider] Loading file: warnings_20260518_00.txt
[2026-05-17 19:16:46.437] [39371] [debug] [scwx::network::ntp_client] Time offset updated: -0d 00:00:00.000426875
[2026-05-17 19:16:48.906] [43002] [debug] [scwx::provider::aws_level2_chunks_data_provider] Refresh() in 1.110000s
[2026-05-17 19:17:09.923] [43002] [debug] [scwx::provider::aws_level2_chunks_data_provider] Refresh() in 1.010000s
[2026-05-17 19:17:20.379] [39372] [debug] [scwx::provider::nws_api_provider] GetRadarStations
[2026-05-17 19:17:30.926] [43003] [debug] [scwx::provider::aws_level2_chunks_data_provider] Refresh() in 1.010000s
[2026-05-17 19:17:32.077] [39395] [debug] [scwx::provider::warnings_provider] Loading file: warnings_20260518_00.txt
[2026-05-17 19:17:34.227] [43002] [debug] [scwx::provider::aws_level2_chunks_data_provider] Refresh() in 0.300000s
[2026-05-17 19:17:34.228] [39445] [debug] [scwx::qt::view::level2_product_view] Computing Sweep
[2026-05-17 19:17:34.228] [39445] [debug] [scwx::qt::view::level2_product_view] ComputeCoordinates()
[2026-05-17 19:17:34.229] [39449] [debug] [scwx::qt::view::level2_product_view] Computing Sweep
[2026-05-17 19:17:34.229] [39449] [debug] [scwx::qt::view::level2_product_view] ComputeCoordinates()
[2026-05-17 19:17:34.231] [39450] [debug] [scwx::qt::view::level2_product_view] Computing Sweep
[2026-05-17 19:17:34.231] [39450] [debug] [scwx::qt::view::level2_product_view] ComputeCoordinates()
[2026-05-17 19:17:34.282] [39445] [debug] [scwx::qt::view::level2_product_view] Coordinates calculated in 0.050000s
[2026-05-17 19:17:34.305] [39449] [debug] [scwx::qt::view::level2_product_view] Coordinates calculated in 0.080000s
[2026-05-17 19:17:34.312] [39450] [debug] [scwx::qt::view::level2_product_view] Coordinates calculated in 0.080000s
[2026-05-17 19:17:34.312] [39445] [debug] [scwx::qt::view::level2_product_view] Vertices calculated in 0.030000s
[2026-05-17 19:17:34.320] [39449] [debug] [scwx::qt::view::level2_product_view] Vertices calculated in 0.010000s
[2026-05-17 19:17:34.323] [39450] [debug] [scwx::qt::view::level2_product_view] Vertices calculated in 0.010000s
[2026-05-17 19:17:34.323] [39347] [debug] [scwx::qt::map::radar_product_layer] UpdateSweep()
[2026-05-17 19:17:34.327] [39347] [debug] [scwx::qt::map::radar_product_layer] Vertices buffered in 0.010000s
[2026-05-17 19:17:34.327] [39347] [debug] [scwx::qt::map::radar_product_layer] Data moments buffered in 0.000000s
[2026-05-17 19:17:34.532] [39347] [debug] [scwx::qt::map::radar_product_layer] UpdateSweep()
[2026-05-17 19:17:34.536] [39347] [debug] [scwx::qt::map::radar_product_layer] Vertices buffered in 0.010000s
[2026-05-17 19:17:34.536] [39347] [debug] [scwx::qt::map::radar_product_layer] Data moments buffered in 0.000000s
[2026-05-17 19:17:34.537] [39347] [debug] [scwx::qt::map::radar_product_layer] CFP moments buffered in 0.000000s
[2026-05-17 19:17:34.538] [39347] [debug] [scwx::qt::map::radar_product_layer] UpdateSweep()
[2026-05-17 19:17:34.539] [39347] [debug] [scwx::qt::map::radar_product_layer] Vertices buffered in 0.000000s
[2026-05-17 19:17:34.540] [39347] [debug] [scwx::qt::map::radar_product_layer] Data moments buffered in 0.000000s
[2026-05-17 19:17:47.562] [39394] [debug] [scwx::provider::warnings_provider] Loading file: warnings_20260518_00.txt
[2026-05-17 19:17:50.469] [39370] [debug] [scwx::network::ntp_client] Time offset updated: -0d 00:00:00.001540769
[2026-05-17 19:17:55.167] [43002] [debug] [scwx::provider::aws_level2_chunks_data_provider] Refresh() in 0.940000s
[2026-05-17 19:17:55.168] [39445] [debug] [scwx::qt::view::level2_product_view] Computing Sweep
[2026-05-17 19:17:55.168] [39445] [debug] [scwx::qt::view::level2_product_view] ComputeCoordinates()
[2026-05-17 19:17:55.168] [39446] [debug] [scwx::qt::view::level2_product_view] Computing Sweep
[2026-05-17 19:17:55.168] [39446] [debug] [scwx::qt::view::level2_product_view] ComputeCoordinates()
[2026-05-17 19:17:55.168] [39449] [debug] [scwx::qt::view::level2_product_view] Computing Sweep
[2026-05-17 19:17:55.168] [39449] [debug] [scwx::qt::view::level2_product_view] ComputeCoordinates()
[2026-05-17 19:17:55.169] [39450] [debug] [scwx::qt::view::level2_product_view] Computing Sweep
[2026-05-17 19:17:55.169] [39450] [debug] [scwx::qt::view::level2_product_view] ComputeCoordinates()
[2026-05-17 19:17:55.226] [39445] [debug] [scwx::qt::view::level2_product_view] Coordinates calculated in 0.060000s
[2026-05-17 19:17:55.252] [39445] [debug] [scwx::qt::view::level2_product_view] Vertices calculated in 0.020000s
[2026-05-17 19:17:55.261] [39449] [debug] [scwx::qt::view::level2_product_view] Coordinates calculated in 0.090000s
[2026-05-17 19:17:55.268] [39446] [debug] [scwx::qt::view::level2_product_view] Coordinates calculated in 0.100000s
[2026-05-17 19:17:55.273] [39450] [debug] [scwx::qt::view::level2_product_view] Coordinates calculated in 0.100000s
[2026-05-17 19:17:55.274] [39449] [debug] [scwx::qt::view::level2_product_view] Vertices calculated in 0.010000s
[2026-05-17 19:17:55.282] [39446] [debug] [scwx::qt::view::level2_product_view] Vertices calculated in 0.010000s
[2026-05-17 19:17:55.285] [39450] [debug] [scwx::qt::view::level2_product_view] Vertices calculated in 0.020000s
[2026-05-17 19:17:55.999] [39347] [debug] [scwx::qt::map::radar_product_layer] UpdateSweep()
[2026-05-17 19:17:56.003] [39347] [debug] [scwx::qt::map::radar_product_layer] Vertices buffered in 0.000000s
[2026-05-17 19:17:56.003] [39347] [debug] [scwx::qt::map::radar_product_layer] Data moments buffered in 0.000000s
[2026-05-17 19:17:56.005] [39347] [debug] [scwx::qt::map::radar_product_layer] UpdateSweep()
[2026-05-17 19:17:56.006] [39347] [debug] [scwx::qt::map::radar_product_layer] Vertices buffered in 0.000000s
[2026-05-17 19:17:56.006] [39347] [debug] [scwx::qt::map::radar_product_layer] Data moments buffered in 0.000000s
[2026-05-17 19:17:56.008] [39347] [debug] [scwx::qt::map::radar_product_layer] UpdateSweep()
[2026-05-17 19:17:56.008] [39347] [debug] [scwx::qt::map::radar_product_layer] Vertices buffered in 0.000000s
[2026-05-17 19:17:56.008] [39347] [debug] [scwx::qt::map::radar_product_layer] Data moments buffered in 0.000000s
[2026-05-17 19:17:56.010] [39347] [debug] [scwx::qt::map::radar_product_layer] UpdateSweep()
[2026-05-17 19:17:56.026] [39347] [debug] [scwx::qt::map::radar_product_layer] Vertices buffered in 0.020000s
[2026-05-17 19:17:56.026] [39347] [debug] [scwx::qt::map::radar_product_layer] Data moments buffered in 0.000000s
[2026-05-17 19:17:56.027] [39347] [debug] [scwx::qt::map::radar_product_layer] CFP moments buffered in 0.000000s
[2026-05-17 19:17:58.400] [43002] [debug] [scwx::provider::aws_level2_chunks_data_provider] Refresh() in 0.230000s
[2026-05-17 19:17:58.401] [39446] [debug] [scwx::qt::view::level2_product_view] Computing Sweep
[2026-05-17 19:17:58.401] [39446] [debug] [scwx::qt::view::level2_product_view] ComputeCoordinates()
[2026-05-17 19:17:58.428] [39446] [debug] [scwx::qt::view::level2_product_view] Coordinates calculated in 0.030000s
[2026-05-17 19:17:58.436] [39446] [debug] [scwx::qt::view::level2_product_view] Vertices calculated in 0.010000s
[2026-05-17 19:17:58.999] [39347] [debug] [scwx::qt::map::radar_product_layer] UpdateSweep()
[2026-05-17 19:17:59.002] [39347] [debug] [scwx::qt::map::radar_product_layer] Vertices buffered in 0.000000s
[2026-05-17 19:17:59.002] [39347] [debug] [scwx::qt::map::radar_product_layer] Data moments buffered in 0.000000s
[2026-05-17 19:18:19.094] [43002] [debug] [scwx::provider::aws_level2_chunks_data_provider] Refresh() in 0.690000s
[2026-05-17 19:18:19.094] [39446] [debug] [scwx::qt::view::level2_product_view] Computing Sweep
[2026-05-17 19:18:19.094] [39446] [debug] [scwx::qt::view::level2_product_view] ComputeCoordinates()
[2026-05-17 19:18:19.122] [39446] [debug] [scwx::qt::view::level2_product_view] Coordinates calculated in 0.020000s
[2026-05-17 19:18:19.132] [39446] [debug] [scwx::qt::view::level2_product_view] Vertices calculated in 0.010000s
[2026-05-17 19:18:19.999] [39347] [debug] [scwx::qt::map::radar_product_layer] UpdateSweep()
[2026-05-17 19:18:20.002] [39347] [debug] [scwx::qt::map::radar_product_layer] Vertices buffered in 0.000000s
[2026-05-17 19:18:20.003] [39347] [debug] [scwx::qt::map::radar_product_layer] Data moments buffered in 0.000000s
[2026-05-17 19:18:20.504] [39372] [debug] [scwx::provider::nws_api_provider] GetRadarStations
[2026-05-17 19:18:22.244] [43002] [debug] [scwx::provider::aws_level2_chunks_data_provider] Refresh() in 0.150000s
[2026-05-17 19:18:26.148] [43002] [debug] [scwx::provider::aws_level2_chunks_data_provider] Refresh() in 0.150000s
[2026-05-17 19:18:31.143] [43003] [debug] [scwx::provider::aws_level2_chunks_data_provider] Refresh() in 0.140000s
[2026-05-17 19:18:34.291] [43002] [debug] [scwx::provider::aws_level2_chunks_data_provider] Refresh() in 0.150000s
[2026-05-17 19:18:48.980] [39394] [debug] [scwx::provider::warnings_provider] Loading file: warnings_20260518_00.txt
[2026-05-17 19:18:54.500] [39371] [debug] [scwx::network::ntp_client] Time offset updated: -0d 00:00:00.002971965
[2026-05-17 19:18:55.283] [43003] [debug] [scwx::provider::aws_level2_chunks_data_provider] Refresh() in 0.990000s
[2026-05-17 19:18:55.284] [39445] [debug] [scwx::qt::view::level2_product_view] Computing Sweep
[2026-05-17 19:18:55.284] [39445] [debug] [scwx::qt::view::level2_product_view] ComputeCoordinates()
[2026-05-17 19:18:55.288] [39449] [debug] [scwx::qt::view::level2_product_view] Computing Sweep
[2026-05-17 19:18:55.288] [39449] [debug] [scwx::qt::view::level2_product_view] ComputeCoordinates()
[2026-05-17 19:18:55.291] [39450] [debug] [scwx::qt::view::level2_product_view] Computing Sweep
[2026-05-17 19:18:55.291] [39450] [debug] [scwx::qt::view::level2_product_view] ComputeCoordinates()
[2026-05-17 19:18:55.329] [39445] [debug] [scwx::qt::view::level2_product_view] Coordinates calculated in 0.050000s
[2026-05-17 19:18:55.361] [39449] [debug] [scwx::qt::view::level2_product_view] Coordinates calculated in 0.070000s
[2026-05-17 19:18:55.362] [39450] [debug] [scwx::qt::view::level2_product_view] Coordinates calculated in 0.070000s
[2026-05-17 19:18:55.366] [39445] [debug] [scwx::qt::view::level2_product_view] Vertices calculated in 0.040000s
[2026-05-17 19:18:55.374] [39449] [debug] [scwx::qt::view::level2_product_view] Vertices calculated in 0.010000s
[2026-05-17 19:18:55.375] [39450] [debug] [scwx::qt::view::level2_product_view] Vertices calculated in 0.020000s
[2026-05-17 19:18:55.982] [39347] [debug] [scwx::qt::map::radar_product_layer] UpdateSweep()
[2026-05-17 19:18:55.986] [39347] [debug] [scwx::qt::map::radar_product_layer] Vertices buffered in 0.010000s
[2026-05-17 19:18:55.989] [39347] [debug] [scwx::qt::map::radar_product_layer] Data moments buffered in 0.000000s
[2026-05-17 19:18:55.991] [39347] [debug] [scwx::qt::map::radar_product_layer] UpdateSweep()
[2026-05-17 19:18:55.991] [39347] [debug] [scwx::qt::map::radar_product_layer] Vertices buffered in 0.000000s
[2026-05-17 19:18:55.992] [39347] [debug] [scwx::qt::map::radar_product_layer] Data moments buffered in 0.000000s
[2026-05-17 19:18:55.993] [39347] [debug] [scwx::qt::map::radar_product_layer] UpdateSweep()
[2026-05-17 19:18:55.997] [39347] [debug] [scwx::qt::map::radar_product_layer] Vertices buffered in 0.010000s
[2026-05-17 19:18:55.997] [39347] [debug] [scwx::qt::map::radar_product_layer] Data moments buffered in 0.000000s
[2026-05-17 19:18:55.998] [39347] [debug] [scwx::qt::map::radar_product_layer] CFP moments buffered in 0.000000s
[2026-05-17 19:19:04.437] [39394] [debug] [scwx::provider::warnings_provider] Loading file: warnings_20260518_00.txt
[2026-05-17 19:19:16.362] [43003] [debug] [scwx::provider::aws_level2_chunks_data_provider] Refresh() in 1.080000s
[2026-05-17 19:19:16.362] [39445] [debug] [scwx::qt::view::level2_product_view] Computing Sweep
[2026-05-17 19:19:16.362] [39445] [debug] [scwx::qt::view::level2_product_view] ComputeCoordinates()
[2026-05-17 19:19:16.362] [39446] [debug] [scwx::qt::view::level2_product_view] Computing Sweep
[2026-05-17 19:19:16.362] [39446] [debug] [scwx::qt::view::level2_product_view] ComputeCoordinates()
[2026-05-17 19:19:16.362] [39449] [debug] [scwx::qt::view::level2_product_view] Computing Sweep
[2026-05-17 19:19:16.362] [39449] [debug] [scwx::qt::view::level2_product_view] ComputeCoordinates()
[2026-05-17 19:19:16.368] [39450] [debug] [scwx::qt::view::level2_product_view] Computing Sweep
[2026-05-17 19:19:16.368] [39450] [debug] [scwx::qt::view::level2_product_view] ComputeCoordinates()
[2026-05-17 19:19:16.417] [39445] [debug] [scwx::qt::view::level2_product_view] Coordinates calculated in 0.060000s
[2026-05-17 19:19:16.442] [39445] [debug] [scwx::qt::view::level2_product_view] Vertices calculated in 0.020000s
[2026-05-17 19:19:16.449] [39446] [debug] [scwx::qt::view::level2_product_view] Coordinates calculated in 0.090000s
[2026-05-17 19:19:16.458] [39446] [debug] [scwx::qt::view::level2_product_view] Vertices calculated in 0.010000s
[2026-05-17 19:19:16.464] [39449] [debug] [scwx::qt::view::level2_product_view] Coordinates calculated in 0.110000s
[2026-05-17 19:19:16.465] [39450] [debug] [scwx::qt::view::level2_product_view] Coordinates calculated in 0.100000s
[2026-05-17 19:19:16.475] [39449] [debug] [scwx::qt::view::level2_product_view] Vertices calculated in 0.010000s
[2026-05-17 19:19:16.478] [39450] [debug] [scwx::qt::view::level2_product_view] Vertices calculated in 0.010000s
[2026-05-17 19:19:16.983] [39347] [debug] [scwx::qt::map::radar_product_layer] UpdateSweep()
[2026-05-17 19:19:16.986] [39347] [debug] [scwx::qt::map::radar_product_layer] Vertices buffered in 0.010000s
[2026-05-17 19:19:16.987] [39347] [debug] [scwx::qt::map::radar_product_layer] Data moments buffered in 0.000000s
[2026-05-17 19:19:16.989] [39347] [debug] [scwx::qt::map::radar_product_layer] UpdateSweep()
[2026-05-17 19:19:16.989] [39347] [debug] [scwx::qt::map::radar_product_layer] Vertices buffered in 0.000000s
[2026-05-17 19:19:16.990] [39347] [debug] [scwx::qt::map::radar_product_layer] Data moments buffered in 0.000000s
[2026-05-17 19:19:16.991] [39347] [debug] [scwx::qt::map::radar_product_layer] UpdateSweep()
[2026-05-17 19:19:16.992] [39347] [debug] [scwx::qt::map::radar_product_layer] Vertices buffered in 0.000000s
[2026-05-17 19:19:16.992] [39347] [debug] [scwx::qt::map::radar_product_layer] Data moments buffered in 0.000000s
[2026-05-17 19:19:16.994] [39347] [debug] [scwx::qt::map::radar_product_layer] UpdateSweep()
[2026-05-17 19:19:16.997] [39347] [debug] [scwx::qt::map::radar_product_layer] Vertices buffered in 0.010000s
[2026-05-17 19:19:16.997] [39347] [debug] [scwx::qt::map::radar_product_layer] Data moments buffered in 0.000000s
[2026-05-17 19:19:16.998] [39347] [debug] [scwx::qt::map::radar_product_layer] CFP moments buffered in 0.000000s
[2026-05-17 19:19:19.912] [39395] [debug] [scwx::provider::warnings_provider] Loading file: warnings_20260518_00.txt
[2026-05-17 19:19:20.606] [39372] [debug] [scwx::provider::nws_api_provider] GetRadarStations
[2026-05-17 19:19:35.399] [39394] [debug] [scwx::provider::warnings_provider] Loading file: warnings_20260518_00.txt
[2026-05-17 19:19:36.998] [43002] [debug] [scwx::provider::aws_level2_chunks_data_provider] Refresh() in 0.640000s
[2026-05-17 19:19:42.239] [43003] [debug] [scwx::provider::aws_level2_chunks_data_provider] Refresh() in 0.240000s
[2026-05-17 19:19:50.884] [39395] [debug] [scwx::provider::warnings_provider] Loading file: warnings_20260518_00.txt
[2026-05-17 19:19:58.532] [39370] [debug] [scwx::network::ntp_client] Time offset updated: -0d 00:00:00.002799105
[2026-05-17 19:20:02.871] [43002] [debug] [scwx::provider::aws_level2_chunks_data_provider] Refresh() in 0.630000s
[2026-05-17 19:20:06.369] [39394] [debug] [scwx::provider::warnings_provider] Loading file: warnings_20260518_00.txt
[2026-05-17 19:20:20.714] [39372] [debug] [scwx::provider::nws_api_provider] GetRadarStations
[2026-05-17 19:20:21.850] [39395] [debug] [scwx::provider::warnings_provider] Loading file: warnings_20260518_00.txt
[2026-05-17 19:20:23.823] [43003] [debug] [scwx::provider::aws_level2_chunks_data_provider] Refresh() in 0.950000s
[2026-05-17 19:20:23.824] [39445] [debug] [scwx::qt::view::level2_product_view] Computing Sweep
[2026-05-17 19:20:23.824] [39445] [debug] [scwx::qt::view::level2_product_view] ComputeCoordinates()
[2026-05-17 19:20:23.825] [39450] [debug] [scwx::qt::view::level2_product_view] Computing Sweep
[2026-05-17 19:20:23.825] [39450] [debug] [scwx::qt::view::level2_product_view] ComputeCoordinates()
[2026-05-17 19:20:23.826] [39449] [debug] [scwx::qt::view::level2_product_view] Computing Sweep
[2026-05-17 19:20:23.826] [39449] [debug] [scwx::qt::view::level2_product_view] ComputeCoordinates()
[2026-05-17 19:20:23.884] [39445] [debug] [scwx::qt::view::level2_product_view] Coordinates calculated in 0.070000s
[2026-05-17 19:20:23.900] [39449] [debug] [scwx::qt::view::level2_product_view] Coordinates calculated in 0.070000s
[2026-05-17 19:20:23.905] [39450] [debug] [scwx::qt::view::level2_product_view] Coordinates calculated in 0.080000s
[2026-05-17 19:20:23.912] [39445] [debug] [scwx::qt::view::level2_product_view] Vertices calculated in 0.020000s
[2026-05-17 19:20:23.914] [39449] [debug] [scwx::qt::view::level2_product_view] Vertices calculated in 0.010000s
[2026-05-17 19:20:23.919] [39450] [debug] [scwx::qt::view::level2_product_view] Vertices calculated in 0.010000s
[2026-05-17 19:20:23.982] [39347] [debug] [scwx::qt::map::radar_product_layer] UpdateSweep()
[2026-05-17 19:20:23.986] [39347] [debug] [scwx::qt::map::radar_product_layer] Vertices buffered in 0.010000s
[2026-05-17 19:20:23.986] [39347] [debug] [scwx::qt::map::radar_product_layer] Data moments buffered in 0.000000s
[2026-05-17 19:20:23.988] [39347] [debug] [scwx::qt::map::radar_product_layer] UpdateSweep()
[2026-05-17 19:20:23.989] [39347] [debug] [scwx::qt::map::radar_product_layer] Vertices buffered in 0.000000s
[2026-05-17 19:20:23.989] [39347] [debug] [scwx::qt::map::radar_product_layer] Data moments buffered in 0.000000s
[2026-05-17 19:20:23.991] [39347] [debug] [scwx::qt::map::radar_product_layer] UpdateSweep()
[2026-05-17 19:20:23.994] [39347] [debug] [scwx::qt::map::radar_product_layer] Vertices buffered in 0.010000s
[2026-05-17 19:20:23.995] [39347] [debug] [scwx::qt::map::radar_product_layer] Data moments buffered in 0.000000s
[2026-05-17 19:20:23.997] [39347] [debug] [scwx::qt::map::radar_product_layer] CFP moments buffered in 0.000000s
[2026-05-17 19:20:37.333] [39394] [debug] [scwx::provider::warnings_provider] Loading file: warnings_20260518_00.txt
[2026-05-17 19:20:44.780] [43002] [debug] [scwx::provider::aws_level2_chunks_data_provider] Refresh() in 0.960000s
[2026-05-17 19:20:44.780] [39445] [debug] [scwx::qt::view::level2_product_view] Computing Sweep
[2026-05-17 19:20:44.780] [39445] [debug] [scwx::qt::view::level2_product_view] ComputeCoordinates()
[2026-05-17 19:20:44.780] [39449] [debug] [scwx::qt::view::level2_product_view] Computing Sweep
[2026-05-17 19:20:44.780] [39449] [debug] [scwx::qt::view::level2_product_view] ComputeCoordinates()
[2026-05-17 19:20:44.783] [39450] [debug] [scwx::qt::view::level2_product_view] Computing Sweep
[2026-05-17 19:20:44.783] [39450] [debug] [scwx::qt::view::level2_product_view] ComputeCoordinates()
[2026-05-17 19:20:44.786] [39446] [debug] [scwx::qt::view::level2_product_view] Computing Sweep
[2026-05-17 19:20:44.786] [39446] [debug] [scwx::qt::view::level2_product_view] ComputeCoordinates()
[2026-05-17 19:20:44.834] [39445] [debug] [scwx::qt::view::level2_product_view] Coordinates calculated in 0.050000s
[2026-05-17 19:20:44.850] [39445] [debug] [scwx::qt::view::level2_product_view] Vertices calculated in 0.020000s
[2026-05-17 19:20:44.873] [39446] [debug] [scwx::qt::view::level2_product_view] Coordinates calculated in 0.080000s
[2026-05-17 19:20:44.881] [39449] [debug] [scwx::qt::view::level2_product_view] Coordinates calculated in 0.100000s
[2026-05-17 19:20:44.885] [39446] [debug] [scwx::qt::view::level2_product_view] Vertices calculated in 0.020000s
[2026-05-17 19:20:44.887] [39450] [debug] [scwx::qt::view::level2_product_view] Coordinates calculated in 0.110000s
[2026-05-17 19:20:44.894] [39449] [debug] [scwx::qt::view::level2_product_view] Vertices calculated in 0.010000s
[2026-05-17 19:20:44.898] [39450] [debug] [scwx::qt::view::level2_product_view] Vertices calculated in 0.010000s
[2026-05-17 19:20:44.971] [39347] [debug] [scwx::qt::map::radar_product_layer] UpdateSweep()
[2026-05-17 19:20:44.975] [39347] [debug] [scwx::qt::map::radar_product_layer] Vertices buffered in 0.010000s
[2026-05-17 19:20:44.975] [39347] [debug] [scwx::qt::map::radar_product_layer] Data moments buffered in 0.000000s
[2026-05-17 19:20:44.977] [39347] [debug] [scwx::qt::map::radar_product_layer] UpdateSweep()
[2026-05-17 19:20:44.978] [39347] [debug] [scwx::qt::map::radar_product_layer] Vertices buffered in 0.000000s
[2026-05-17 19:20:44.978] [39347] [debug] [scwx::qt::map::radar_product_layer] Data moments buffered in 0.000000s
[2026-05-17 19:20:44.980] [39347] [debug] [scwx::qt::map::radar_product_layer] UpdateSweep()
[2026-05-17 19:20:44.980] [39347] [debug] [scwx::qt::map::radar_product_layer] Vertices buffered in 0.000000s
[2026-05-17 19:20:44.981] [39347] [debug] [scwx::qt::map::radar_product_layer] Data moments buffered in 0.000000s
[2026-05-17 19:20:44.982] [39347] [debug] [scwx::qt::map::radar_product_layer] UpdateSweep()
[2026-05-17 19:20:44.986] [39347] [debug] [scwx::qt::map::radar_product_layer] Vertices buffered in 0.010000s
[2026-05-17 19:20:44.986] [39347] [debug] [scwx::qt::map::radar_product_layer] Data moments buffered in 0.000000s
[2026-05-17 19:20:44.986] [39347] [debug] [scwx::qt::map::radar_product_layer] CFP moments buffered in 0.000000s
[2026-05-17 19:20:47.916] [43003] [debug] [scwx::provider::aws_level2_chunks_data_provider] Refresh() in 0.140000s
[2026-05-17 19:20:52.803] [39395] [debug] [scwx::provider::warnings_provider] Loading file: warnings_20260518_00.txt
[2026-05-17 19:21:02.565] [39371] [debug] [scwx::network::ntp_client] Time offset updated: -0d 00:00:00.003202064
[2026-05-17 19:21:08.279] [39394] [debug] [scwx::provider::warnings_provider] Loading file: warnings_20260518_00.txt
[2026-05-17 19:21:08.526] [43002] [debug] [scwx::provider::aws_level2_chunks_data_provider] Refresh() in 0.610000s
[2026-05-17 19:21:11.668] [43002] [debug] [scwx::provider::aws_level2_chunks_data_provider] Refresh() in 0.140000s
[2026-05-17 19:21:15.140] [43003] [debug] [scwx::provider::aws_level2_chunks_data_provider] Refresh() in 0.140000s
[2026-05-17 19:21:20.815] [39372] [debug] [scwx::provider::nws_api_provider] GetRadarStations
[2026-05-17 19:21:23.774] [39395] [debug] [scwx::provider::warnings_provider] Loading file: warnings_20260518_00.txt
[2026-05-17 19:21:35.733] [43002] [debug] [scwx::provider::aws_level2_chunks_data_provider] Refresh() in 0.590000s
[2026-05-17 19:21:36.999] [43000] [debug] [scwx::provider::aws_nexrad_data_provider] Refresh()
[2026-05-17 19:21:36.999] [43000] [debug] [scwx::provider::aws_nexrad_data_provider] ListObjects: 2026/05/18/KUEX/
[2026-05-17 19:21:37.239] [43000] [debug] [scwx::provider::aws_nexrad_data_provider] Found 3 objects
[2026-05-17 19:21:37.239] [43000] [debug] [scwx::provider::aws_nexrad_data_provider] FindLatestKey()
[2026-05-17 19:21:37.239] [42999] [debug] [scwx::provider::aws_nexrad_data_provider] FindKey: 2026-05-18 00:15:53 UTC
[2026-05-17 19:21:37.774] [42999] [debug] [scwx::wsr88d::ar2v_file] Loading Data
[2026-05-17 19:21:37.774] [42999] [debug] [scwx::wsr88d::ar2v_file] Filename:  AR2V0006.
[2026-05-17 19:21:37.774] [42999] [debug] [scwx::wsr88d::ar2v_file] Extension: 210
[2026-05-17 19:21:37.774] [42999] [debug] [scwx::wsr88d::ar2v_file] Date:      20592 (2026-05-18)
[2026-05-17 19:21:37.774] [42999] [debug] [scwx::wsr88d::ar2v_file] Time:      953035 (00:15:53.035000000)
[2026-05-17 19:21:37.774] [42999] [debug] [scwx::wsr88d::ar2v_file] ICAO:      KUEX
[2026-05-17 19:21:38.714] [42998] [debug] [scwx::qt::manager::radar_product_manager] Level 2 product previously loaded, loading from cache
[2026-05-17 19:21:38.714] [42996] [debug] [scwx::qt::manager::radar_product_manager] Level 2 product previously loaded, loading from cache
[2026-05-17 19:21:38.714] [42997] [debug] [scwx::qt::manager::radar_product_manager] Level 2 product previously loaded, loading from cache
[2026-05-17 19:21:38.872] [43003] [debug] [scwx::provider::aws_level2_chunks_data_provider] Refresh() in 0.140000s
[2026-05-17 19:21:39.260] [39394] [debug] [scwx::provider::warnings_provider] Loading file: warnings_20260518_00.txt
[2026-05-17 19:21:42.091] [43002] [debug] [scwx::provider::aws_level2_chunks_data_provider] Refresh() in 0.090000s
[2026-05-17 19:21:45.000] [43005] [debug] [scwx::provider::aws_nexrad_data_provider] Refresh()
[2026-05-17 19:21:45.000] [43005] [debug] [scwx::provider::aws_nexrad_data_provider] ListObjects: UEX_NST_2026_05_18_
[2026-05-17 19:21:45.178] [43003] [debug] [scwx::provider::aws_level2_chunks_data_provider] Refresh() in 0.090000s
[2026-05-17 19:21:45.223] [43005] [debug] [scwx::provider::aws_nexrad_data_provider] Found 2 objects
[2026-05-17 19:21:45.223] [43005] [debug] [scwx::provider::aws_nexrad_data_provider] FindLatestKey()
[2026-05-17 19:21:48.483] [56540] [debug] [scwx::wsr88d::ar2v_file] Loading Data
[2026-05-17 19:21:48.483] [56540] [debug] [scwx::wsr88d::ar2v_file] Filename:  AR2V0006.
[2026-05-17 19:21:48.483] [56540] [debug] [scwx::wsr88d::ar2v_file] Extension: 211
[2026-05-17 19:21:48.483] [56540] [debug] [scwx::wsr88d::ar2v_file] Date:      20592 (2026-05-18)
[2026-05-17 19:21:48.483] [56540] [debug] [scwx::wsr88d::ar2v_file] Time:      1304680 (00:21:44.680000000)
[2026-05-17 19:21:48.483] [56540] [debug] [scwx::wsr88d::ar2v_file] ICAO:      KUEX
[2026-05-17 19:21:48.484] [43002] [debug] [scwx::provider::aws_level2_chunks_data_provider] Refresh() in 0.310000s
[2026-05-17 19:21:54.738] [39395] [debug] [scwx::provider::warnings_provider] Loading file: warnings_20260518_00.txt
[2026-05-17 19:22:00.224] [43004] [debug] [scwx::provider::aws_nexrad_data_provider] Refresh()
[2026-05-17 19:22:00.224] [43004] [debug] [scwx::provider::aws_nexrad_data_provider] ListObjects: UEX_NST_2026_05_18_
[2026-05-17 19:22:00.416] [43004] [debug] [scwx::provider::aws_nexrad_data_provider] Found 3 objects
[2026-05-17 19:22:00.416] [43004] [debug] [scwx::provider::aws_nexrad_data_provider] FindLatestKey()
[2026-05-17 19:22:00.416] [39347] [debug] [scwx::qt::view::overlay_product_view] Load Product: NST, 2026-05-18 00:15:53 UTC, true
[2026-05-17 19:22:00.416] [39347] [debug] [scwx::qt::view::overlay_product_view] Load Product: NST, 2026-05-18 00:15:53 UTC, true
[2026-05-17 19:22:00.416] [39347] [debug] [scwx::qt::view::overlay_product_view] Load Product: NST, 2026-05-18 00:15:53 UTC, true
[2026-05-17 19:22:00.416] [39347] [debug] [scwx::qt::view::overlay_product_view] Load Product: NST, 2026-05-18 00:15:53 UTC, true
[2026-05-17 19:22:00.416] [39437] [debug] [scwx::qt::manager::radar_product_manager] LoadLevel3Data: 2026-05-18 00:15:53 UTC
[2026-05-17 19:22:00.416] [39409] [debug] [scwx::qt::manager::radar_product_manager] LoadLevel3Data: 2026-05-18 00:15:53 UTC
[2026-05-17 19:22:00.416] [39441] [debug] [scwx::qt::manager::radar_product_manager] LoadLevel3Data: 2026-05-18 00:15:53 UTC
[2026-05-17 19:22:00.416] [39433] [debug] [scwx::qt::manager::radar_product_manager] LoadLevel3Data: 2026-05-18 00:15:53 UTC
[2026-05-17 19:22:00.416] [42999] [debug] [scwx::provider::aws_nexrad_data_provider] FindKey: 2026-05-18 00:15:53 UTC
[2026-05-17 19:22:00.493] [42999] [debug] [scwx::wsr88d::level3_file] Loading Data
[2026-05-17 19:22:00.493] [42999] [debug] [scwx::wsr88d::level3_file] Data Type: SD
[2026-05-17 19:22:00.493] [42999] [debug] [scwx::wsr88d::level3_file] ICAO:      KGID
[2026-05-17 19:22:00.493] [42999] [debug] [scwx::wsr88d::level3_file] Date/Time: 180015
[2026-05-17 19:22:00.493] [42999] [debug] [scwx::wsr88d::level3_file] Category:  NST
[2026-05-17 19:22:00.493] [42999] [debug] [scwx::wsr88d::level3_file] Site ID:   UEX
[2026-05-17 19:22:00.493] [42999] [debug] [scwx::wsr88d::rpg::level3_message_factory] Found Message 58
[2026-05-17 19:22:00.493] [42999] [debug] [scwx::wsr88d::rpg::graphic_product_message] Loading Blocks
[2026-05-17 19:22:00.493] [42999] [debug] [scwx::wsr88d::rpg::graphic_product_message] Product symbology block valid: true
[2026-05-17 19:22:00.493] [42999] [debug] [scwx::wsr88d::rpg::graphic_product_message] Graphic alphanumeric block valid: true
[2026-05-17 19:22:00.493] [42999] [debug] [scwx::wsr88d::rpg::graphic_product_message] Tabular alphanumeric block valid: true
[2026-05-17 19:22:00.493] [42998] [debug] [scwx::qt::manager::radar_product_manager] Level 3 product previously loaded, loading from cache
[2026-05-17 19:22:00.493] [42996] [debug] [scwx::qt::manager::radar_product_manager] Level 3 product previously loaded, loading from cache
[2026-05-17 19:22:00.493] [42997] [debug] [scwx::qt::manager::radar_product_manager] Level 3 product previously loaded, loading from cache
[2026-05-17 19:22:06.598] [39370] [debug] [scwx::network::ntp_client] Time offset updated: -0d 00:00:00.002253969
[2026-05-17 19:22:09.615] [43003] [debug] [scwx::provider::aws_level2_chunks_data_provider] Refresh() in 1.130000s
[2026-05-17 19:22:09.615] [39446] [debug] [scwx::qt::view::level2_product_view] Computing Sweep
[2026-05-17 19:22:09.615] [39446] [debug] [scwx::qt::view::level2_product_view] ComputeCoordinates()
[2026-05-17 19:22:09.618] [39445] [debug] [scwx::qt::view::level2_product_view] Computing Sweep
[2026-05-17 19:22:09.618] [39445] [debug] [scwx::qt::view::level2_product_view] ComputeCoordinates()
[2026-05-17 19:22:09.622] [39449] [debug] [scwx::qt::view::level2_product_view] Computing Sweep
[2026-05-17 19:22:09.622] [39449] [debug] [scwx::qt::view::level2_product_view] ComputeCoordinates()
[2026-05-17 19:22:09.625] [39450] [debug] [scwx::qt::view::level2_product_view] Computing Sweep
[2026-05-17 19:22:09.625] [39450] [debug] [scwx::qt::view::level2_product_view] ComputeCoordinates()
[2026-05-17 19:22:09.672] [39446] [debug] [scwx::qt::view::level2_product_view] Coordinates calculated in 0.050000s
[2026-05-17 19:22:09.706] [39446] [debug] [scwx::qt::view::level2_product_view] Vertices calculated in 0.040000s
[2026-05-17 19:22:09.713] [39449] [debug] [scwx::qt::view::level2_product_view] Coordinates calculated in 0.090000s
[2026-05-17 19:22:09.715] [39445] [debug] [scwx::qt::view::level2_product_view] Coordinates calculated in 0.100000s
[2026-05-17 19:22:09.718] [39450] [debug] [scwx::qt::view::level2_product_view] Coordinates calculated in 0.090000s
[2026-05-17 19:22:09.730] [39449] [debug] [scwx::qt::view::level2_product_view] Vertices calculated in 0.020000s
[2026-05-17 19:22:09.734] [39450] [debug] [scwx::qt::view::level2_product_view] Vertices calculated in 0.010000s
[2026-05-17 19:22:09.735] [39445] [debug] [scwx::qt::view::level2_product_view] Vertices calculated in 0.020000s
[2026-05-17 19:22:09.971] [39347] [debug] [scwx::qt::map::radar_product_layer] UpdateSweep()
[2026-05-17 19:22:09.974] [39347] [debug] [scwx::qt::map::radar_product_layer] Vertices buffered in 0.000000s
[2026-05-17 19:22:09.975] [39347] [debug] [scwx::qt::map::radar_product_layer] Data moments buffered in 0.000000s
[2026-05-17 19:22:09.977] [39347] [debug] [scwx::qt::map::radar_product_layer] UpdateSweep()
[2026-05-17 19:22:09.978] [39347] [debug] [scwx::qt::map::radar_product_layer] Vertices buffered in 0.000000s
[2026-05-17 19:22:09.978] [39347] [debug] [scwx::qt::map::radar_product_layer] Data moments buffered in 0.000000s
[2026-05-17 19:22:09.979] [39347] [debug] [scwx::qt::map::radar_product_layer] UpdateSweep()
[2026-05-17 19:22:09.980] [39347] [debug] [scwx::qt::map::radar_product_layer] Vertices buffered in 0.000000s
[2026-05-17 19:22:09.980] [39347] [debug] [scwx::qt::map::radar_product_layer] Data moments buffered in 0.000000s
[2026-05-17 19:22:09.982] [39347] [debug] [scwx::qt::map::radar_product_layer] UpdateSweep()
[2026-05-17 19:22:09.996] [39347] [debug] [scwx::qt::map::radar_product_layer] Vertices buffered in 0.020000s
[2026-05-17 19:22:09.997] [39347] [debug] [scwx::qt::map::radar_product_layer] Data moments buffered in 0.000000s
[2026-05-17 19:22:09.997] [39347] [debug] [scwx::qt::map::radar_product_layer] CFP moments buffered in 0.000000s
[2026-05-17 19:22:10.228] [39394] [debug] [scwx::provider::warnings_provider] Loading file: warnings_20260518_00.txt
[2026-05-17 19:22:12.829] [43002] [debug] [scwx::provider::aws_level2_chunks_data_provider] Refresh() in 0.210000s
[2026-05-17 19:22:12.830] [39446] [debug] [scwx::qt::view::level2_product_view] Computing Sweep
[2026-05-17 19:22:12.830] [39446] [debug] [scwx::qt::view::level2_product_view] ComputeCoordinates()
[2026-05-17 19:22:12.854] [39446] [debug] [scwx::qt::view::level2_product_view] Coordinates calculated in 0.020000s
[2026-05-17 19:22:12.862] [39446] [debug] [scwx::qt::view::level2_product_view] Vertices calculated in 0.010000s
[2026-05-17 19:22:12.971] [39347] [debug] [scwx::qt::map::radar_product_layer] UpdateSweep()
[2026-05-17 19:22:12.974] [39347] [debug] [scwx::qt::map::radar_product_layer] Vertices buffered in 0.000000s
[2026-05-17 19:22:12.974] [39347] [debug] [scwx::qt::map::radar_product_layer] Data moments buffered in 0.010000s
[2026-05-17 19:22:20.923] [39372] [debug] [scwx::provider::nws_api_provider] GetRadarStations
[2026-05-17 19:22:25.733] [39395] [debug] [scwx::provider::warnings_provider] Loading file: warnings_20260518_00.txt
[2026-05-17 19:22:33.791] [43003] [debug] [scwx::provider::aws_level2_chunks_data_provider] Refresh() in 0.960000s
[2026-05-17 19:22:33.794] [39446] [debug] [scwx::qt::view::level2_product_view] Computing Sweep
[2026-05-17 19:22:33.794] [39446] [debug] [scwx::qt::view::level2_product_view] ComputeCoordinates()
[2026-05-17 19:22:33.818] [39446] [debug] [scwx::qt::view::level2_product_view] Coordinates calculated in 0.030000s
[2026-05-17 19:22:33.826] [39446] [debug] [scwx::qt::view::level2_product_view] Vertices calculated in 0.010000s
[2026-05-17 19:22:33.971] [39347] [debug] [scwx::qt::map::radar_product_layer] UpdateSweep()
[2026-05-17 19:22:33.974] [39347] [debug] [scwx::qt::map::radar_product_layer] Vertices buffered in 0.000000s
[2026-05-17 19:22:33.974] [39347] [debug] [scwx::qt::map::radar_product_layer] Data moments buffered in 0.000000s
[2026-05-17 19:22:41.240] [39394] [debug] [scwx::provider::warnings_provider] Loading file: warnings_20260518_00.txt
[2026-05-17 19:22:54.723] [43002] [debug] [scwx::provider::aws_level2_chunks_data_provider] Refresh() in 0.930000s
[2026-05-17 19:22:56.736] [39395] [debug] [scwx::provider::warnings_provider] Loading file: warnings_20260518_00.txt
[2026-05-17 19:22:58.011] [43003] [debug] [scwx::provider::aws_level2_chunks_data_provider] Refresh() in 0.290000s
[2026-05-17 19:23:10.638] [39371] [debug] [scwx::network::ntp_client] Time offset updated: 0d 00:00:00.001620434
[2026-05-17 19:23:12.233] [39394] [debug] [scwx::provider::warnings_provider] Loading file: warnings_20260518_00.txt
[2026-05-17 19:23:19.100] [43002] [debug] [scwx::provider::aws_level2_chunks_data_provider] Refresh() in 1.090000s
[2026-05-17 19:23:21.026] [39372] [debug] [scwx::provider::nws_api_provider] GetRadarStations
[2026-05-17 19:23:27.716] [39395] [debug] [scwx::provider::warnings_provider] Loading file: warnings_20260518_00.txt
[2026-05-17 19:23:40.079] [43003] [debug] [scwx::provider::aws_level2_chunks_data_provider] Refresh() in 0.980000s
[2026-05-17 19:23:40.079] [39445] [debug] [scwx::qt::view::level2_product_view] Computing Sweep
[2026-05-17 19:23:40.079] [39445] [debug] [scwx::qt::view::level2_product_view] ComputeCoordinates()
[2026-05-17 19:23:40.083] [39446] [debug] [scwx::qt::view::level2_product_view] Computing Sweep
[2026-05-17 19:23:40.083] [39446] [debug] [scwx::qt::view::level2_product_view] ComputeCoordinates()
[2026-05-17 19:23:40.086] [39449] [debug] [scwx::qt::view::level2_product_view] Computing Sweep
[2026-05-17 19:23:40.086] [39449] [debug] [scwx::qt::view::level2_product_view] ComputeCoordinates()
[2026-05-17 19:23:40.089] [39450] [debug] [scwx::qt::view::level2_product_view] Computing Sweep
[2026-05-17 19:23:40.089] [39450] [debug] [scwx::qt::view::level2_product_view] ComputeCoordinates()
[2026-05-17 19:23:40.139] [39445] [debug] [scwx::qt::view::level2_product_view] Coordinates calculated in 0.060000s
[2026-05-17 19:23:40.167] [39446] [debug] [scwx::qt::view::level2_product_view] Coordinates calculated in 0.090000s
[2026-05-17 19:23:40.180] [39449] [debug] [scwx::qt::view::level2_product_view] Coordinates calculated in 0.090000s
[2026-05-17 19:23:40.181] [39450] [debug] [scwx::qt::view::level2_product_view] Coordinates calculated in 0.090000s
[2026-05-17 19:23:40.184] [39445] [debug] [scwx::qt::view::level2_product_view] Vertices calculated in 0.040000s
[2026-05-17 19:23:40.189] [39446] [debug] [scwx::qt::view::level2_product_view] Vertices calculated in 0.020000s
[2026-05-17 19:23:40.195] [39449] [debug] [scwx::qt::view::level2_product_view] Vertices calculated in 0.020000s
[2026-05-17 19:23:40.195] [39450] [debug] [scwx::qt::view::level2_product_view] Vertices calculated in 0.020000s
[2026-05-17 19:23:40.971] [39347] [debug] [scwx::qt::map::radar_product_layer] UpdateSweep()
[2026-05-17 19:23:40.974] [39347] [debug] [scwx::qt::map::radar_product_layer] Vertices buffered in 0.000000s
[2026-05-17 19:23:40.978] [39347] [debug] [scwx::qt::map::radar_product_layer] Data moments buffered in 0.010000s
[2026-05-17 19:23:40.979] [39347] [debug] [scwx::qt::map::radar_product_layer] UpdateSweep()
[2026-05-17 19:23:40.980] [39347] [debug] [scwx::qt::map::radar_product_layer] Vertices buffered in 0.000000s
[2026-05-17 19:23:40.981] [39347] [debug] [scwx::qt::map::radar_product_layer] Data moments buffered in 0.000000s
[2026-05-17 19:23:40.982] [39347] [debug] [scwx::qt::map::radar_product_layer] UpdateSweep()
[2026-05-17 19:23:40.983] [39347] [debug] [scwx::qt::map::radar_product_layer] Vertices buffered in 0.000000s
[2026-05-17 19:23:40.983] [39347] [debug] [scwx::qt::map::radar_product_layer] Data moments buffered in 0.000000s
[2026-05-17 19:23:40.984] [39347] [debug] [scwx::qt::map::radar_product_layer] UpdateSweep()
[2026-05-17 19:23:40.988] [39347] [debug] [scwx::qt::map::radar_product_layer] Vertices buffered in 0.010000s
[2026-05-17 19:23:40.988] [39347] [debug] [scwx::qt::map::radar_product_layer] Data moments buffered in 0.000000s
[2026-05-17 19:23:40.989] [39347] [debug] [scwx::qt::map::radar_product_layer] CFP moments buffered in 0.000000s
[2026-05-17 19:23:43.206] [39394] [debug] [scwx::provider::warnings_provider] Loading file: warnings_20260518_00.txt
[2026-05-17 19:23:43.306] [43002] [debug] [scwx::provider::aws_level2_chunks_data_provider] Refresh() in 0.230000s
[2026-05-17 19:23:43.307] [39446] [debug] [scwx::qt::view::level2_product_view] Computing Sweep
[2026-05-17 19:23:43.307] [39446] [debug] [scwx::qt::view::level2_product_view] ComputeCoordinates()
[2026-05-17 19:23:43.331] [39446] [debug] [scwx::qt::view::level2_product_view] Coordinates calculated in 0.020000s
[2026-05-17 19:23:43.339] [39446] [debug] [scwx::qt::view::level2_product_view] Vertices calculated in 0.010000s
[2026-05-17 19:23:43.971] [39347] [debug] [scwx::qt::map::radar_product_layer] UpdateSweep()
[2026-05-17 19:23:43.974] [39347] [debug] [scwx::qt::map::radar_product_layer] Vertices buffered in 0.000000s
[2026-05-17 19:23:43.974] [39347] [debug] [scwx::qt::map::radar_product_layer] Data moments buffered in 0.000000s
[2026-05-17 19:23:58.803] [39395] [debug] [scwx::provider::warnings_provider] Loading file: warnings_20260518_00.txt
[2026-05-17 19:24:04.074] [43003] [debug] [scwx::provider::aws_level2_chunks_data_provider] Refresh() in 0.760000s
[2026-05-17 19:24:04.075] [39446] [debug] [scwx::qt::view::level2_product_view] Computing Sweep
[2026-05-17 19:24:04.075] [39446] [debug] [scwx::qt::view::level2_product_view] ComputeCoordinates()
[2026-05-17 19:24:04.100] [39446] [debug] [scwx::qt::view::level2_product_view] Coordinates calculated in 0.020000s
[2026-05-17 19:24:04.107] [39446] [debug] [scwx::qt::view::level2_product_view] Vertices calculated in 0.010000s
[2026-05-17 19:24:04.108] [39347] [debug] [scwx::qt::map::radar_product_layer] UpdateSweep()
[2026-05-17 19:24:04.111] [39347] [debug] [scwx::qt::map::radar_product_layer] Vertices buffered in 0.000000s
[2026-05-17 19:24:04.112] [39347] [debug] [scwx::qt::map::radar_product_layer] Data moments buffered in 0.000000s
[2026-05-17 19:24:07.220] [43002] [debug] [scwx::provider::aws_level2_chunks_data_provider] Refresh() in 0.150000s
[2026-05-17 19:24:11.149] [43003] [debug] [scwx::provider::aws_level2_chunks_data_provider] Refresh() in 0.150000s
[2026-05-17 19:24:14.300] [39394] [debug] [scwx::provider::warnings_provider] Loading file: warnings_20260518_00.txt
[2026-05-17 19:24:14.673] [39370] [debug] [scwx::network::ntp_client] Time offset updated: 0d 00:00:00.000310673
[2026-05-17 19:24:21.188] [39372] [debug] [scwx::provider::nws_api_provider] GetRadarStations
[2026-05-17 19:24:29.799] [39395] [debug] [scwx::provider::warnings_provider] Loading file: warnings_20260518_00.txt
[2026-05-17 19:24:31.828] [43003] [debug] [scwx::provider::aws_level2_chunks_data_provider] Refresh() in 0.680000s
[2026-05-17 19:24:35.152] [43002] [debug] [scwx::provider::aws_level2_chunks_data_provider] Refresh() in 0.150000s
[2026-05-17 19:24:39.219] [43003] [debug] [scwx::provider::aws_level2_chunks_data_provider] Refresh() in 0.220000s
[2026-05-17 19:24:39.220] [39445] [debug] [scwx::qt::view::level2_product_view] Computing Sweep
[2026-05-17 19:24:39.220] [39445] [debug] [scwx::qt::view::level2_product_view] ComputeCoordinates()
[2026-05-17 19:24:39.223] [39450] [debug] [scwx::qt::view::level2_product_view] Computing Sweep
[2026-05-17 19:24:39.223] [39450] [debug] [scwx::qt::view::level2_product_view] ComputeCoordinates()
[2026-05-17 19:24:39.226] [39449] [debug] [scwx::qt::view::level2_product_view] Computing Sweep
[2026-05-17 19:24:39.226] [39449] [debug] [scwx::qt::view::level2_product_view] ComputeCoordinates()
[2026-05-17 19:24:39.275] [39445] [debug] [scwx::qt::view::level2_product_view] Coordinates calculated in 0.060000s
[2026-05-17 19:24:39.296] [39450] [debug] [scwx::qt::view::level2_product_view] Coordinates calculated in 0.080000s
[2026-05-17 19:24:39.297] [39449] [debug] [scwx::qt::view::level2_product_view] Coordinates calculated in 0.070000s
[2026-05-17 19:24:39.305] [39445] [debug] [scwx::qt::view::level2_product_view] Vertices calculated in 0.030000s
[2026-05-17 19:24:39.310] [39450] [debug] [scwx::qt::view::level2_product_view] Vertices calculated in 0.010000s
[2026-05-17 19:24:39.311] [39449] [debug] [scwx::qt::view::level2_product_view] Vertices calculated in 0.010000s
[2026-05-17 19:24:39.971] [39347] [debug] [scwx::qt::map::radar_product_layer] UpdateSweep()
[2026-05-17 19:24:39.974] [39347] [debug] [scwx::qt::map::radar_product_layer] Vertices buffered in 0.000000s
[2026-05-17 19:24:39.975] [39347] [debug] [scwx::qt::map::radar_product_layer] Data moments buffered in 0.010000s
[2026-05-17 19:24:39.977] [39347] [debug] [scwx::qt::map::radar_product_layer] UpdateSweep()
[2026-05-17 19:24:39.977] [39347] [debug] [scwx::qt::map::radar_product_layer] Vertices buffered in 0.000000s
[2026-05-17 19:24:39.978] [39347] [debug] [scwx::qt::map::radar_product_layer] Data moments buffered in 0.000000s
[2026-05-17 19:24:39.979] [39347] [debug] [scwx::qt::map::radar_product_layer] UpdateSweep()
[2026-05-17 19:24:39.983] [39347] [debug] [scwx::qt::map::radar_product_layer] Vertices buffered in 0.000000s
[2026-05-17 19:24:39.983] [39347] [debug] [scwx::qt::map::radar_product_layer] Data moments buffered in 0.000000s
[2026-05-17 19:24:39.984] [39347] [debug] [scwx::qt::map::radar_product_layer] CFP moments buffered in 0.000000s
[2026-05-17 19:24:43.238] [43002] [debug] [scwx::provider::aws_level2_chunks_data_provider] Refresh() in 0.240000s
[2026-05-17 19:24:43.239] [39445] [debug] [scwx::qt::view::level2_product_view] Computing Sweep
[2026-05-17 19:24:43.239] [39445] [debug] [scwx::qt::view::level2_product_view] ComputeCoordinates()
[2026-05-17 19:24:43.240] [39450] [debug] [scwx::qt::view::level2_product_view] Computing Sweep
[2026-05-17 19:24:43.240] [39450] [debug] [scwx::qt::view::level2_product_view] ComputeCoordinates()
[2026-05-17 19:24:43.240] [39449] [debug] [scwx::qt::view::level2_product_view] Computing Sweep
[2026-05-17 19:24:43.240] [39449] [debug] [scwx::qt::view::level2_product_view] ComputeCoordinates()
[2026-05-17 19:24:43.295] [39445] [debug] [scwx::qt::view::level2_product_view] Coordinates calculated in 0.060000s
[2026-05-17 19:24:43.307] [39449] [debug] [scwx::qt::view::level2_product_view] Coordinates calculated in 0.070000s
[2026-05-17 19:24:43.315] [39450] [debug] [scwx::qt::view::level2_product_view] Coordinates calculated in 0.080000s
[2026-05-17 19:24:43.321] [39449] [debug] [scwx::qt::view::level2_product_view] Vertices calculated in 0.010000s
[2026-05-17 19:24:43.323] [39445] [debug] [scwx::qt::view::level2_product_view] Vertices calculated in 0.020000s
[2026-05-17 19:24:43.327] [39450] [debug] [scwx::qt::view::level2_product_view] Vertices calculated in 0.010000s
[2026-05-17 19:24:43.971] [39347] [debug] [scwx::qt::map::radar_product_layer] UpdateSweep()
[2026-05-17 19:24:43.974] [39347] [debug] [scwx::qt::map::radar_product_layer] Vertices buffered in 0.000000s
[2026-05-17 19:24:43.975] [39347] [debug] [scwx::qt::map::radar_product_layer] Data moments buffered in 0.010000s
[2026-05-17 19:24:43.977] [39347] [debug] [scwx::qt::map::radar_product_layer] UpdateSweep()
[2026-05-17 19:24:43.977] [39347] [debug] [scwx::qt::map::radar_product_layer] Vertices buffered in 0.000000s
[2026-05-17 19:24:43.978] [39347] [debug] [scwx::qt::map::radar_product_layer] Data moments buffered in 0.000000s
[2026-05-17 19:24:43.979] [39347] [debug] [scwx::qt::map::radar_product_layer] UpdateSweep()
[2026-05-17 19:24:43.983] [39347] [debug] [scwx::qt::map::radar_product_layer] Vertices buffered in 0.000000s
[2026-05-17 19:24:43.983] [39347] [debug] [scwx::qt::map::radar_product_layer] Data moments buffered in 0.000000s
[2026-05-17 19:24:43.985] [39347] [debug] [scwx::qt::map::radar_product_layer] CFP moments buffered in 0.010000s
[2026-05-17 19:24:45.291] [39394] [debug] [scwx::provider::warnings_provider] Loading file: warnings_20260518_00.txt
[2026-05-17 19:25:00.798] [39395] [debug] [scwx::provider::warnings_provider] Loading file: warnings_20260518_00.txt
[2026-05-17 19:25:04.244] [43003] [debug] [scwx::provider::aws_level2_chunks_data_provider] Refresh() in 1.000000s
[2026-05-17 19:25:04.245] [39445] [debug] [scwx::qt::view::level2_product_view] Computing Sweep
[2026-05-17 19:25:04.245] [39445] [debug] [scwx::qt::view::level2_product_view] ComputeCoordinates()
[2026-05-17 19:25:04.245] [39450] [debug] [scwx::qt::view::level2_product_view] Computing Sweep
[2026-05-17 19:25:04.245] [39450] [debug] [scwx::qt::view::level2_product_view] ComputeCoordinates()
[2026-05-17 19:25:04.248] [39446] [debug] [scwx::qt::view::level2_product_view] Computing Sweep
[2026-05-17 19:25:04.248] [39446] [debug] [scwx::qt::view::level2_product_view] ComputeCoordinates()
[2026-05-17 19:25:04.251] [39449] [debug] [scwx::qt::view::level2_product_view] Computing Sweep
[2026-05-17 19:25:04.251] [39449] [debug] [scwx::qt::view::level2_product_view] ComputeCoordinates()
[2026-05-17 19:25:04.296] [39445] [debug] [scwx::qt::view::level2_product_view] Coordinates calculated in 0.050000s
[2026-05-17 19:25:04.322] [39445] [debug] [scwx::qt::view::level2_product_view] Vertices calculated in 0.020000s
[2026-05-17 19:25:04.340] [39446] [debug] [scwx::qt::view::level2_product_view] Coordinates calculated in 0.090000s
[2026-05-17 19:25:04.343] [39449] [debug] [scwx::qt::view::level2_product_view] Coordinates calculated in 0.090000s
[2026-05-17 19:25:04.347] [39450] [debug] [scwx::qt::view::level2_product_view] Coordinates calculated in 0.100000s
[2026-05-17 19:25:04.355] [39446] [debug] [scwx::qt::view::level2_product_view] Vertices calculated in 0.020000s
[2026-05-17 19:25:04.357] [39449] [debug] [scwx::qt::view::level2_product_view] Vertices calculated in 0.020000s
[2026-05-17 19:25:04.361] [39450] [debug] [scwx::qt::view::level2_product_view] Vertices calculated in 0.010000s
[2026-05-17 19:25:04.971] [39347] [debug] [scwx::qt::map::radar_product_layer] UpdateSweep()
[2026-05-17 19:25:04.974] [39347] [debug] [scwx::qt::map::radar_product_layer] Vertices buffered in 0.000000s
[2026-05-17 19:25:04.978] [39347] [debug] [scwx::qt::map::radar_product_layer] Data moments buffered in 0.010000s
[2026-05-17 19:25:04.979] [39347] [debug] [scwx::qt::map::radar_product_layer] UpdateSweep()
[2026-05-17 19:25:04.980] [39347] [debug] [scwx::qt::map::radar_product_layer] Vertices buffered in 0.000000s
[2026-05-17 19:25:04.980] [39347] [debug] [scwx::qt::map::radar_product_layer] Data moments buffered in 0.000000s
[2026-05-17 19:25:04.982] [39347] [debug] [scwx::qt::map::radar_product_layer] UpdateSweep()
[2026-05-17 19:25:04.983] [39347] [debug] [scwx::qt::map::radar_product_layer] Vertices buffered in 0.000000s
[2026-05-17 19:25:04.983] [39347] [debug] [scwx::qt::map::radar_product_layer] Data moments buffered in 0.000000s
[2026-05-17 19:25:04.984] [39347] [debug] [scwx::qt::map::radar_product_layer] UpdateSweep()
[2026-05-17 19:25:04.988] [39347] [debug] [scwx::qt::map::radar_product_layer] Vertices buffered in 0.010000s
[2026-05-17 19:25:04.988] [39347] [debug] [scwx::qt::map::radar_product_layer] Data moments buffered in 0.000000s
[2026-05-17 19:25:04.989] [39347] [debug] [scwx::qt::map::radar_product_layer] CFP moments buffered in 0.000000s
[2026-05-17 19:25:16.322] [39394] [debug] [scwx::provider::warnings_provider] Loading file: warnings_20260518_00.txt
[2026-05-17 19:25:18.705] [39371] [debug] [scwx::network::ntp_client] Time offset updated: -0d 00:00:00.003433314
[2026-05-17 19:25:21.306] [39372] [debug] [scwx::provider::nws_api_provider] GetRadarStations
[2026-05-17 19:25:24.888] [43002] [debug] [scwx::provider::aws_level2_chunks_data_provider] Refresh() in 0.650000s
[2026-05-17 19:25:24.888] [39446] [debug] [scwx::qt::view::level2_product_view] Computing Sweep
[2026-05-17 19:25:24.888] [39446] [debug] [scwx::qt::view::level2_product_view] ComputeCoordinates()
[2026-05-17 19:25:24.913] [39446] [debug] [scwx::qt::view::level2_product_view] Coordinates calculated in 0.020000s
[2026-05-17 19:25:24.920] [39446] [debug] [scwx::qt::view::level2_product_view] Vertices calculated in 0.010000s
[2026-05-17 19:25:24.971] [39347] [debug] [scwx::qt::map::radar_product_layer] UpdateSweep()
[2026-05-17 19:25:24.974] [39347] [debug] [scwx::qt::map::radar_product_layer] Vertices buffered in 0.000000s
[2026-05-17 19:25:24.974] [39347] [debug] [scwx::qt::map::radar_product_layer] Data moments buffered in 0.000000s
[2026-05-17 19:25:28.034] [43003] [debug] [scwx::provider::aws_level2_chunks_data_provider] Refresh() in 0.140000s
[2026-05-17 19:25:33.232] [43002] [debug] [scwx::provider::aws_level2_chunks_data_provider] Refresh() in 0.230000s
[2026-05-17 19:25:53.892] [43003] [debug] [scwx::provider::aws_level2_chunks_data_provider] Refresh() in 0.660000s
[2026-05-17 19:26:14.785] [43002] [debug] [scwx::provider::aws_level2_chunks_data_provider] Refresh() in 0.900000s
[2026-05-17 19:26:14.786] [39445] [debug] [scwx::qt::view::level2_product_view] Computing Sweep
[2026-05-17 19:26:14.786] [39445] [debug] [scwx::qt::view::level2_product_view] ComputeCoordinates()
[2026-05-17 19:26:14.786] [39449] [debug] [scwx::qt::view::level2_product_view] Computing Sweep
[2026-05-17 19:26:14.786] [39449] [debug] [scwx::qt::view::level2_product_view] ComputeCoordinates()
[2026-05-17 19:26:14.791] [39450] [debug] [scwx::qt::view::level2_product_view] Computing Sweep
[2026-05-17 19:26:14.791] [39450] [debug] [scwx::qt::view::level2_product_view] ComputeCoordinates()
[2026-05-17 19:26:14.824] [39445] [debug] [scwx::qt::view::level2_product_view] Coordinates calculated in 0.030000s
[2026-05-17 19:26:14.838] [39445] [debug] [scwx::qt::view::level2_product_view] Vertices calculated in 0.010000s
[2026-05-17 19:26:14.858] [39449] [debug] [scwx::qt::view::level2_product_view] Coordinates calculated in 0.070000s
[2026-05-17 19:26:14.863] [39450] [debug] [scwx::qt::view::level2_product_view] Coordinates calculated in 0.070000s
[2026-05-17 19:26:14.869] [39449] [debug] [scwx::qt::view::level2_product_view] Vertices calculated in 0.010000s
[2026-05-17 19:26:14.873] [39450] [debug] [scwx::qt::view::level2_product_view] Vertices calculated in 0.010000s
[2026-05-17 19:26:14.971] [39347] [debug] [scwx::qt::map::radar_product_layer] UpdateSweep()
[2026-05-17 19:26:14.974] [39347] [debug] [scwx::qt::map::radar_product_layer] Vertices buffered in 0.000000s
[2026-05-17 19:26:14.975] [39347] [debug] [scwx::qt::map::radar_product_layer] Data moments buffered in 0.010000s
[2026-05-17 19:26:14.976] [39347] [debug] [scwx::qt::map::radar_product_layer] UpdateSweep()
[2026-05-17 19:26:14.977] [39347] [debug] [scwx::qt::map::radar_product_layer] Vertices buffered in 0.000000s
[2026-05-17 19:26:14.977] [39347] [debug] [scwx::qt::map::radar_product_layer] Data moments buffered in 0.000000s
[2026-05-17 19:26:14.979] [39347] [debug] [scwx::qt::map::radar_product_layer] UpdateSweep()
[2026-05-17 19:26:14.982] [39347] [debug] [scwx::qt::map::radar_product_layer] Vertices buffered in 0.000000s
[2026-05-17 19:26:14.983] [39347] [debug] [scwx::qt::map::radar_product_layer] Data moments buffered in 0.000000s
[2026-05-17 19:26:14.983] [39347] [debug] [scwx::qt::map::radar_product_layer] CFP moments buffered in 0.000000s
[2026-05-17 19:26:21.426] [39372] [debug] [scwx::provider::nws_api_provider] GetRadarStations
[2026-05-17 19:26:22.736] [39370] [debug] [scwx::network::ntp_client] Time offset updated: -0d 00:00:00.003006066
[2026-05-17 19:26:35.806] [43003] [debug] [scwx::provider::aws_level2_chunks_data_provider] Refresh() in 1.020000s
[2026-05-17 19:26:35.806] [39445] [debug] [scwx::qt::view::level2_product_view] Computing Sweep
[2026-05-17 19:26:35.806] [39445] [debug] [scwx::qt::view::level2_product_view] ComputeCoordinates()
[2026-05-17 19:26:35.806] [39446] [debug] [scwx::qt::view::level2_product_view] Computing Sweep
[2026-05-17 19:26:35.806] [39446] [debug] [scwx::qt::view::level2_product_view] ComputeCoordinates()
[2026-05-17 19:26:35.806] [39449] [debug] [scwx::qt::view::level2_product_view] Computing Sweep
[2026-05-17 19:26:35.806] [39449] [debug] [scwx::qt::view::level2_product_view] ComputeCoordinates()
[2026-05-17 19:26:35.809] [39450] [debug] [scwx::qt::view::level2_product_view] Computing Sweep
[2026-05-17 19:26:35.809] [39450] [debug] [scwx::qt::view::level2_product_view] ComputeCoordinates()
[2026-05-17 19:26:35.882] [39445] [debug] [scwx::qt::view::level2_product_view] Coordinates calculated in 0.070000s
[2026-05-17 19:26:35.894] [39449] [debug] [scwx::qt::view::level2_product_view] Coordinates calculated in 0.080000s
[2026-05-17 19:26:35.906] [39446] [debug] [scwx::qt::view::level2_product_view] Coordinates calculated in 0.100000s
[2026-05-17 19:26:35.908] [39449] [debug] [scwx::qt::view::level2_product_view] Vertices calculated in 0.020000s
[2026-05-17 19:26:35.909] [39445] [debug] [scwx::qt::view::level2_product_view] Vertices calculated in 0.030000s
[2026-05-17 19:26:35.911] [39450] [debug] [scwx::qt::view::level2_product_view] Coordinates calculated in 0.100000s
[2026-05-17 19:26:35.919] [39446] [debug] [scwx::qt::view::level2_product_view] Vertices calculated in 0.010000s
[2026-05-17 19:26:35.922] [39450] [debug] [scwx::qt::view::level2_product_view] Vertices calculated in 0.010000s
[2026-05-17 19:26:35.970] [39347] [debug] [scwx::qt::map::radar_product_layer] UpdateSweep()
[2026-05-17 19:26:35.974] [39347] [debug] [scwx::qt::map::radar_product_layer] Vertices buffered in 0.000000s
[2026-05-17 19:26:35.974] [39347] [debug] [scwx::qt::map::radar_product_layer] Data moments buffered in 0.010000s
[2026-05-17 19:26:35.976] [39347] [debug] [scwx::qt::map::radar_product_layer] UpdateSweep()
[2026-05-17 19:26:35.977] [39347] [debug] [scwx::qt::map::radar_product_layer] Vertices buffered in 0.000000s
[2026-05-17 19:26:35.977] [39347] [debug] [scwx::qt::map::radar_product_layer] Data moments buffered in 0.000000s
[2026-05-17 19:26:35.979] [39347] [debug] [scwx::qt::map::radar_product_layer] UpdateSweep()
[2026-05-17 19:26:35.979] [39347] [debug] [scwx::qt::map::radar_product_layer] Vertices buffered in 0.000000s
[2026-05-17 19:26:35.979] [39347] [debug] [scwx::qt::map::radar_product_layer] Data moments buffered in 0.000000s
[2026-05-17 19:26:35.981] [39347] [debug] [scwx::qt::map::radar_product_layer] UpdateSweep()
[2026-05-17 19:26:35.984] [39347] [debug] [scwx::qt::map::radar_product_layer] Vertices buffered in 0.000000s
[2026-05-17 19:26:35.985] [39347] [debug] [scwx::qt::map::radar_product_layer] Data moments buffered in 0.010000s
[2026-05-17 19:26:35.985] [39347] [debug] [scwx::qt::map::radar_product_layer] CFP moments buffered in 0.000000s
[2026-05-17 19:26:38.961] [43002] [debug] [scwx::provider::aws_level2_chunks_data_provider] Refresh() in 0.150000s
[2026-05-17 19:26:59.599] [43003] [debug] [scwx::provider::aws_level2_chunks_data_provider] Refresh() in 0.640000s
[2026-05-17 19:27:02.773] [43002] [debug] [scwx::provider::aws_level2_chunks_data_provider] Refresh() in 0.170000s
[2026-05-17 19:27:03.725] [39395] [debug] [scwx::provider::warnings_provider] Loading file: warnings_20260518_00.txt
[2026-05-17 19:27:19.215] [39394] [debug] [scwx::provider::warnings_provider] Loading file: warnings_20260518_00.txt
[2026-05-17 19:27:21.534] [39372] [debug] [scwx::provider::nws_api_provider] GetRadarStations
[2026-05-17 19:27:23.394] [43003] [debug] [scwx::provider::aws_level2_chunks_data_provider] Refresh() in 0.630000s
[2026-05-17 19:27:26.002] [43001] [debug] [scwx::provider::aws_nexrad_data_provider] Refresh()
[2026-05-17 19:27:26.002] [43001] [debug] [scwx::provider::aws_nexrad_data_provider] ListObjects: 2026/05/18/KUEX/
[2026-05-17 19:27:26.215] [43001] [debug] [scwx::provider::aws_nexrad_data_provider] Found 3 objects
[2026-05-17 19:27:26.215] [43001] [debug] [scwx::provider::aws_nexrad_data_provider] FindLatestKey()
[2026-05-17 19:27:26.768] [39371] [debug] [scwx::network::ntp_client] Time offset updated: -0d 00:00:00.002806058
[2026-05-17 19:27:28.221] [43002] [debug] [scwx::provider::aws_level2_chunks_data_provider] Refresh() in 0.220000s
[2026-05-17 19:27:37.002] [43005] [debug] [scwx::provider::aws_nexrad_data_provider] Refresh()
[2026-05-17 19:27:37.002] [43005] [debug] [scwx::provider::aws_nexrad_data_provider] ListObjects: UEX_NST_2026_05_18_
[2026-05-17 19:27:37.226] [43005] [debug] [scwx::provider::aws_nexrad_data_provider] Found 4 objects
[2026-05-17 19:27:37.226] [43005] [debug] [scwx::provider::aws_nexrad_data_provider] FindLatestKey()
[2026-05-17 19:27:37.226] [39347] [debug] [scwx::qt::view::overlay_product_view] Load Product: NST, 2026-05-18 00:21:44 UTC, true
[2026-05-17 19:27:37.226] [39347] [debug] [scwx::qt::view::overlay_product_view] Load Product: NST, 2026-05-18 00:21:44 UTC, true
[2026-05-17 19:27:37.226] [39347] [debug] [scwx::qt::view::overlay_product_view] Load Product: NST, 2026-05-18 00:21:44 UTC, true
[2026-05-17 19:27:37.226] [39347] [debug] [scwx::qt::view::overlay_product_view] Load Product: NST, 2026-05-18 00:21:44 UTC, true
[2026-05-17 19:27:37.226] [39409] [debug] [scwx::qt::manager::radar_product_manager] LoadLevel3Data: 2026-05-18 00:21:44 UTC
[2026-05-17 19:27:37.226] [39433] [debug] [scwx::qt::manager::radar_product_manager] LoadLevel3Data: 2026-05-18 00:21:44 UTC
[2026-05-17 19:27:37.226] [39437] [debug] [scwx::qt::manager::radar_product_manager] LoadLevel3Data: 2026-05-18 00:21:44 UTC
[2026-05-17 19:27:37.226] [39441] [debug] [scwx::qt::manager::radar_product_manager] LoadLevel3Data: 2026-05-18 00:21:44 UTC
[2026-05-17 19:27:37.226] [42999] [debug] [scwx::provider::aws_nexrad_data_provider] FindKey: 2026-05-18 00:21:44 UTC
[2026-05-17 19:27:37.306] [42999] [debug] [scwx::wsr88d::level3_file] Loading Data
[2026-05-17 19:27:37.306] [42999] [debug] [scwx::wsr88d::level3_file] Data Type: SD
[2026-05-17 19:27:37.306] [42999] [debug] [scwx::wsr88d::level3_file] ICAO:      KGID
[2026-05-17 19:27:37.306] [42999] [debug] [scwx::wsr88d::level3_file] Date/Time: 180021
[2026-05-17 19:27:37.306] [42999] [debug] [scwx::wsr88d::level3_file] Category:  NST
[2026-05-17 19:27:37.306] [42999] [debug] [scwx::wsr88d::level3_file] Site ID:   UEX
[2026-05-17 19:27:37.306] [42999] [debug] [scwx::wsr88d::rpg::level3_message_factory] Found Message 58
[2026-05-17 19:27:37.306] [42999] [debug] [scwx::wsr88d::rpg::graphic_product_message] Loading Blocks
[2026-05-17 19:27:37.306] [42999] [debug] [scwx::wsr88d::rpg::graphic_product_message] Product symbology block valid: true
[2026-05-17 19:27:37.306] [42999] [debug] [scwx::wsr88d::rpg::graphic_product_message] Graphic alphanumeric block valid: true
[2026-05-17 19:27:37.306] [42999] [debug] [scwx::wsr88d::rpg::graphic_product_message] Tabular alphanumeric block valid: true
[2026-05-17 19:27:37.306] [42998] [debug] [scwx::qt::manager::radar_product_manager] Level 3 product previously loaded, loading from cache
[2026-05-17 19:27:37.306] [42996] [debug] [scwx::qt::manager::radar_product_manager] Level 3 product previously loaded, loading from cache
[2026-05-17 19:27:37.306] [42997] [debug] [scwx::qt::manager::radar_product_manager] Level 3 product previously loaded, loading from cache
[2026-05-17 19:27:41.215] [43000] [debug] [scwx::provider::aws_nexrad_data_provider] Refresh()
[2026-05-17 19:27:41.215] [43000] [debug] [scwx::provider::aws_nexrad_data_provider] ListObjects: 2026/05/18/KUEX/
[2026-05-17 19:27:41.401] [43000] [debug] [scwx::provider::aws_nexrad_data_provider] Found 4 objects
[2026-05-17 19:27:41.401] [43000] [debug] [scwx::provider::aws_nexrad_data_provider] FindLatestKey()
[2026-05-17 19:27:41.401] [42998] [debug] [scwx::provider::aws_nexrad_data_provider] FindKey: 2026-05-18 00:21:44 UTC
[2026-05-17 19:27:41.961] [42998] [debug] [scwx::wsr88d::ar2v_file] Loading Data
[2026-05-17 19:27:41.961] [42998] [debug] [scwx::wsr88d::ar2v_file] Filename:  AR2V0006.
[2026-05-17 19:27:41.961] [42998] [debug] [scwx::wsr88d::ar2v_file] Extension: 211
[2026-05-17 19:27:41.961] [42998] [debug] [scwx::wsr88d::ar2v_file] Date:      20592 (2026-05-18)
[2026-05-17 19:27:41.961] [42998] [debug] [scwx::wsr88d::ar2v_file] Time:      1304680 (00:21:44.680000000)
[2026-05-17 19:27:41.961] [42998] [debug] [scwx::wsr88d::ar2v_file] ICAO:      KUEX
[2026-05-17 19:27:42.866] [42997] [debug] [scwx::qt::manager::radar_product_manager] Level 2 product previously loaded, loading from cache
[2026-05-17 19:27:42.866] [42999] [debug] [scwx::qt::manager::radar_product_manager] Level 2 product previously loaded, loading from cache
[2026-05-17 19:27:42.867] [42996] [debug] [scwx::qt::manager::radar_product_manager] Level 2 product previously loaded, loading from cache
[2026-05-17 19:27:48.664] [59790] [debug] [scwx::wsr88d::ar2v_file] Loading Data
[2026-05-17 19:27:48.664] [59790] [debug] [scwx::wsr88d::ar2v_file] Filename:  AR2V0006.
[2026-05-17 19:27:48.664] [59790] [debug] [scwx::wsr88d::ar2v_file] Extension: 212
[2026-05-17 19:27:48.664] [59790] [debug] [scwx::wsr88d::ar2v_file] Date:      20592 (2026-05-18)
[2026-05-17 19:27:48.664] [59790] [debug] [scwx::wsr88d::ar2v_file] Time:      1655618 (00:27:35.618000000)
[2026-05-17 19:27:48.664] [59790] [debug] [scwx::wsr88d::ar2v_file] ICAO:      KUEX
[2026-05-17 19:27:49.145] [43003] [debug] [scwx::provider::aws_level2_chunks_data_provider] Refresh() in 0.930000s
[2026-05-17 19:27:49.147] [39445] [debug] [scwx::qt::view::level2_product_view] Computing Sweep
[2026-05-17 19:27:49.147] [39445] [debug] [scwx::qt::view::level2_product_view] ComputeCoordinates()
[2026-05-17 19:27:49.147] [39449] [debug] [scwx::qt::view::level2_product_view] Computing Sweep
[2026-05-17 19:27:49.147] [39449] [debug] [scwx::qt::view::level2_product_view] ComputeCoordinates()
[2026-05-17 19:27:49.151] [39450] [debug] [scwx::qt::view::level2_product_view] Computing Sweep
[2026-05-17 19:27:49.151] [39450] [debug] [scwx::qt::view::level2_product_view] ComputeCoordinates()
[2026-05-17 19:27:49.192] [39445] [debug] [scwx::qt::view::level2_product_view] Coordinates calculated in 0.040000s
[2026-05-17 19:27:49.205] [39445] [debug] [scwx::qt::view::level2_product_view] Vertices calculated in 0.020000s
[2026-05-17 19:27:49.217] [39449] [debug] [scwx::qt::view::level2_product_view] Coordinates calculated in 0.070000s
[2026-05-17 19:27:49.223] [39450] [debug] [scwx::qt::view::level2_product_view] Coordinates calculated in 0.070000s
[2026-05-17 19:27:49.229] [39449] [debug] [scwx::qt::view::level2_product_view] Vertices calculated in 0.010000s
[2026-05-17 19:27:49.234] [39450] [debug] [scwx::qt::view::level2_product_view] Vertices calculated in 0.010000s
[2026-05-17 19:27:49.942] [39347] [debug] [scwx::qt::map::radar_product_layer] UpdateSweep()
[2026-05-17 19:27:49.945] [39347] [debug] [scwx::qt::map::radar_product_layer] Vertices buffered in 0.010000s
[2026-05-17 19:27:49.946] [39347] [debug] [scwx::qt::map::radar_product_layer] Data moments buffered in 0.000000s
[2026-05-17 19:27:49.948] [39347] [debug] [scwx::qt::map::radar_product_layer] UpdateSweep()
[2026-05-17 19:27:49.948] [39347] [debug] [scwx::qt::map::radar_product_layer] Vertices buffered in 0.000000s
[2026-05-17 19:27:49.949] [39347] [debug] [scwx::qt::map::radar_product_layer] Data moments buffered in 0.000000s
[2026-05-17 19:27:49.950] [39347] [debug] [scwx::qt::map::radar_product_layer] UpdateSweep()
[2026-05-17 19:27:49.954] [39347] [debug] [scwx::qt::map::radar_product_layer] Vertices buffered in 0.000000s
[2026-05-17 19:27:49.954] [39347] [debug] [scwx::qt::map::radar_product_layer] Data moments buffered in 0.000000s
[2026-05-17 19:27:49.955] [39347] [debug] [scwx::qt::map::radar_product_layer] CFP moments buffered in 0.010000s
[2026-05-17 19:27:50.012] [39394] [debug] [scwx::provider::warnings_provider] Loading file: warnings_20260518_00.txt
[2026-05-17 19:28:05.524] [39395] [debug] [scwx::provider::warnings_provider] Loading file: warnings_20260518_00.txt
[2026-05-17 19:28:09.966] [43002] [debug] [scwx::provider::aws_level2_chunks_data_provider] Refresh() in 0.820000s
[2026-05-17 19:28:09.967] [39445] [debug] [scwx::qt::view::level2_product_view] Computing Sweep
[2026-05-17 19:28:09.967] [39445] [debug] [scwx::qt::view::level2_product_view] ComputeCoordinates()
[2026-05-17 19:28:09.967] [39446] [debug] [scwx::qt::view::level2_product_view] Computing Sweep
[2026-05-17 19:28:09.967] [39446] [debug] [scwx::qt::view::level2_product_view] ComputeCoordinates()
[2026-05-17 19:28:09.973] [39449] [debug] [scwx::qt::view::level2_product_view] Computing Sweep
[2026-05-17 19:28:09.973] [39449] [debug] [scwx::qt::view::level2_product_view] ComputeCoordinates()
[2026-05-17 19:28:09.976] [39450] [debug] [scwx::qt::view::level2_product_view] Computing Sweep
[2026-05-17 19:28:09.976] [39450] [debug] [scwx::qt::view::level2_product_view] ComputeCoordinates()
[2026-05-17 19:28:10.015] [39445] [debug] [scwx::qt::view::level2_product_view] Coordinates calculated in 0.050000s
[2026-05-17 19:28:10.060] [39446] [debug] [scwx::qt::view::level2_product_view] Coordinates calculated in 0.090000s
[2026-05-17 19:28:10.066] [39449] [debug] [scwx::qt::view::level2_product_view] Coordinates calculated in 0.100000s
[2026-05-17 19:28:10.068] [39445] [debug] [scwx::qt::view::level2_product_view] Vertices calculated in 0.050000s
[2026-05-17 19:28:10.068] [39450] [debug] [scwx::qt::view::level2_product_view] Coordinates calculated in 0.090000s
[2026-05-17 19:28:10.076] [39347] [debug] [scwx::qt::map::radar_product_layer] UpdateSweep()
[2026-05-17 19:28:10.078] [39446] [debug] [scwx::qt::view::level2_product_view] Vertices calculated in 0.020000s
[2026-05-17 19:28:10.082] [39347] [debug] [scwx::qt::map::radar_product_layer] Vertices buffered in 0.000000s
[2026-05-17 19:28:10.082] [39449] [debug] [scwx::qt::view::level2_product_view] Vertices calculated in 0.010000s
[2026-05-17 19:28:10.082] [39347] [debug] [scwx::qt::map::radar_product_layer] Data moments buffered in 0.000000s
[2026-05-17 19:28:10.083] [39347] [debug] [scwx::qt::map::radar_product_layer] CFP moments buffered in 0.000000s
[2026-05-17 19:28:10.085] [39450] [debug] [scwx::qt::view::level2_product_view] Vertices calculated in 0.020000s
[2026-05-17 19:28:10.937] [39347] [debug] [scwx::qt::map::radar_product_layer] UpdateSweep()
[2026-05-17 19:28:10.937] [39347] [debug] [scwx::qt::map::radar_product_layer] Vertices buffered in 0.000000s
[2026-05-17 19:28:10.938] [39347] [debug] [scwx::qt::map::radar_product_layer] Data moments buffered in 0.000000s
[2026-05-17 19:28:10.940] [39347] [debug] [scwx::qt::map::radar_product_layer] UpdateSweep()
[2026-05-17 19:28:10.941] [39347] [debug] [scwx::qt::map::radar_product_layer] Vertices buffered in 0.000000s
[2026-05-17 19:28:10.941] [39347] [debug] [scwx::qt::map::radar_product_layer] Data moments buffered in 0.000000s
[2026-05-17 19:28:10.943] [39347] [debug] [scwx::qt::map::radar_product_layer] UpdateSweep()
[2026-05-17 19:28:10.943] [39347] [debug] [scwx::qt::map::radar_product_layer] Vertices buffered in 0.000000s
[2026-05-17 19:28:10.943] [39347] [debug] [scwx::qt::map::radar_product_layer] Data moments buffered in 0.000000s
[2026-05-17 19:28:21.021] [39394] [debug] [scwx::provider::warnings_provider] Loading file: warnings_20260518_00.txt
[2026-05-17 19:28:21.648] [39372] [debug] [scwx::provider::nws_api_provider] GetRadarStations
[2026-05-17 19:28:30.802] [39370] [debug] [scwx::network::ntp_client] Time offset updated: -0d 00:00:00.002234903
[2026-05-17 19:28:30.906] [43003] [debug] [scwx::provider::aws_level2_chunks_data_provider] Refresh() in 0.940000s
[2026-05-17 19:28:30.907] [39446] [debug] [scwx::qt::view::level2_product_view] Computing Sweep
[2026-05-17 19:28:30.907] [39446] [debug] [scwx::qt::view::level2_product_view] ComputeCoordinates()
[2026-05-17 19:28:30.933] [39446] [debug] [scwx::qt::view::level2_product_view] Coordinates calculated in 0.020000s
[2026-05-17 19:28:30.940] [39446] [debug] [scwx::qt::view::level2_product_view] Vertices calculated in 0.010000s
[2026-05-17 19:28:30.941] [39347] [debug] [scwx::qt::map::radar_product_layer] UpdateSweep()
[2026-05-17 19:28:30.943] [39347] [debug] [scwx::qt::map::radar_product_layer] Vertices buffered in 0.000000s
[2026-05-17 19:28:30.944] [39347] [debug] [scwx::qt::map::radar_product_layer] Data moments buffered in 0.000000s
[2026-05-17 19:28:36.529] [39395] [debug] [scwx::provider::warnings_provider] Loading file: warnings_20260518_00.txt
[2026-05-17 19:28:51.689] [43002] [debug] [scwx::provider::aws_level2_chunks_data_provider] Refresh() in 0.780000s
[2026-05-17 19:28:52.047] [39394] [debug] [scwx::provider::warnings_provider] Loading file: warnings_20260518_00.txt
[2026-05-17 19:29:07.540] [39395] [debug] [scwx::provider::warnings_provider] Loading file: warnings_20260518_00.txt
[2026-05-17 19:29:12.696] [43003] [debug] [scwx::provider::aws_level2_chunks_data_provider] Refresh() in 1.010000s
[2026-05-17 19:29:15.845] [43002] [debug] [scwx::provider::aws_level2_chunks_data_provider] Refresh() in 0.150000s
[2026-05-17 19:29:21.747] [39372] [debug] [scwx::provider::nws_api_provider] GetRadarStations
[2026-05-17 19:29:34.836] [39371] [debug] [scwx::network::ntp_client] Time offset updated: -0d 00:00:00.001913223
[2026-05-17 19:29:36.563] [43002] [debug] [scwx::provider::aws_level2_chunks_data_provider] Refresh() in 0.710000s
[2026-05-17 19:29:38.352] [39395] [debug] [scwx::provider::warnings_provider] Loading file: warnings_20260518_00.txt
[2026-05-17 19:29:39.711] [43003] [debug] [scwx::provider::aws_level2_chunks_data_provider] Refresh() in 0.150000s
[2026-05-17 19:29:45.249] [43002] [debug] [scwx::provider::aws_level2_chunks_data_provider] Refresh() in 0.250000s
[2026-05-17 19:29:53.841] [39394] [debug] [scwx::provider::warnings_provider] Loading file: warnings_20260518_00.txt
[2026-05-17 19:30:05.959] [43002] [debug] [scwx::provider::aws_level2_chunks_data_provider] Refresh() in 0.710000s
[2026-05-17 19:30:09.027] [43003] [debug] [scwx::provider::aws_level2_chunks_data_provider] Refresh() in 0.070000s
[2026-05-17 19:30:12.182] [43002] [debug] [scwx::provider::aws_level2_chunks_data_provider] Refresh() in 0.150000s
[2026-05-17 19:30:21.859] [39372] [debug] [scwx::provider::nws_api_provider] GetRadarStations
[2026-05-17 19:30:24.660] [39394] [debug] [scwx::provider::warnings_provider] Loading file: warnings_20260518_00.txt
[2026-05-17 19:30:33.268] [43003] [debug] [scwx::provider::aws_level2_chunks_data_provider] Refresh() in 1.090000s
[2026-05-17 19:30:33.269] [39450] [debug] [scwx::qt::view::level2_product_view] Computing Sweep
[2026-05-17 19:30:33.269] [39450] [debug] [scwx::qt::view::level2_product_view] ComputeCoordinates()
[2026-05-17 19:30:33.274] [39449] [debug] [scwx::qt::view::level2_product_view] Computing Sweep
[2026-05-17 19:30:33.274] [39449] [debug] [scwx::qt::view::level2_product_view] ComputeCoordinates()
[2026-05-17 19:30:33.276] [39445] [debug] [scwx::qt::view::level2_product_view] Computing Sweep
[2026-05-17 19:30:33.276] [39445] [debug] [scwx::qt::view::level2_product_view] ComputeCoordinates()
[2026-05-17 19:30:33.323] [39450] [debug] [scwx::qt::view::level2_product_view] Coordinates calculated in 0.050000s
[2026-05-17 19:30:33.342] [39445] [debug] [scwx::qt::view::level2_product_view] Coordinates calculated in 0.060000s
[2026-05-17 19:30:33.347] [39449] [debug] [scwx::qt::view::level2_product_view] Coordinates calculated in 0.080000s
[2026-05-17 19:30:33.349] [39450] [debug] [scwx::qt::view::level2_product_view] Vertices calculated in 0.030000s
[2026-05-17 19:30:33.360] [39445] [debug] [scwx::qt::view::level2_product_view] Vertices calculated in 0.020000s
[2026-05-17 19:30:33.360] [39449] [debug] [scwx::qt::view::level2_product_view] Vertices calculated in 0.010000s
[2026-05-17 19:30:33.854] [39347] [debug] [scwx::qt::map::radar_product_layer] UpdateSweep()
[2026-05-17 19:30:33.857] [39347] [debug] [scwx::qt::map::radar_product_layer] Vertices buffered in 0.010000s
[2026-05-17 19:30:33.858] [39347] [debug] [scwx::qt::map::radar_product_layer] Data moments buffered in 0.000000s
[2026-05-17 19:30:33.860] [39347] [debug] [scwx::qt::map::radar_product_layer] UpdateSweep()
[2026-05-17 19:30:33.860] [39347] [debug] [scwx::qt::map::radar_product_layer] Vertices buffered in 0.000000s
[2026-05-17 19:30:33.861] [39347] [debug] [scwx::qt::map::radar_product_layer] Data moments buffered in 0.000000s
[2026-05-17 19:30:33.862] [39347] [debug] [scwx::qt::map::radar_product_layer] UpdateSweep()
[2026-05-17 19:30:33.866] [39347] [debug] [scwx::qt::map::radar_product_layer] Vertices buffered in 0.010000s
[2026-05-17 19:30:33.866] [39347] [debug] [scwx::qt::map::radar_product_layer] Data moments buffered in 0.000000s
[2026-05-17 19:30:33.867] [39347] [debug] [scwx::qt::map::radar_product_layer] CFP moments buffered in 0.000000s
[2026-05-17 19:30:36.416] [43002] [debug] [scwx::provider::aws_level2_chunks_data_provider] Refresh() in 0.150000s
[2026-05-17 19:30:36.417] [39446] [debug] [scwx::qt::view::level2_product_view] Computing Sweep
[2026-05-17 19:30:36.417] [39446] [debug] [scwx::qt::view::level2_product_view] ComputeCoordinates()
[2026-05-17 19:30:36.442] [39446] [debug] [scwx::qt::view::level2_product_view] Coordinates calculated in 0.020000s
[2026-05-17 19:30:36.449] [39446] [debug] [scwx::qt::view::level2_product_view] Vertices calculated in 0.010000s
[2026-05-17 19:30:36.852] [39347] [debug] [scwx::qt::map::radar_product_layer] UpdateSweep()
[2026-05-17 19:30:36.854] [39347] [debug] [scwx::qt::map::radar_product_layer] Vertices buffered in 0.010000s
[2026-05-17 19:30:36.855] [39347] [debug] [scwx::qt::map::radar_product_layer] Data moments buffered in 0.000000s
[2026-05-17 19:30:38.869] [39370] [debug] [scwx::network::ntp_client] Time offset updated: -0d 00:00:00.000984632
[2026-05-17 19:30:40.143] [43002] [debug] [scwx::provider::aws_level2_chunks_data_provider] Refresh() in 0.140000s
[2026-05-17 19:30:40.144] [39446] [debug] [scwx::qt::view::level2_product_view] Computing Sweep
[2026-05-17 19:30:40.144] [39446] [debug] [scwx::qt::view::level2_product_view] ComputeCoordinates()
[2026-05-17 19:30:40.169] [39395] [debug] [scwx::provider::warnings_provider] Loading file: warnings_20260518_00.txt
[2026-05-17 19:30:40.172] [39446] [debug] [scwx::qt::view::level2_product_view] Coordinates calculated in 0.030000s
[2026-05-17 19:30:40.179] [39446] [debug] [scwx::qt::view::level2_product_view] Vertices calculated in 0.010000s
[2026-05-17 19:30:40.852] [39347] [debug] [scwx::qt::map::radar_product_layer] UpdateSweep()
[2026-05-17 19:30:40.855] [39347] [debug] [scwx::qt::map::radar_product_layer] Vertices buffered in 0.010000s
[2026-05-17 19:30:40.855] [39347] [debug] [scwx::qt::map::radar_product_layer] Data moments buffered in 0.000000s
[2026-05-17 19:30:43.288] [43002] [debug] [scwx::provider::aws_level2_chunks_data_provider] Refresh() in 0.150000s
[2026-05-17 19:30:43.289] [39446] [debug] [scwx::qt::view::level2_product_view] Computing Sweep
[2026-05-17 19:30:43.289] [39446] [debug] [scwx::qt::view::level2_product_view] ComputeCoordinates()
[2026-05-17 19:30:43.314] [39446] [debug] [scwx::qt::view::level2_product_view] Coordinates calculated in 0.020000s
[2026-05-17 19:30:43.321] [39446] [debug] [scwx::qt::view::level2_product_view] Vertices calculated in 0.010000s
[2026-05-17 19:30:43.852] [39347] [debug] [scwx::qt::map::radar_product_layer] UpdateSweep()
[2026-05-17 19:30:43.854] [39347] [debug] [scwx::qt::map::radar_product_layer] Vertices buffered in 0.000000s
[2026-05-17 19:30:43.855] [39347] [debug] [scwx::qt::map::radar_product_layer] Data moments buffered in 0.010000s
[2026-05-17 19:30:47.146] [43003] [debug] [scwx::provider::aws_level2_chunks_data_provider] Refresh() in 0.150000s
[2026-05-17 19:30:47.147] [39446] [debug] [scwx::qt::view::level2_product_view] Computing Sweep
[2026-05-17 19:30:47.147] [39446] [debug] [scwx::qt::view::level2_product_view] ComputeCoordinates()
[2026-05-17 19:30:47.173] [39446] [debug] [scwx::qt::view::level2_product_view] Coordinates calculated in 0.020000s
[2026-05-17 19:30:47.179] [39446] [debug] [scwx::qt::view::level2_product_view] Vertices calculated in 0.010000s
[2026-05-17 19:30:47.852] [39347] [debug] [scwx::qt::map::radar_product_layer] UpdateSweep()
[2026-05-17 19:30:47.855] [39347] [debug] [scwx::qt::map::radar_product_layer] Vertices buffered in 0.010000s
[2026-05-17 19:30:47.855] [39347] [debug] [scwx::qt::map::radar_product_layer] Data moments buffered in 0.000000s
[2026-05-17 19:30:50.290] [43002] [debug] [scwx::provider::aws_level2_chunks_data_provider] Refresh() in 0.140000s
[2026-05-17 19:30:50.291] [39446] [debug] [scwx::qt::view::level2_product_view] Computing Sweep
[2026-05-17 19:30:50.291] [39446] [debug] [scwx::qt::view::level2_product_view] ComputeCoordinates()
[2026-05-17 19:30:50.318] [39446] [debug] [scwx::qt::view::level2_product_view] Coordinates calculated in 0.030000s
[2026-05-17 19:30:50.325] [39446] [debug] [scwx::qt::view::level2_product_view] Vertices calculated in 0.010000s
[2026-05-17 19:30:50.852] [39347] [debug] [scwx::qt::map::radar_product_layer] UpdateSweep()
[2026-05-17 19:30:50.854] [39347] [debug] [scwx::qt::map::radar_product_layer] Vertices buffered in 0.000000s
[2026-05-17 19:30:50.855] [39347] [debug] [scwx::qt::map::radar_product_layer] Data moments buffered in 0.010000s
[2026-05-17 19:30:54.137] [43003] [debug] [scwx::provider::aws_level2_chunks_data_provider] Refresh() in 0.140000s
[2026-05-17 19:30:54.137] [39446] [debug] [scwx::qt::view::level2_product_view] Computing Sweep
[2026-05-17 19:30:54.137] [39446] [debug] [scwx::qt::view::level2_product_view] ComputeCoordinates()
[2026-05-17 19:30:54.164] [39446] [debug] [scwx::qt::view::level2_product_view] Coordinates calculated in 0.020000s
[2026-05-17 19:30:54.171] [39446] [debug] [scwx::qt::view::level2_product_view] Vertices calculated in 0.010000s
[2026-05-17 19:30:54.852] [39347] [debug] [scwx::qt::map::radar_product_layer] UpdateSweep()
[2026-05-17 19:30:54.854] [39347] [debug] [scwx::qt::map::radar_product_layer] Vertices buffered in 0.000000s
[2026-05-17 19:30:54.855] [39347] [debug] [scwx::qt::map::radar_product_layer] Data moments buffered in 0.010000s
[2026-05-17 19:30:57.279] [43003] [debug] [scwx::provider::aws_level2_chunks_data_provider] Refresh() in 0.140000s
[2026-05-17 19:31:18.111] [43003] [debug] [scwx::provider::aws_level2_chunks_data_provider] Refresh() in 0.830000s
[2026-05-17 19:31:21.971] [39372] [debug] [scwx::provider::nws_api_provider] GetRadarStations
[2026-05-17 19:31:26.316] [39394] [debug] [scwx::provider::warnings_provider] Loading file: warnings_20260518_00.txt
[2026-05-17 19:31:38.805] [43002] [debug] [scwx::provider::aws_level2_chunks_data_provider] Refresh() in 0.700000s
[2026-05-17 19:31:41.822] [39395] [debug] [scwx::provider::warnings_provider] Loading file: warnings_20260518_00.txt
[2026-05-17 19:31:41.954] [43003] [debug] [scwx::provider::aws_level2_chunks_data_provider] Refresh() in 0.140000s
[2026-05-17 19:31:42.902] [39371] [debug] [scwx::network::ntp_client] Time offset updated: -0d 00:00:00.002314673
[2026-05-17 19:32:02.658] [43002] [debug] [scwx::provider::aws_level2_chunks_data_provider] Refresh() in 0.710000s
[2026-05-17 19:32:12.613] [39395] [debug] [scwx::provider::warnings_provider] Loading file: warnings_20260518_00.txt
[2026-05-17 19:32:22.095] [39372] [debug] [scwx::provider::nws_api_provider] GetRadarStations
[2026-05-17 19:32:23.302] [43003] [debug] [scwx::provider::aws_level2_chunks_data_provider] Refresh() in 0.640000s
[2026-05-17 19:32:28.123] [39394] [debug] [scwx::provider::warnings_provider] Loading file: warnings_20260518_00.txt
[2026-05-17 19:32:29.223] [43002] [debug] [scwx::provider::aws_level2_chunks_data_provider] Refresh() in 0.220000s
[2026-05-17 19:32:43.632] [39395] [debug] [scwx::provider::warnings_provider] Loading file: warnings_20260518_00.txt
[2026-05-17 19:32:46.936] [39370] [debug] [scwx::network::ntp_client] Time offset updated: -0d 00:00:00.001656509
[2026-05-17 19:32:49.775] [43002] [debug] [scwx::provider::aws_level2_chunks_data_provider] Refresh() in 0.560000s
[2026-05-17 19:32:53.110] [63329] [debug] [scwx::wsr88d::ar2v_file] Loading Data
[2026-05-17 19:32:53.110] [63329] [debug] [scwx::wsr88d::ar2v_file] Filename:  AR2V0006.
[2026-05-17 19:32:53.110] [63329] [debug] [scwx::wsr88d::ar2v_file] Extension: 213
[2026-05-17 19:32:53.110] [63329] [debug] [scwx::wsr88d::ar2v_file] Date:      20592 (2026-05-18)
[2026-05-17 19:32:53.110] [63329] [debug] [scwx::wsr88d::ar2v_file] Time:      1969316 (00:32:49.316000000)
[2026-05-17 19:32:53.110] [63329] [debug] [scwx::wsr88d::ar2v_file] ICAO:      KUEX
[2026-05-17 19:32:53.111] [43003] [debug] [scwx::provider::aws_level2_chunks_data_provider] Refresh() in 0.330000s
[2026-05-17 19:32:59.130] [39394] [debug] [scwx::provider::warnings_provider] Loading file: warnings_20260518_00.txt
[2026-05-17 19:33:14.138] [43003] [debug] [scwx::provider::aws_level2_chunks_data_provider] Refresh() in 1.030000s
[2026-05-17 19:33:14.139] [39450] [debug] [scwx::qt::view::level2_product_view] Computing Sweep
[2026-05-17 19:33:14.139] [39450] [debug] [scwx::qt::view::level2_product_view] ComputeCoordinates()
[2026-05-17 19:33:14.139] [39449] [debug] [scwx::qt::view::level2_product_view] Computing Sweep
[2026-05-17 19:33:14.139] [39449] [debug] [scwx::qt::view::level2_product_view] ComputeCoordinates()
[2026-05-17 19:33:14.141] [39446] [debug] [scwx::qt::view::level2_product_view] Computing Sweep
[2026-05-17 19:33:14.141] [39446] [debug] [scwx::qt::view::level2_product_view] ComputeCoordinates()
[2026-05-17 19:33:14.144] [39445] [debug] [scwx::qt::view::level2_product_view] Computing Sweep
[2026-05-17 19:33:14.144] [39445] [debug] [scwx::qt::view::level2_product_view] ComputeCoordinates()
[2026-05-17 19:33:14.235] [39450] [debug] [scwx::qt::view::level2_product_view] Coordinates calculated in 0.100000s
[2026-05-17 19:33:14.240] [39449] [debug] [scwx::qt::view::level2_product_view] Coordinates calculated in 0.100000s
[2026-05-17 19:33:14.242] [39446] [debug] [scwx::qt::view::level2_product_view] Coordinates calculated in 0.100000s
[2026-05-17 19:33:14.244] [39445] [debug] [scwx::qt::view::level2_product_view] Coordinates calculated in 0.090000s
[2026-05-17 19:33:14.258] [39450] [debug] [scwx::qt::view::level2_product_view] Vertices calculated in 0.020000s
[2026-05-17 19:33:14.260] [39449] [debug] [scwx::qt::view::level2_product_view] Vertices calculated in 0.020000s
[2026-05-17 19:33:14.261] [39446] [debug] [scwx::qt::view::level2_product_view] Vertices calculated in 0.020000s
[2026-05-17 19:33:14.266] [39445] [debug] [scwx::qt::view::level2_product_view] Vertices calculated in 0.030000s
[2026-05-17 19:33:14.638] [39395] [debug] [scwx::provider::warnings_provider] Loading file: warnings_20260518_00.txt
[2026-05-17 19:33:14.846] [39347] [debug] [scwx::qt::map::radar_product_layer] UpdateSweep()
[2026-05-17 19:33:14.849] [39347] [debug] [scwx::qt::map::radar_product_layer] Vertices buffered in 0.000000s
[2026-05-17 19:33:14.850] [39347] [debug] [scwx::qt::map::radar_product_layer] Data moments buffered in 0.000000s
[2026-05-17 19:33:14.852] [39347] [debug] [scwx::qt::map::radar_product_layer] UpdateSweep()
[2026-05-17 19:33:14.853] [39347] [debug] [scwx::qt::map::radar_product_layer] Vertices buffered in 0.000000s
[2026-05-17 19:33:14.853] [39347] [debug] [scwx::qt::map::radar_product_layer] Data moments buffered in 0.000000s
[2026-05-17 19:33:14.855] [39347] [debug] [scwx::qt::map::radar_product_layer] UpdateSweep()
[2026-05-17 19:33:14.855] [39347] [debug] [scwx::qt::map::radar_product_layer] Vertices buffered in 0.000000s
[2026-05-17 19:33:14.855] [39347] [debug] [scwx::qt::map::radar_product_layer] Data moments buffered in 0.000000s
[2026-05-17 19:33:14.857] [39347] [debug] [scwx::qt::map::radar_product_layer] UpdateSweep()
[2026-05-17 19:33:14.860] [39347] [debug] [scwx::qt::map::radar_product_layer] Vertices buffered in 0.000000s
[2026-05-17 19:33:14.861] [39347] [debug] [scwx::qt::map::radar_product_layer] Data moments buffered in 0.000000s
[2026-05-17 19:33:14.861] [39347] [debug] [scwx::qt::map::radar_product_layer] CFP moments buffered in 0.000000s
[2026-05-17 19:33:19.154] [43002] [debug] [scwx::provider::aws_level2_chunks_data_provider] Refresh() in 0.150000s
[2026-05-17 19:33:19.155] [39446] [debug] [scwx::qt::view::level2_product_view] Computing Sweep
[2026-05-17 19:33:19.155] [39446] [debug] [scwx::qt::view::level2_product_view] ComputeCoordinates()
[2026-05-17 19:33:19.180] [39446] [debug] [scwx::qt::view::level2_product_view] Coordinates calculated in 0.020000s
[2026-05-17 19:33:19.187] [39446] [debug] [scwx::qt::view::level2_product_view] Vertices calculated in 0.010000s
[2026-05-17 19:33:19.846] [39347] [debug] [scwx::qt::map::radar_product_layer] UpdateSweep()
[2026-05-17 19:33:19.848] [39347] [debug] [scwx::qt::map::radar_product_layer] Vertices buffered in 0.000000s
[2026-05-17 19:33:19.849] [39347] [debug] [scwx::qt::map::radar_product_layer] Data moments buffered in 0.000000s
[2026-05-17 19:33:20.002] [43001] [debug] [scwx::provider::aws_nexrad_data_provider] Refresh()
[2026-05-17 19:33:20.002] [43001] [debug] [scwx::provider::aws_nexrad_data_provider] ListObjects: 2026/05/18/KUEX/
[2026-05-17 19:33:20.257] [43001] [debug] [scwx::provider::aws_nexrad_data_provider] Found 5 objects
[2026-05-17 19:33:20.257] [43001] [debug] [scwx::provider::aws_nexrad_data_provider] FindLatestKey()
[2026-05-17 19:33:20.257] [42998] [debug] [scwx::provider::aws_nexrad_data_provider] FindKey: 2026-05-18 00:27:35 UTC
[2026-05-17 19:33:20.755] [42998] [debug] [scwx::wsr88d::ar2v_file] Loading Data
[2026-05-17 19:33:20.755] [42998] [debug] [scwx::wsr88d::ar2v_file] Filename:  AR2V0006.
[2026-05-17 19:33:20.755] [42998] [debug] [scwx::wsr88d::ar2v_file] Extension: 212
[2026-05-17 19:33:20.755] [42998] [debug] [scwx::wsr88d::ar2v_file] Date:      20592 (2026-05-18)
[2026-05-17 19:33:20.755] [42998] [debug] [scwx::wsr88d::ar2v_file] Time:      1655618 (00:27:35.618000000)
[2026-05-17 19:33:20.755] [42998] [debug] [scwx::wsr88d::ar2v_file] ICAO:      KUEX
[2026-05-17 19:33:21.474] [42997] [debug] [scwx::qt::manager::radar_product_manager] Level 2 product previously loaded, loading from cache
[2026-05-17 19:33:21.474] [42999] [debug] [scwx::qt::manager::radar_product_manager] Level 2 product previously loaded, loading from cache
[2026-05-17 19:33:21.474] [42996] [debug] [scwx::qt::manager::radar_product_manager] Level 2 product previously loaded, loading from cache
[2026-05-17 19:33:21.475] [39446] [debug] [scwx::qt::view::level2_product_view] Computing Sweep
[2026-05-17 19:33:21.475] [39446] [debug] [scwx::qt::view::level2_product_view] ComputeCoordinates()
[2026-05-17 19:33:21.501] [39446] [debug] [scwx::qt::view::level2_product_view] Coordinates calculated in 0.020000s
[2026-05-17 19:33:21.508] [39446] [debug] [scwx::qt::view::level2_product_view] Vertices calculated in 0.010000s
[2026-05-17 19:33:21.846] [39347] [debug] [scwx::qt::map::radar_product_layer] UpdateSweep()
[2026-05-17 19:33:21.846] [39347] [debug] [scwx::qt::map::radar_product_layer] Vertices buffered in 0.000000s
[2026-05-17 19:33:21.846] [39347] [debug] [scwx::qt::map::radar_product_layer] Data moments buffered in 0.000000s
[2026-05-17 19:33:22.202] [39372] [debug] [scwx::provider::nws_api_provider] GetRadarStations
[2026-05-17 19:33:24.220] [43002] [debug] [scwx::provider::aws_level2_chunks_data_provider] Refresh() in 0.220000s
[2026-05-17 19:33:24.221] [39446] [debug] [scwx::qt::view::level2_product_view] Computing Sweep
[2026-05-17 19:33:24.221] [39446] [debug] [scwx::qt::view::level2_product_view] ComputeCoordinates()
[2026-05-17 19:33:24.246] [39446] [debug] [scwx::qt::view::level2_product_view] Coordinates calculated in 0.030000s
[2026-05-17 19:33:24.253] [39446] [debug] [scwx::qt::view::level2_product_view] Vertices calculated in 0.000000s
[2026-05-17 19:33:24.846] [39347] [debug] [scwx::qt::map::radar_product_layer] UpdateSweep()
[2026-05-17 19:33:24.848] [39347] [debug] [scwx::qt::map::radar_product_layer] Vertices buffered in 0.000000s
[2026-05-17 19:33:24.849] [39347] [debug] [scwx::qt::map::radar_product_layer] Data moments buffered in 0.000000s
[2026-05-17 19:33:27.002] [43004] [debug] [scwx::provider::aws_nexrad_data_provider] Refresh()
[2026-05-17 19:33:27.002] [43004] [debug] [scwx::provider::aws_nexrad_data_provider] ListObjects: UEX_NST_2026_05_18_
[2026-05-17 19:33:27.214] [43004] [debug] [scwx::provider::aws_nexrad_data_provider] Found 5 objects
[2026-05-17 19:33:27.214] [43004] [debug] [scwx::provider::aws_nexrad_data_provider] FindLatestKey()
[2026-05-17 19:33:27.214] [39347] [debug] [scwx::qt::view::overlay_product_view] Load Product: NST, 2026-05-18 00:27:35 UTC, true
[2026-05-17 19:33:27.214] [39347] [debug] [scwx::qt::view::overlay_product_view] Load Product: NST, 2026-05-18 00:27:35 UTC, true
[2026-05-17 19:33:27.214] [39347] [debug] [scwx::qt::view::overlay_product_view] Load Product: NST, 2026-05-18 00:27:35 UTC, true
[2026-05-17 19:33:27.214] [39347] [debug] [scwx::qt::view::overlay_product_view] Load Product: NST, 2026-05-18 00:27:35 UTC, true
[2026-05-17 19:33:27.214] [39409] [debug] [scwx::qt::manager::radar_product_manager] LoadLevel3Data: 2026-05-18 00:27:35 UTC
[2026-05-17 19:33:27.214] [39433] [debug] [scwx::qt::manager::radar_product_manager] LoadLevel3Data: 2026-05-18 00:27:35 UTC
[2026-05-17 19:33:27.214] [39437] [debug] [scwx::qt::manager::radar_product_manager] LoadLevel3Data: 2026-05-18 00:27:35 UTC
[2026-05-17 19:33:27.214] [39441] [debug] [scwx::qt::manager::radar_product_manager] LoadLevel3Data: 2026-05-18 00:27:35 UTC
[2026-05-17 19:33:27.214] [42998] [debug] [scwx::provider::aws_nexrad_data_provider] FindKey: 2026-05-18 00:27:35 UTC
[2026-05-17 19:33:27.293] [42998] [debug] [scwx::wsr88d::level3_file] Loading Data
[2026-05-17 19:33:27.293] [42998] [debug] [scwx::wsr88d::level3_file] Data Type: SD
[2026-05-17 19:33:27.293] [42998] [debug] [scwx::wsr88d::level3_file] ICAO:      KGID
[2026-05-17 19:33:27.293] [42998] [debug] [scwx::wsr88d::level3_file] Date/Time: 180027
[2026-05-17 19:33:27.293] [42998] [debug] [scwx::wsr88d::level3_file] Category:  NST
[2026-05-17 19:33:27.293] [42998] [debug] [scwx::wsr88d::level3_file] Site ID:   UEX
[2026-05-17 19:33:27.293] [42998] [debug] [scwx::wsr88d::rpg::level3_message_factory] Found Message 58
[2026-05-17 19:33:27.293] [42998] [debug] [scwx::wsr88d::rpg::graphic_product_message] Loading Blocks
[2026-05-17 19:33:27.293] [42998] [debug] [scwx::wsr88d::rpg::graphic_product_message] Product symbology block valid: true
[2026-05-17 19:33:27.293] [42998] [debug] [scwx::wsr88d::rpg::graphic_product_message] Graphic alphanumeric block valid: true
[2026-05-17 19:33:27.293] [42998] [debug] [scwx::wsr88d::rpg::graphic_product_message] Tabular alphanumeric block valid: true
[2026-05-17 19:33:27.293] [42999] [debug] [scwx::qt::manager::radar_product_manager] Level 3 product previously loaded, loading from cache
[2026-05-17 19:33:27.293] [42996] [debug] [scwx::qt::manager::radar_product_manager] Level 3 product previously loaded, loading from cache
[2026-05-17 19:33:27.293] [42997] [debug] [scwx::qt::manager::radar_product_manager] Level 3 product previously loaded, loading from cache
[2026-05-17 19:33:30.142] [39394] [debug] [scwx::provider::warnings_provider] Loading file: warnings_20260518_00.txt
[2026-05-17 19:33:45.117] [43002] [debug] [scwx::provider::aws_level2_chunks_data_provider] Refresh() in 0.900000s
[2026-05-17 19:33:45.118] [39446] [debug] [scwx::qt::view::level2_product_view] Computing Sweep
[2026-05-17 19:33:45.118] [39446] [debug] [scwx::qt::view::level2_product_view] ComputeCoordinates()
[2026-05-17 19:33:45.143] [39446] [debug] [scwx::qt::view::level2_product_view] Coordinates calculated in 0.020000s
[2026-05-17 19:33:45.151] [39446] [debug] [scwx::qt::view::level2_product_view] Vertices calculated in 0.010000s
[2026-05-17 19:33:45.636] [39395] [debug] [scwx::provider::warnings_provider] Loading file: warnings_20260518_00.txt
[2026-05-17 19:33:45.846] [39347] [debug] [scwx::qt::map::radar_product_layer] UpdateSweep()
[2026-05-17 19:33:45.848] [39347] [debug] [scwx::qt::map::radar_product_layer] Vertices buffered in 0.000000s
[2026-05-17 19:33:45.848] [39347] [debug] [scwx::qt::map::radar_product_layer] Data moments buffered in 0.000000s
[2026-05-17 19:33:50.968] [39371] [debug] [scwx::network::ntp_client] Time offset updated: -0d 00:00:00.002356285
[2026-05-17 19:34:01.126] [39394] [debug] [scwx::provider::warnings_provider] Loading file: warnings_20260518_00.txt
[2026-05-17 19:34:05.905] [43003] [debug] [scwx::provider::aws_level2_chunks_data_provider] Refresh() in 0.790000s
[2026-05-17 19:34:16.630] [39395] [debug] [scwx::provider::warnings_provider] Loading file: warnings_20260518_00.txt
[2026-05-17 19:34:22.306] [39372] [debug] [scwx::provider::nws_api_provider] GetRadarStations
[2026-05-17 19:34:26.978] [43003] [debug] [scwx::provider::aws_level2_chunks_data_provider] Refresh() in 1.070000s
[2026-05-17 19:34:30.220] [43002] [debug] [scwx::provider::aws_level2_chunks_data_provider] Refresh() in 0.240000s
[2026-05-17 19:34:32.151] [39394] [debug] [scwx::provider::warnings_provider] Loading file: warnings_20260518_00.txt
[2026-05-17 19:34:47.647] [39395] [debug] [scwx::provider::warnings_provider] Loading file: warnings_20260518_00.txt
[2026-05-17 19:34:50.971] [43003] [debug] [scwx::provider::aws_level2_chunks_data_provider] Refresh() in 0.750000s
[2026-05-17 19:34:54.997] [39370] [debug] [scwx::network::ntp_client] Time offset updated: -0d 00:00:00.003165374
[2026-05-17 19:35:03.157] [39394] [debug] [scwx::provider::warnings_provider] Loading file: warnings_20260518_00.txt
[2026-05-17 19:35:11.820] [43002] [debug] [scwx::provider::aws_level2_chunks_data_provider] Refresh() in 0.850000s
[2026-05-17 19:35:22.416] [39372] [debug] [scwx::provider::nws_api_provider] GetRadarStations
[2026-05-17 19:35:32.494] [43003] [debug] [scwx::provider::aws_level2_chunks_data_provider] Refresh() in 0.670000s
[2026-05-17 19:35:33.989] [39394] [debug] [scwx::provider::warnings_provider] Loading file: warnings_20260518_00.txt
[2026-05-17 19:35:37.159] [43002] [debug] [scwx::provider::aws_level2_chunks_data_provider] Refresh() in 0.160000s
[2026-05-17 19:35:40.306] [43003] [debug] [scwx::provider::aws_level2_chunks_data_provider] Refresh() in 0.150000s
[2026-05-17 19:35:44.157] [43002] [debug] [scwx::provider::aws_level2_chunks_data_provider] Refresh() in 0.160000s
[2026-05-17 19:35:44.158] [39445] [debug] [scwx::qt::view::level2_product_view] Computing Sweep
[2026-05-17 19:35:44.158] [39445] [debug] [scwx::qt::view::level2_product_view] ComputeCoordinates()
[2026-05-17 19:35:44.160] [39450] [debug] [scwx::qt::view::level2_product_view] Computing Sweep
[2026-05-17 19:35:44.160] [39450] [debug] [scwx::qt::view::level2_product_view] ComputeCoordinates()
[2026-05-17 19:35:44.162] [39449] [debug] [scwx::qt::view::level2_product_view] Computing Sweep
[2026-05-17 19:35:44.162] [39449] [debug] [scwx::qt::view::level2_product_view] ComputeCoordinates()
[2026-05-17 19:35:44.209] [39445] [debug] [scwx::qt::view::level2_product_view] Coordinates calculated in 0.050000s
[2026-05-17 19:35:44.224] [39445] [debug] [scwx::qt::view::level2_product_view] Vertices calculated in 0.010000s
[2026-05-17 19:35:44.232] [39449] [debug] [scwx::qt::view::level2_product_view] Coordinates calculated in 0.070000s
[2026-05-17 19:35:44.237] [39450] [debug] [scwx::qt::view::level2_product_view] Coordinates calculated in 0.080000s
[2026-05-17 19:35:44.244] [39449] [debug] [scwx::qt::view::level2_product_view] Vertices calculated in 0.010000s
[2026-05-17 19:35:44.248] [39450] [debug] [scwx::qt::view::level2_product_view] Vertices calculated in 0.010000s
[2026-05-17 19:35:45.012] [39347] [debug] [scwx::qt::map::radar_product_layer] UpdateSweep()
[2026-05-17 19:35:45.016] [39347] [debug] [scwx::qt::map::radar_product_layer] Vertices buffered in 0.010000s
[2026-05-17 19:35:45.016] [39347] [debug] [scwx::qt::map::radar_product_layer] Data moments buffered in 0.000000s
[2026-05-17 19:35:45.018] [39347] [debug] [scwx::qt::map::radar_product_layer] UpdateSweep()
[2026-05-17 19:35:45.019] [39347] [debug] [scwx::qt::map::radar_product_layer] Vertices buffered in 0.000000s
[2026-05-17 19:35:45.019] [39347] [debug] [scwx::qt::map::radar_product_layer] Data moments buffered in 0.000000s
[2026-05-17 19:35:45.021] [39347] [debug] [scwx::qt::map::radar_product_layer] UpdateSweep()
[2026-05-17 19:35:45.024] [39347] [debug] [scwx::qt::map::radar_product_layer] Vertices buffered in 0.000000s
[2026-05-17 19:35:45.025] [39347] [debug] [scwx::qt::map::radar_product_layer] Data moments buffered in 0.010000s
[2026-05-17 19:35:45.025] [39347] [debug] [scwx::qt::map::radar_product_layer] CFP moments buffered in 0.000000s
[2026-05-17 19:35:48.276] [43002] [debug] [scwx::provider::aws_level2_chunks_data_provider] Refresh() in 0.280000s
[2026-05-17 19:35:48.277] [39445] [debug] [scwx::qt::view::level2_product_view] Computing Sweep
[2026-05-17 19:35:48.277] [39445] [debug] [scwx::qt::view::level2_product_view] ComputeCoordinates()
[2026-05-17 19:35:48.278] [39449] [debug] [scwx::qt::view::level2_product_view] Computing Sweep
[2026-05-17 19:35:48.278] [39449] [debug] [scwx::qt::view::level2_product_view] ComputeCoordinates()
[2026-05-17 19:35:48.283] [39450] [debug] [scwx::qt::view::level2_product_view] Computing Sweep
[2026-05-17 19:35:48.283] [39450] [debug] [scwx::qt::view::level2_product_view] ComputeCoordinates()
[2026-05-17 19:35:48.337] [39445] [debug] [scwx::qt::view::level2_product_view] Coordinates calculated in 0.060000s
[2026-05-17 19:35:48.352] [39449] [debug] [scwx::qt::view::level2_product_view] Coordinates calculated in 0.070000s
[2026-05-17 19:35:48.357] [39450] [debug] [scwx::qt::view::level2_product_view] Coordinates calculated in 0.080000s
[2026-05-17 19:35:48.367] [39445] [debug] [scwx::qt::view::level2_product_view] Vertices calculated in 0.030000s
[2026-05-17 19:35:48.367] [39449] [debug] [scwx::qt::view::level2_product_view] Vertices calculated in 0.020000s
[2026-05-17 19:35:48.371] [39450] [debug] [scwx::qt::view::level2_product_view] Vertices calculated in 0.010000s
[2026-05-17 19:35:49.012] [39347] [debug] [scwx::qt::map::radar_product_layer] UpdateSweep()
[2026-05-17 19:35:49.015] [39347] [debug] [scwx::qt::map::radar_product_layer] Vertices buffered in 0.010000s
[2026-05-17 19:35:49.016] [39347] [debug] [scwx::qt::map::radar_product_layer] Data moments buffered in 0.000000s
[2026-05-17 19:35:49.018] [39347] [debug] [scwx::qt::map::radar_product_layer] UpdateSweep()
[2026-05-17 19:35:49.019] [39347] [debug] [scwx::qt::map::radar_product_layer] Vertices buffered in 0.000000s
[2026-05-17 19:35:49.019] [39347] [debug] [scwx::qt::map::radar_product_layer] Data moments buffered in 0.000000s
[2026-05-17 19:35:49.021] [39347] [debug] [scwx::qt::map::radar_product_layer] UpdateSweep()
[2026-05-17 19:35:49.024] [39347] [debug] [scwx::qt::map::radar_product_layer] Vertices buffered in 0.000000s
[2026-05-17 19:35:49.025] [39347] [debug] [scwx::qt::map::radar_product_layer] Data moments buffered in 0.010000s
[2026-05-17 19:35:49.026] [39347] [debug] [scwx::qt::map::radar_product_layer] CFP moments buffered in 0.000000s
[2026-05-17 19:35:49.497] [39395] [debug] [scwx::provider::warnings_provider] Loading file: warnings_20260518_00.txt
[2026-05-17 19:35:59.033] [39371] [debug] [scwx::network::ntp_client] Time offset updated: 0d 00:00:00.000428701
[2026-05-17 19:36:05.006] [39394] [debug] [scwx::provider::warnings_provider] Loading file: warnings_20260518_00.txt
[2026-05-17 19:36:09.151] [43002] [debug] [scwx::provider::aws_level2_chunks_data_provider] Refresh() in 0.870000s
[2026-05-17 19:36:09.152] [39446] [debug] [scwx::qt::view::level2_product_view] Computing Sweep
[2026-05-17 19:36:09.152] [39446] [debug] [scwx::qt::view::level2_product_view] ComputeCoordinates()
[2026-05-17 19:36:09.152] [39445] [debug] [scwx::qt::view::level2_product_view] Computing Sweep
[2026-05-17 19:36:09.152] [39445] [debug] [scwx::qt::view::level2_product_view] ComputeCoordinates()
[2026-05-17 19:36:09.155] [39449] [debug] [scwx::qt::view::level2_product_view] Computing Sweep
[2026-05-17 19:36:09.155] [39449] [debug] [scwx::qt::view::level2_product_view] ComputeCoordinates()
[2026-05-17 19:36:09.156] [39450] [debug] [scwx::qt::view::level2_product_view] Computing Sweep
[2026-05-17 19:36:09.156] [39450] [debug] [scwx::qt::view::level2_product_view] ComputeCoordinates()
[2026-05-17 19:36:09.217] [39446] [debug] [scwx::qt::view::level2_product_view] Coordinates calculated in 0.070000s
[2026-05-17 19:36:09.244] [39446] [debug] [scwx::qt::view::level2_product_view] Vertices calculated in 0.020000s
[2026-05-17 19:36:09.255] [39449] [debug] [scwx::qt::view::level2_product_view] Coordinates calculated in 0.100000s
[2026-05-17 19:36:09.258] [39445] [debug] [scwx::qt::view::level2_product_view] Coordinates calculated in 0.110000s
[2026-05-17 19:36:09.267] [39450] [debug] [scwx::qt::view::level2_product_view] Coordinates calculated in 0.110000s
[2026-05-17 19:36:09.277] [39449] [debug] [scwx::qt::view::level2_product_view] Vertices calculated in 0.020000s
[2026-05-17 19:36:09.283] [39450] [debug] [scwx::qt::view::level2_product_view] Vertices calculated in 0.010000s
[2026-05-17 19:36:09.284] [39445] [debug] [scwx::qt::view::level2_product_view] Vertices calculated in 0.020000s
[2026-05-17 19:36:10.013] [39347] [debug] [scwx::qt::map::radar_product_layer] UpdateSweep()
[2026-05-17 19:36:10.016] [39347] [debug] [scwx::qt::map::radar_product_layer] Vertices buffered in 0.010000s
[2026-05-17 19:36:10.017] [39347] [debug] [scwx::qt::map::radar_product_layer] Data moments buffered in 0.000000s
[2026-05-17 19:36:10.019] [39347] [debug] [scwx::qt::map::radar_product_layer] UpdateSweep()
[2026-05-17 19:36:10.020] [39347] [debug] [scwx::qt::map::radar_product_layer] Vertices buffered in 0.000000s
[2026-05-17 19:36:10.020] [39347] [debug] [scwx::qt::map::radar_product_layer] Data moments buffered in 0.000000s
[2026-05-17 19:36:10.022] [39347] [debug] [scwx::qt::map::radar_product_layer] UpdateSweep()
[2026-05-17 19:36:10.023] [39347] [debug] [scwx::qt::map::radar_product_layer] Vertices buffered in 0.000000s
[2026-05-17 19:36:10.023] [39347] [debug] [scwx::qt::map::radar_product_layer] Data moments buffered in 0.000000s
[2026-05-17 19:36:10.024] [39347] [debug] [scwx::qt::map::radar_product_layer] UpdateSweep()
[2026-05-17 19:36:10.028] [39347] [debug] [scwx::qt::map::radar_product_layer] Vertices buffered in 0.000000s
[2026-05-17 19:36:10.029] [39347] [debug] [scwx::qt::map::radar_product_layer] Data moments buffered in 0.000000s
[2026-05-17 19:36:10.029] [39347] [debug] [scwx::qt::map::radar_product_layer] CFP moments buffered in 0.000000s
[2026-05-17 19:36:20.546] [39395] [debug] [scwx::provider::warnings_provider] Loading file: warnings_20260518_00.txt
[2026-05-17 19:36:22.532] [39372] [debug] [scwx::provider::nws_api_provider] GetRadarStations
[2026-05-17 19:36:29.850] [43003] [debug] [scwx::provider::aws_level2_chunks_data_provider] Refresh() in 0.700000s
[2026-05-17 19:36:29.851] [39446] [debug] [scwx::qt::view::level2_product_view] Computing Sweep
[2026-05-17 19:36:29.851] [39446] [debug] [scwx::qt::view::level2_product_view] ComputeCoordinates()
[2026-05-17 19:36:29.876] [39446] [debug] [scwx::qt::view::level2_product_view] Coordinates calculated in 0.030000s
[2026-05-17 19:36:29.884] [39446] [debug] [scwx::qt::view::level2_product_view] Vertices calculated in 0.000000s
[2026-05-17 19:36:30.012] [39347] [debug] [scwx::qt::map::radar_product_layer] UpdateSweep()
[2026-05-17 19:36:30.014] [39347] [debug] [scwx::qt::map::radar_product_layer] Vertices buffered in 0.010000s
[2026-05-17 19:36:30.015] [39347] [debug] [scwx::qt::map::radar_product_layer] Data moments buffered in 0.000000s
[2026-05-17 19:36:36.024] [39394] [debug] [scwx::provider::warnings_provider] Loading file: warnings_20260518_00.txt
[2026-05-17 19:36:50.597] [43002] [debug] [scwx::provider::aws_level2_chunks_data_provider] Refresh() in 0.750000s
[2026-05-17 19:36:51.607] [39395] [debug] [scwx::provider::warnings_provider] Loading file: warnings_20260518_00.txt
[2026-05-17 19:37:03.069] [39370] [debug] [scwx::network::ntp_client] Time offset updated: -0d 00:00:00.001466789
[2026-05-17 19:37:07.125] [39394] [debug] [scwx::provider::warnings_provider] Loading file: warnings_20260518_00.txt
[2026-05-17 19:37:11.279] [43002] [debug] [scwx::provider::aws_level2_chunks_data_provider] Refresh() in 0.680000s
[2026-05-17 19:37:22.641] [39372] [debug] [scwx::provider::nws_api_provider] GetRadarStations
[2026-05-17 19:37:32.086] [43002] [debug] [scwx::provider::aws_level2_chunks_data_provider] Refresh() in 0.810000s
[2026-05-17 19:37:37.974] [39394] [debug] [scwx::provider::warnings_provider] Loading file: warnings_20260518_00.txt
[2026-05-17 19:37:52.681] [43002] [debug] [scwx::provider::aws_level2_chunks_data_provider] Refresh() in 0.590000s
[2026-05-17 19:37:53.494] [39395] [debug] [scwx::provider::warnings_provider] Loading file: warnings_20260518_00.txt
[2026-05-17 19:37:56.001] [43001] [debug] [scwx::provider::aws_nexrad_data_provider] Refresh()
[2026-05-17 19:37:56.001] [43001] [debug] [scwx::provider::aws_nexrad_data_provider] ListObjects: 2026/05/18/KUEX/
[2026-05-17 19:37:56.221] [43001] [debug] [scwx::provider::aws_nexrad_data_provider] Found 5 objects
[2026-05-17 19:37:56.221] [43001] [debug] [scwx::provider::aws_nexrad_data_provider] FindLatestKey()
[2026-05-17 19:38:07.001] [43005] [debug] [scwx::provider::aws_nexrad_data_provider] Refresh()
[2026-05-17 19:38:07.001] [43005] [debug] [scwx::provider::aws_nexrad_data_provider] ListObjects: UEX_NST_2026_05_18_
[2026-05-17 19:38:07.100] [39371] [debug] [scwx::network::ntp_client] Time offset updated: -0d 00:00:00.001255598
[2026-05-17 19:38:07.217] [43005] [debug] [scwx::provider::aws_nexrad_data_provider] Found 5 objects
[2026-05-17 19:38:07.217] [43005] [debug] [scwx::provider::aws_nexrad_data_provider] FindLatestKey()
[2026-05-17 19:38:09.006] [39394] [debug] [scwx::provider::warnings_provider] Loading file: warnings_20260518_00.txt
[2026-05-17 19:38:11.221] [43000] [debug] [scwx::provider::aws_nexrad_data_provider] Refresh()
[2026-05-17 19:38:11.221] [43000] [debug] [scwx::provider::aws_nexrad_data_provider] ListObjects: 2026/05/18/KUEX/
[2026-05-17 19:38:11.424] [43000] [debug] [scwx::provider::aws_nexrad_data_provider] Found 5 objects
[2026-05-17 19:38:11.424] [43000] [debug] [scwx::provider::aws_nexrad_data_provider] FindLatestKey()
[2026-05-17 19:38:13.352] [43003] [debug] [scwx::provider::aws_level2_chunks_data_provider] Refresh() in 0.670000s
[2026-05-17 19:38:22.217] [43005] [debug] [scwx::provider::aws_nexrad_data_provider] Refresh()
[2026-05-17 19:38:22.217] [43005] [debug] [scwx::provider::aws_nexrad_data_provider] ListObjects: UEX_NST_2026_05_18_
[2026-05-17 19:38:22.418] [43005] [debug] [scwx::provider::aws_nexrad_data_provider] Found 5 objects
[2026-05-17 19:38:22.418] [43005] [debug] [scwx::provider::aws_nexrad_data_provider] FindLatestKey()
[2026-05-17 19:38:22.741] [39372] [debug] [scwx::provider::nws_api_provider] GetRadarStations
[2026-05-17 19:38:24.531] [39395] [debug] [scwx::provider::warnings_provider] Loading file: warnings_20260518_00.txt
[2026-05-17 19:38:26.424] [43000] [debug] [scwx::provider::aws_nexrad_data_provider] Refresh()
[2026-05-17 19:38:26.424] [43000] [debug] [scwx::provider::aws_nexrad_data_provider] ListObjects: 2026/05/18/KUEX/
[2026-05-17 19:38:26.613] [43000] [debug] [scwx::provider::aws_nexrad_data_provider] Found 6 objects
[2026-05-17 19:38:26.613] [43000] [debug] [scwx::provider::aws_nexrad_data_provider] FindLatestKey()
[2026-05-17 19:38:26.613] [42998] [debug] [scwx::provider::aws_nexrad_data_provider] FindKey: 2026-05-18 00:32:49 UTC
[2026-05-17 19:38:27.131] [42998] [debug] [scwx::wsr88d::ar2v_file] Loading Data
[2026-05-17 19:38:27.131] [42998] [debug] [scwx::wsr88d::ar2v_file] Filename:  AR2V0006.
[2026-05-17 19:38:27.131] [42998] [debug] [scwx::wsr88d::ar2v_file] Extension: 213
[2026-05-17 19:38:27.131] [42998] [debug] [scwx::wsr88d::ar2v_file] Date:      20592 (2026-05-18)
[2026-05-17 19:38:27.131] [42998] [debug] [scwx::wsr88d::ar2v_file] Time:      1969316 (00:32:49.316000000)
[2026-05-17 19:38:27.131] [42998] [debug] [scwx::wsr88d::ar2v_file] ICAO:      KUEX
[2026-05-17 19:38:27.875] [42999] [debug] [scwx::qt::manager::radar_product_manager] Level 2 product previously loaded, loading from cache
[2026-05-17 19:38:27.875] [42996] [debug] [scwx::qt::manager::radar_product_manager] Level 2 product previously loaded, loading from cache
[2026-05-17 19:38:27.875] [42997] [debug] [scwx::qt::manager::radar_product_manager] Level 2 product previously loaded, loading from cache
[2026-05-17 19:38:33.791] [66737] [debug] [scwx::wsr88d::ar2v_file] Loading Data
[2026-05-17 19:38:33.791] [66737] [debug] [scwx::wsr88d::ar2v_file] Filename:  AR2V0006.
[2026-05-17 19:38:33.791] [66737] [debug] [scwx::wsr88d::ar2v_file] Extension: 214
[2026-05-17 19:38:33.791] [66737] [debug] [scwx::wsr88d::ar2v_file] Date:      20592 (2026-05-18)
[2026-05-17 19:38:33.791] [66737] [debug] [scwx::wsr88d::ar2v_file] Time:      2300180 (00:38:20.180000000)
[2026-05-17 19:38:33.791] [66737] [debug] [scwx::wsr88d::ar2v_file] ICAO:      KUEX
[2026-05-17 19:38:34.268] [43003] [debug] [scwx::provider::aws_level2_chunks_data_provider] Refresh() in 0.920000s
[2026-05-17 19:38:34.269] [39445] [debug] [scwx::qt::view::level2_product_view] Computing Sweep
[2026-05-17 19:38:34.269] [39445] [debug] [scwx::qt::view::level2_product_view] ComputeCoordinates()
[2026-05-17 19:38:34.273] [39449] [debug] [scwx::qt::view::level2_product_view] Computing Sweep
[2026-05-17 19:38:34.273] [39449] [debug] [scwx::qt::view::level2_product_view] ComputeCoordinates()
[2026-05-17 19:38:34.276] [39450] [debug] [scwx::qt::view::level2_product_view] Computing Sweep
[2026-05-17 19:38:34.276] [39450] [debug] [scwx::qt::view::level2_product_view] ComputeCoordinates()
[2026-05-17 19:38:34.319] [39445] [debug] [scwx::qt::view::level2_product_view] Coordinates calculated in 0.050000s
[2026-05-17 19:38:34.344] [39449] [debug] [scwx::qt::view::level2_product_view] Coordinates calculated in 0.080000s
[2026-05-17 19:38:34.348] [39450] [debug] [scwx::qt::view::level2_product_view] Coordinates calculated in 0.070000s
[2026-05-17 19:38:34.355] [39445] [debug] [scwx::qt::view::level2_product_view] Vertices calculated in 0.040000s
[2026-05-17 19:38:34.360] [39449] [debug] [scwx::qt::view::level2_product_view] Vertices calculated in 0.010000s
[2026-05-17 19:38:34.362] [39450] [debug] [scwx::qt::view::level2_product_view] Vertices calculated in 0.010000s
[2026-05-17 19:38:35.012] [39347] [debug] [scwx::qt::map::radar_product_layer] UpdateSweep()
[2026-05-17 19:38:35.015] [39347] [debug] [scwx::qt::map::radar_product_layer] Vertices buffered in 0.010000s
[2026-05-17 19:38:35.016] [39347] [debug] [scwx::qt::map::radar_product_layer] Data moments buffered in 0.000000s
[2026-05-17 19:38:35.018] [39347] [debug] [scwx::qt::map::radar_product_layer] UpdateSweep()
[2026-05-17 19:38:35.018] [39347] [debug] [scwx::qt::map::radar_product_layer] Vertices buffered in 0.000000s
[2026-05-17 19:38:35.019] [39347] [debug] [scwx::qt::map::radar_product_layer] Data moments buffered in 0.000000s
[2026-05-17 19:38:35.020] [39347] [debug] [scwx::qt::map::radar_product_layer] UpdateSweep()
[2026-05-17 19:38:35.024] [39347] [debug] [scwx::qt::map::radar_product_layer] Vertices buffered in 0.000000s
[2026-05-17 19:38:35.024] [39347] [debug] [scwx::qt::map::radar_product_layer] Data moments buffered in 0.000000s
[2026-05-17 19:38:35.025] [39347] [debug] [scwx::qt::map::radar_product_layer] CFP moments buffered in 0.010000s
[2026-05-17 19:38:37.418] [43005] [debug] [scwx::provider::aws_nexrad_data_provider] Refresh()
[2026-05-17 19:38:37.418] [43005] [debug] [scwx::provider::aws_nexrad_data_provider] ListObjects: UEX_NST_2026_05_18_
[2026-05-17 19:38:37.618] [43005] [debug] [scwx::provider::aws_nexrad_data_provider] Found 6 objects
[2026-05-17 19:38:37.618] [43005] [debug] [scwx::provider::aws_nexrad_data_provider] FindLatestKey()
[2026-05-17 19:38:37.618] [39347] [debug] [scwx::qt::view::overlay_product_view] Load Product: NST, 2026-05-18 00:32:49 UTC, true
[2026-05-17 19:38:37.618] [39347] [debug] [scwx::qt::view::overlay_product_view] Load Product: NST, 2026-05-18 00:32:49 UTC, true
[2026-05-17 19:38:37.618] [39347] [debug] [scwx::qt::view::overlay_product_view] Load Product: NST, 2026-05-18 00:32:49 UTC, true
[2026-05-17 19:38:37.618] [39347] [debug] [scwx::qt::view::overlay_product_view] Load Product: NST, 2026-05-18 00:32:49 UTC, true
[2026-05-17 19:38:37.618] [39409] [debug] [scwx::qt::manager::radar_product_manager] LoadLevel3Data: 2026-05-18 00:32:49 UTC
[2026-05-17 19:38:37.618] [39437] [debug] [scwx::qt::manager::radar_product_manager] LoadLevel3Data: 2026-05-18 00:32:49 UTC
[2026-05-17 19:38:37.618] [39441] [debug] [scwx::qt::manager::radar_product_manager] LoadLevel3Data: 2026-05-18 00:32:49 UTC
[2026-05-17 19:38:37.618] [39433] [debug] [scwx::qt::manager::radar_product_manager] LoadLevel3Data: 2026-05-18 00:32:49 UTC
[2026-05-17 19:38:37.618] [42999] [debug] [scwx::provider::aws_nexrad_data_provider] FindKey: 2026-05-18 00:32:49 UTC
[2026-05-17 19:38:37.690] [42999] [debug] [scwx::wsr88d::level3_file] Loading Data
[2026-05-17 19:38:37.690] [42999] [debug] [scwx::wsr88d::level3_file] Data Type: SD
[2026-05-17 19:38:37.690] [42999] [debug] [scwx::wsr88d::level3_file] ICAO:      KGID
[2026-05-17 19:38:37.690] [42999] [debug] [scwx::wsr88d::level3_file] Date/Time: 180032
[2026-05-17 19:38:37.690] [42999] [debug] [scwx::wsr88d::level3_file] Category:  NST
[2026-05-17 19:38:37.690] [42999] [debug] [scwx::wsr88d::level3_file] Site ID:   UEX
[2026-05-17 19:38:37.690] [42999] [debug] [scwx::wsr88d::rpg::level3_message_factory] Found Message 58
[2026-05-17 19:38:37.690] [42999] [debug] [scwx::wsr88d::rpg::graphic_product_message] Loading Blocks
[2026-05-17 19:38:37.690] [42999] [debug] [scwx::wsr88d::rpg::graphic_product_message] Product symbology block valid: true
[2026-05-17 19:38:37.690] [42999] [debug] [scwx::wsr88d::rpg::graphic_product_message] Graphic alphanumeric block valid: true
[2026-05-17 19:38:37.690] [42999] [debug] [scwx::wsr88d::rpg::graphic_product_message] Tabular alphanumeric block valid: true
[2026-05-17 19:38:37.690] [42998] [debug] [scwx::qt::manager::radar_product_manager] Level 3 product previously loaded, loading from cache
[2026-05-17 19:38:37.690] [42996] [debug] [scwx::qt::manager::radar_product_manager] Level 3 product previously loaded, loading from cache
[2026-05-17 19:38:37.690] [42997] [debug] [scwx::qt::manager::radar_product_manager] Level 3 product previously loaded, loading from cache
[2026-05-17 19:38:40.033] [39394] [debug] [scwx::provider::warnings_provider] Loading file: warnings_20260518_00.txt
[2026-05-17 19:38:55.214] [43002] [debug] [scwx::provider::aws_level2_chunks_data_provider] Refresh() in 0.940000s
[2026-05-17 19:38:55.214] [39445] [debug] [scwx::qt::view::level2_product_view] Computing Sweep
[2026-05-17 19:38:55.214] [39445] [debug] [scwx::qt::view::level2_product_view] ComputeCoordinates()
[2026-05-17 19:38:55.215] [39449] [debug] [scwx::qt::view::level2_product_view] Computing Sweep
[2026-05-17 19:38:55.215] [39449] [debug] [scwx::qt::view::level2_product_view] ComputeCoordinates()
[2026-05-17 19:38:55.218] [39450] [debug] [scwx::qt::view::level2_product_view] Computing Sweep
[2026-05-17 19:38:55.218] [39450] [debug] [scwx::qt::view::level2_product_view] ComputeCoordinates()
[2026-05-17 19:38:55.220] [39446] [debug] [scwx::qt::view::level2_product_view] Computing Sweep
[2026-05-17 19:38:55.220] [39446] [debug] [scwx::qt::view::level2_product_view] ComputeCoordinates()
[2026-05-17 19:38:55.281] [39445] [debug] [scwx::qt::view::level2_product_view] Coordinates calculated in 0.070000s
[2026-05-17 19:38:55.307] [39445] [debug] [scwx::qt::view::level2_product_view] Vertices calculated in 0.030000s
[2026-05-17 19:38:55.310] [39446] [debug] [scwx::qt::view::level2_product_view] Coordinates calculated in 0.090000s
[2026-05-17 19:38:55.318] [39449] [debug] [scwx::qt::view::level2_product_view] Coordinates calculated in 0.100000s
[2026-05-17 19:38:55.320] [39450] [debug] [scwx::qt::view::level2_product_view] Coordinates calculated in 0.100000s
[2026-05-17 19:38:55.327] [39446] [debug] [scwx::qt::view::level2_product_view] Vertices calculated in 0.020000s
[2026-05-17 19:38:55.332] [39449] [debug] [scwx::qt::view::level2_product_view] Vertices calculated in 0.010000s
[2026-05-17 19:38:55.335] [39450] [debug] [scwx::qt::view::level2_product_view] Vertices calculated in 0.020000s
[2026-05-17 19:38:55.544] [39395] [debug] [scwx::provider::warnings_provider] Loading file: warnings_20260518_00.txt
[2026-05-17 19:38:56.012] [39347] [debug] [scwx::qt::map::radar_product_layer] UpdateSweep()
[2026-05-17 19:38:56.015] [39347] [debug] [scwx::qt::map::radar_product_layer] Vertices buffered in 0.010000s
[2026-05-17 19:38:56.016] [39347] [debug] [scwx::qt::map::radar_product_layer] Data moments buffered in 0.000000s
[2026-05-17 19:38:56.017] [39347] [debug] [scwx::qt::map::radar_product_layer] UpdateSweep()
[2026-05-17 19:38:56.018] [39347] [debug] [scwx::qt::map::radar_product_layer] Vertices buffered in 0.000000s
[2026-05-17 19:38:56.018] [39347] [debug] [scwx::qt::map::radar_product_layer] Data moments buffered in 0.000000s
[2026-05-17 19:38:56.020] [39347] [debug] [scwx::qt::map::radar_product_layer] UpdateSweep()
[2026-05-17 19:38:56.020] [39347] [debug] [scwx::qt::map::radar_product_layer] Vertices buffered in 0.000000s
[2026-05-17 19:38:56.021] [39347] [debug] [scwx::qt::map::radar_product_layer] Data moments buffered in 0.000000s
[2026-05-17 19:38:56.022] [39347] [debug] [scwx::qt::map::radar_product_layer] UpdateSweep()
[2026-05-17 19:38:56.025] [39347] [debug] [scwx::qt::map::radar_product_layer] Vertices buffered in 0.010000s
[2026-05-17 19:38:56.026] [39347] [debug] [scwx::qt::map::radar_product_layer] Data moments buffered in 0.000000s
[2026-05-17 19:38:56.026] [39347] [debug] [scwx::qt::map::radar_product_layer] CFP moments buffered in 0.000000s
[2026-05-17 19:39:11.131] [39370] [debug] [scwx::network::ntp_client] Time offset updated: -0d 00:00:00.002101632
[2026-05-17 19:39:16.221] [43003] [debug] [scwx::provider::aws_level2_chunks_data_provider] Refresh() in 1.010000s
[2026-05-17 19:39:16.221] [39446] [debug] [scwx::qt::view::level2_product_view] Computing Sweep
[2026-05-17 19:39:16.221] [39446] [debug] [scwx::qt::view::level2_product_view] ComputeCoordinates()
[2026-05-17 19:39:16.250] [39446] [debug] [scwx::qt::view::level2_product_view] Coordinates calculated in 0.030000s
[2026-05-17 19:39:16.257] [39446] [debug] [scwx::qt::view::level2_product_view] Vertices calculated in 0.010000s
[2026-05-17 19:39:17.011] [39347] [debug] [scwx::qt::map::radar_product_layer] UpdateSweep()
[2026-05-17 19:39:17.014] [39347] [debug] [scwx::qt::map::radar_product_layer] Vertices buffered in 0.000000s
[2026-05-17 19:39:17.014] [39347] [debug] [scwx::qt::map::radar_product_layer] Data moments buffered in 0.000000s
[2026-05-17 19:39:19.365] [43002] [debug] [scwx::provider::aws_level2_chunks_data_provider] Refresh() in 0.150000s
[2026-05-17 19:39:22.871] [39372] [debug] [scwx::provider::nws_api_provider] GetRadarStations
[2026-05-17 19:39:40.312] [43003] [debug] [scwx::provider::aws_level2_chunks_data_provider] Refresh() in 0.940000s
[2026-05-17 19:39:43.583] [43002] [debug] [scwx::provider::aws_level2_chunks_data_provider] Refresh() in 0.270000s
[2026-05-17 19:40:04.487] [43002] [debug] [scwx::provider::aws_level2_chunks_data_provider] Refresh() in 0.910000s
[2026-05-17 19:40:12.340] [39394] [debug] [scwx::provider::warnings_provider] Loading file: warnings_20260518_00.txt
[2026-05-17 19:40:15.163] [39371] [debug] [scwx::network::ntp_client] Time offset updated: -0d 00:00:00.001576209
[2026-05-17 19:40:22.974] [39372] [debug] [scwx::provider::nws_api_provider] GetRadarStations
[2026-05-17 19:40:25.163] [43003] [debug] [scwx::provider::aws_level2_chunks_data_provider] Refresh() in 0.670000s
[2026-05-17 19:40:28.147] [39395] [debug] [scwx::provider::warnings_provider] Loading file: warnings_20260518_00.txt
[2026-05-17 19:40:28.322] [43002] [debug] [scwx::provider::aws_level2_chunks_data_provider] Refresh() in 0.160000s
[2026-05-17 19:40:32.159] [43003] [debug] [scwx::provider::aws_level2_chunks_data_provider] Refresh() in 0.160000s
[2026-05-17 19:40:37.237] [43002] [debug] [scwx::provider::aws_level2_chunks_data_provider] Refresh() in 0.240000s
[2026-05-17 19:40:40.396] [43003] [debug] [scwx::provider::aws_level2_chunks_data_provider] Refresh() in 0.160000s
[2026-05-17 19:40:43.655] [39394] [debug] [scwx::provider::warnings_provider] Loading file: warnings_20260518_00.txt
[2026-05-17 19:40:59.177] [39395] [debug] [scwx::provider::warnings_provider] Loading file: warnings_20260518_00.txt
[2026-05-17 19:41:01.248] [43002] [debug] [scwx::provider::aws_level2_chunks_data_provider] Refresh() in 0.850000s
[2026-05-17 19:41:01.250] [39445] [debug] [scwx::qt::view::level2_product_view] Computing Sweep
[2026-05-17 19:41:01.250] [39445] [debug] [scwx::qt::view::level2_product_view] ComputeCoordinates()
[2026-05-17 19:41:01.251] [39450] [debug] [scwx::qt::view::level2_product_view] Computing Sweep
[2026-05-17 19:41:01.251] [39450] [debug] [scwx::qt::view::level2_product_view] ComputeCoordinates()
[2026-05-17 19:41:01.254] [39449] [debug] [scwx::qt::view::level2_product_view] Computing Sweep
[2026-05-17 19:41:01.254] [39449] [debug] [scwx::qt::view::level2_product_view] ComputeCoordinates()
[2026-05-17 19:41:01.308] [39445] [debug] [scwx::qt::view::level2_product_view] Coordinates calculated in 0.060000s
[2026-05-17 19:41:01.322] [39445] [debug] [scwx::qt::view::level2_product_view] Vertices calculated in 0.010000s
[2026-05-17 19:41:01.325] [39449] [debug] [scwx::qt::view::level2_product_view] Coordinates calculated in 0.080000s
[2026-05-17 19:41:01.336] [39450] [debug] [scwx::qt::view::level2_product_view] Coordinates calculated in 0.090000s
[2026-05-17 19:41:01.341] [39449] [debug] [scwx::qt::view::level2_product_view] Vertices calculated in 0.010000s
[2026-05-17 19:41:01.347] [39450] [debug] [scwx::qt::view::level2_product_view] Vertices calculated in 0.010000s
[2026-05-17 19:41:02.012] [39347] [debug] [scwx::qt::map::radar_product_layer] UpdateSweep()
[2026-05-17 19:41:02.015] [39347] [debug] [scwx::qt::map::radar_product_layer] Vertices buffered in 0.010000s
[2026-05-17 19:41:02.015] [39347] [debug] [scwx::qt::map::radar_product_layer] Data moments buffered in 0.000000s
[2026-05-17 19:41:02.017] [39347] [debug] [scwx::qt::map::radar_product_layer] UpdateSweep()
[2026-05-17 19:41:02.018] [39347] [debug] [scwx::qt::map::radar_product_layer] Vertices buffered in 0.000000s
[2026-05-17 19:41:02.019] [39347] [debug] [scwx::qt::map::radar_product_layer] Data moments buffered in 0.000000s
[2026-05-17 19:41:02.020] [39347] [debug] [scwx::qt::map::radar_product_layer] UpdateSweep()
[2026-05-17 19:41:02.024] [39347] [debug] [scwx::qt::map::radar_product_layer] Vertices buffered in 0.000000s
[2026-05-17 19:41:02.024] [39347] [debug] [scwx::qt::map::radar_product_layer] Data moments buffered in 0.000000s
[2026-05-17 19:41:02.025] [39347] [debug] [scwx::qt::map::radar_product_layer] CFP moments buffered in 0.010000s
[2026-05-17 19:41:04.393] [43003] [debug] [scwx::provider::aws_level2_chunks_data_provider] Refresh() in 0.140000s
[2026-05-17 19:41:04.394] [39445] [debug] [scwx::qt::view::level2_product_view] Computing Sweep
[2026-05-17 19:41:04.394] [39445] [debug] [scwx::qt::view::level2_product_view] ComputeCoordinates()
[2026-05-17 19:41:04.396] [39450] [debug] [scwx::qt::view::level2_product_view] Computing Sweep
[2026-05-17 19:41:04.396] [39450] [debug] [scwx::qt::view::level2_product_view] ComputeCoordinates()
[2026-05-17 19:41:04.396] [39449] [debug] [scwx::qt::view::level2_product_view] Computing Sweep
[2026-05-17 19:41:04.396] [39449] [debug] [scwx::qt::view::level2_product_view] ComputeCoordinates()
[2026-05-17 19:41:04.459] [39445] [debug] [scwx::qt::view::level2_product_view] Coordinates calculated in 0.060000s
[2026-05-17 19:41:04.472] [39449] [debug] [scwx::qt::view::level2_product_view] Coordinates calculated in 0.070000s
[2026-05-17 19:41:04.480] [39450] [debug] [scwx::qt::view::level2_product_view] Coordinates calculated in 0.080000s
[2026-05-17 19:41:04.486] [39445] [debug] [scwx::qt::view::level2_product_view] Vertices calculated in 0.030000s
[2026-05-17 19:41:04.486] [39449] [debug] [scwx::qt::view::level2_product_view] Vertices calculated in 0.020000s
[2026-05-17 19:41:04.492] [39450] [debug] [scwx::qt::view::level2_product_view] Vertices calculated in 0.010000s
[2026-05-17 19:41:05.011] [39347] [debug] [scwx::qt::map::radar_product_layer] UpdateSweep()
[2026-05-17 19:41:05.015] [39347] [debug] [scwx::qt::map::radar_product_layer] Vertices buffered in 0.010000s
[2026-05-17 19:41:05.016] [39347] [debug] [scwx::qt::map::radar_product_layer] Data moments buffered in 0.000000s
[2026-05-17 19:41:05.018] [39347] [debug] [scwx::qt::map::radar_product_layer] UpdateSweep()
[2026-05-17 19:41:05.018] [39347] [debug] [scwx::qt::map::radar_product_layer] Vertices buffered in 0.000000s
[2026-05-17 19:41:05.019] [39347] [debug] [scwx::qt::map::radar_product_layer] Data moments buffered in 0.000000s
[2026-05-17 19:41:05.020] [39347] [debug] [scwx::qt::map::radar_product_layer] UpdateSweep()
[2026-05-17 19:41:05.024] [39347] [debug] [scwx::qt::map::radar_product_layer] Vertices buffered in 0.000000s
[2026-05-17 19:41:05.024] [39347] [debug] [scwx::qt::map::radar_product_layer] Data moments buffered in 0.000000s
[2026-05-17 19:41:05.025] [39347] [debug] [scwx::qt::map::radar_product_layer] CFP moments buffered in 0.010000s
[2026-05-17 19:41:07.561] [43002] [debug] [scwx::provider::aws_level2_chunks_data_provider] Refresh() in 0.170000s
[2026-05-17 19:41:07.561] [39449] [debug] [scwx::qt::view::level2_product_view] Computing Sweep
[2026-05-17 19:41:07.561] [39449] [debug] [scwx::qt::view::level2_product_view] ComputeCoordinates()
[2026-05-17 19:41:07.567] [39450] [debug] [scwx::qt::view::level2_product_view] Computing Sweep
[2026-05-17 19:41:07.567] [39450] [debug] [scwx::qt::view::level2_product_view] ComputeCoordinates()
[2026-05-17 19:41:07.570] [39445] [debug] [scwx::qt::view::level2_product_view] Computing Sweep
[2026-05-17 19:41:07.570] [39445] [debug] [scwx::qt::view::level2_product_view] ComputeCoordinates()
[2026-05-17 19:41:07.626] [39449] [debug] [scwx::qt::view::level2_product_view] Coordinates calculated in 0.070000s
[2026-05-17 19:41:07.644] [39450] [debug] [scwx::qt::view::level2_product_view] Coordinates calculated in 0.070000s
[2026-05-17 19:41:07.645] [39445] [debug] [scwx::qt::view::level2_product_view] Coordinates calculated in 0.080000s
[2026-05-17 19:41:07.653] [39449] [debug] [scwx::qt::view::level2_product_view] Vertices calculated in 0.020000s
[2026-05-17 19:41:07.660] [39450] [debug] [scwx::qt::view::level2_product_view] Vertices calculated in 0.020000s
[2026-05-17 19:41:07.663] [39445] [debug] [scwx::qt::view::level2_product_view] Vertices calculated in 0.010000s
[2026-05-17 19:41:08.012] [39347] [debug] [scwx::qt::map::radar_product_layer] UpdateSweep()
[2026-05-17 19:41:08.015] [39347] [debug] [scwx::qt::map::radar_product_layer] Vertices buffered in 0.010000s
[2026-05-17 19:41:08.016] [39347] [debug] [scwx::qt::map::radar_product_layer] Data moments buffered in 0.000000s
[2026-05-17 19:41:08.017] [39347] [debug] [scwx::qt::map::radar_product_layer] UpdateSweep()
[2026-05-17 19:41:08.018] [39347] [debug] [scwx::qt::map::radar_product_layer] Vertices buffered in 0.000000s
[2026-05-17 19:41:08.019] [39347] [debug] [scwx::qt::map::radar_product_layer] Data moments buffered in 0.000000s
[2026-05-17 19:41:08.020] [39347] [debug] [scwx::qt::map::radar_product_layer] UpdateSweep()
[2026-05-17 19:41:08.024] [39347] [debug] [scwx::qt::map::radar_product_layer] Vertices buffered in 0.000000s
[2026-05-17 19:41:08.024] [39347] [debug] [scwx::qt::map::radar_product_layer] Data moments buffered in 0.000000s
[2026-05-17 19:41:08.025] [39347] [debug] [scwx::qt::map::radar_product_layer] CFP moments buffered in 0.010000s
[2026-05-17 19:41:10.712] [43003] [debug] [scwx::provider::aws_level2_chunks_data_provider] Refresh() in 0.150000s
[2026-05-17 19:41:10.713] [39446] [debug] [scwx::qt::view::level2_product_view] Computing Sweep
[2026-05-17 19:41:10.713] [39446] [debug] [scwx::qt::view::level2_product_view] ComputeCoordinates()
[2026-05-17 19:41:10.741] [39446] [debug] [scwx::qt::view::level2_product_view] Coordinates calculated in 0.030000s
[2026-05-17 19:41:10.748] [39446] [debug] [scwx::qt::view::level2_product_view] Vertices calculated in 0.010000s
[2026-05-17 19:41:11.011] [39347] [debug] [scwx::qt::map::radar_product_layer] UpdateSweep()
[2026-05-17 19:41:11.013] [39347] [debug] [scwx::qt::map::radar_product_layer] Vertices buffered in 0.000000s
[2026-05-17 19:41:11.014] [39347] [debug] [scwx::qt::map::radar_product_layer] Data moments buffered in 0.000000s
[2026-05-17 19:41:14.686] [39394] [debug] [scwx::provider::warnings_provider] Loading file: warnings_20260518_00.txt
[2026-05-17 19:41:19.199] [39370] [debug] [scwx::network::ntp_client] Time offset updated: -0d 00:00:00.001392641
[2026-05-17 19:41:23.073] [39372] [debug] [scwx::provider::nws_api_provider] GetRadarStations
[2026-05-17 19:41:30.195] [39395] [debug] [scwx::provider::warnings_provider] Loading file: warnings_20260518_00.txt
[2026-05-17 19:41:31.531] [43003] [debug] [scwx::provider::aws_level2_chunks_data_provider] Refresh() in 0.820000s
[2026-05-17 19:41:31.532] [39446] [debug] [scwx::qt::view::level2_product_view] Computing Sweep
[2026-05-17 19:41:31.532] [39446] [debug] [scwx::qt::view::level2_product_view] ComputeCoordinates()
[2026-05-17 19:41:31.561] [39446] [debug] [scwx::qt::view::level2_product_view] Coordinates calculated in 0.030000s
[2026-05-17 19:41:31.569] [39446] [debug] [scwx::qt::view::level2_product_view] Vertices calculated in 0.010000s
[2026-05-17 19:41:32.011] [39347] [debug] [scwx::qt::map::radar_product_layer] UpdateSweep()
[2026-05-17 19:41:32.013] [39347] [debug] [scwx::qt::map::radar_product_layer] Vertices buffered in 0.000000s
[2026-05-17 19:41:32.014] [39347] [debug] [scwx::qt::map::radar_product_layer] Data moments buffered in 0.000000s
[2026-05-17 19:41:37.149] [43002] [debug] [scwx::provider::aws_level2_chunks_data_provider] Refresh() in 0.150000s
[2026-05-17 19:41:40.311] [43003] [debug] [scwx::provider::aws_level2_chunks_data_provider] Refresh() in 0.160000s
[2026-05-17 19:41:45.148] [43002] [debug] [scwx::provider::aws_level2_chunks_data_provider] Refresh() in 0.150000s
[2026-05-17 19:41:45.712] [39394] [debug] [scwx::provider::warnings_provider] Loading file: warnings_20260518_00.txt
[2026-05-17 19:41:50.152] [43003] [debug] [scwx::provider::aws_level2_chunks_data_provider] Refresh() in 0.150000s
[2026-05-17 19:41:55.151] [43002] [debug] [scwx::provider::aws_level2_chunks_data_provider] Refresh() in 0.150000s
[2026-05-17 19:41:58.299] [43003] [debug] [scwx::provider::aws_level2_chunks_data_provider] Refresh() in 0.150000s
[2026-05-17 19:42:16.520] [39394] [debug] [scwx::provider::warnings_provider] Loading file: warnings_20260518_00.txt
[2026-05-17 19:42:18.995] [43003] [debug] [scwx::provider::aws_level2_chunks_data_provider] Refresh() in 0.700000s
[2026-05-17 19:42:22.145] [43002] [debug] [scwx::provider::aws_level2_chunks_data_provider] Refresh() in 0.150000s
[2026-05-17 19:42:23.200] [39372] [debug] [scwx::provider::nws_api_provider] GetRadarStations
[2026-05-17 19:42:23.231] [39371] [debug] [scwx::network::ntp_client] Time offset updated: -0d 00:00:00.001377212
[2026-05-17 19:42:26.142] [43003] [debug] [scwx::provider::aws_level2_chunks_data_provider] Refresh() in 0.140000s
[2026-05-17 19:42:32.025] [39395] [debug] [scwx::provider::warnings_provider] Loading file: warnings_20260518_00.txt
[2026-05-17 19:42:46.890] [43002] [debug] [scwx::provider::aws_level2_chunks_data_provider] Refresh() in 0.750000s
[2026-05-17 19:43:07.512] [43003] [debug] [scwx::provider::aws_level2_chunks_data_provider] Refresh() in 0.620000s
[2026-05-17 19:43:18.161] [39394] [debug] [scwx::provider::warnings_provider] Loading file: warnings_20260518_00.txt
[2026-05-17 19:43:23.310] [39372] [debug] [scwx::provider::nws_api_provider] GetRadarStations
[2026-05-17 19:43:27.261] [39370] [debug] [scwx::network::ntp_client] Time offset updated: -0d 00:00:00.005628814
[2026-05-17 19:43:27.968] [43002] [debug] [scwx::provider::aws_level2_chunks_data_provider] Refresh() in 0.460000s
[2026-05-17 19:43:31.295] [69525] [debug] [scwx::wsr88d::ar2v_file] Loading Data
[2026-05-17 19:43:31.295] [69525] [debug] [scwx::wsr88d::ar2v_file] Filename:  AR2V0006.
[2026-05-17 19:43:31.295] [69525] [debug] [scwx::wsr88d::ar2v_file] Extension: 215
[2026-05-17 19:43:31.295] [69525] [debug] [scwx::wsr88d::ar2v_file] Date:      20592 (2026-05-18)
[2026-05-17 19:43:31.295] [69525] [debug] [scwx::wsr88d::ar2v_file] Time:      2601119 (00:43:21.119000000)
[2026-05-17 19:43:31.295] [69525] [debug] [scwx::wsr88d::ar2v_file] ICAO:      KUEX
[2026-05-17 19:43:31.649] [43003] [debug] [scwx::provider::aws_level2_chunks_data_provider] Refresh() in 0.680000s
[2026-05-17 19:43:31.651] [39445] [debug] [scwx::qt::view::level2_product_view] Computing Sweep
[2026-05-17 19:43:31.651] [39445] [debug] [scwx::qt::view::level2_product_view] ComputeCoordinates()
[2026-05-17 19:43:31.651] [39449] [debug] [scwx::qt::view::level2_product_view] Computing Sweep
[2026-05-17 19:43:31.651] [39449] [debug] [scwx::qt::view::level2_product_view] ComputeCoordinates()
[2026-05-17 19:43:31.655] [39450] [debug] [scwx::qt::view::level2_product_view] Computing Sweep
[2026-05-17 19:43:31.655] [39450] [debug] [scwx::qt::view::level2_product_view] ComputeCoordinates()
[2026-05-17 19:43:31.708] [39445] [debug] [scwx::qt::view::level2_product_view] Coordinates calculated in 0.060000s
[2026-05-17 19:43:31.722] [39445] [debug] [scwx::qt::view::level2_product_view] Vertices calculated in 0.010000s
[2026-05-17 19:43:31.728] [39449] [debug] [scwx::qt::view::level2_product_view] Coordinates calculated in 0.080000s
[2026-05-17 19:43:31.730] [39450] [debug] [scwx::qt::view::level2_product_view] Coordinates calculated in 0.070000s
[2026-05-17 19:43:31.740] [39449] [debug] [scwx::qt::view::level2_product_view] Vertices calculated in 0.010000s
[2026-05-17 19:43:31.743] [39450] [debug] [scwx::qt::view::level2_product_view] Vertices calculated in 0.010000s
[2026-05-17 19:43:31.955] [39347] [debug] [scwx::qt::map::radar_product_layer] UpdateSweep()
[2026-05-17 19:43:31.958] [39347] [debug] [scwx::qt::map::radar_product_layer] Vertices buffered in 0.000000s
[2026-05-17 19:43:31.959] [39347] [debug] [scwx::qt::map::radar_product_layer] Data moments buffered in 0.000000s
[2026-05-17 19:43:31.961] [39347] [debug] [scwx::qt::map::radar_product_layer] UpdateSweep()
[2026-05-17 19:43:31.962] [39347] [debug] [scwx::qt::map::radar_product_layer] Vertices buffered in 0.000000s
[2026-05-17 19:43:31.962] [39347] [debug] [scwx::qt::map::radar_product_layer] Data moments buffered in 0.000000s
[2026-05-17 19:43:31.963] [39347] [debug] [scwx::qt::map::radar_product_layer] UpdateSweep()
[2026-05-17 19:43:31.967] [39347] [debug] [scwx::qt::map::radar_product_layer] Vertices buffered in 0.010000s
[2026-05-17 19:43:31.967] [39347] [debug] [scwx::qt::map::radar_product_layer] Data moments buffered in 0.000000s
[2026-05-17 19:43:31.968] [39347] [debug] [scwx::qt::map::radar_product_layer] CFP moments buffered in 0.000000s
[2026-05-17 19:43:33.664] [39395] [debug] [scwx::provider::warnings_provider] Loading file: warnings_20260518_00.txt
[2026-05-17 19:43:42.000] [43001] [debug] [scwx::provider::aws_nexrad_data_provider] Refresh()
[2026-05-17 19:43:42.000] [43001] [debug] [scwx::provider::aws_nexrad_data_provider] ListObjects: 2026/05/18/KUEX/
[2026-05-17 19:43:42.245] [43001] [debug] [scwx::provider::aws_nexrad_data_provider] Found 7 objects
[2026-05-17 19:43:42.245] [43001] [debug] [scwx::provider::aws_nexrad_data_provider] FindLatestKey()
[2026-05-17 19:43:42.245] [42999] [debug] [scwx::provider::aws_nexrad_data_provider] FindKey: 2026-05-18 00:38:20 UTC
[2026-05-17 19:43:42.746] [42999] [debug] [scwx::wsr88d::ar2v_file] Loading Data
[2026-05-17 19:43:42.746] [42999] [debug] [scwx::wsr88d::ar2v_file] Filename:  AR2V0006.
[2026-05-17 19:43:42.746] [42999] [debug] [scwx::wsr88d::ar2v_file] Extension: 214
[2026-05-17 19:43:42.746] [42999] [debug] [scwx::wsr88d::ar2v_file] Date:      20592 (2026-05-18)
[2026-05-17 19:43:42.746] [42999] [debug] [scwx::wsr88d::ar2v_file] Time:      2300180 (00:38:20.180000000)
[2026-05-17 19:43:42.746] [42999] [debug] [scwx::wsr88d::ar2v_file] ICAO:      KUEX
[2026-05-17 19:43:43.459] [42998] [debug] [scwx::qt::manager::radar_product_manager] Level 2 product previously loaded, loading from cache
[2026-05-17 19:43:43.459] [42996] [debug] [scwx::qt::manager::radar_product_manager] Level 2 product previously loaded, loading from cache
[2026-05-17 19:43:43.459] [42997] [debug] [scwx::qt::manager::radar_product_manager] Level 2 product previously loaded, loading from cache
[2026-05-17 19:43:43.460] [39449] [debug] [scwx::qt::view::level2_product_view] Computing Sweep
[2026-05-17 19:43:43.460] [39449] [debug] [scwx::qt::view::level2_product_view] ComputeCoordinates()
[2026-05-17 19:43:43.460] [39445] [debug] [scwx::qt::view::level2_product_view] Computing Sweep
[2026-05-17 19:43:43.460] [39445] [debug] [scwx::qt::view::level2_product_view] ComputeCoordinates()
[2026-05-17 19:43:43.463] [39450] [debug] [scwx::qt::view::level2_product_view] Computing Sweep
[2026-05-17 19:43:43.463] [39450] [debug] [scwx::qt::view::level2_product_view] ComputeCoordinates()
[2026-05-17 19:43:43.528] [39449] [debug] [scwx::qt::view::level2_product_view] Coordinates calculated in 0.070000s
[2026-05-17 19:43:43.538] [39449] [debug] [scwx::qt::view::level2_product_view] Vertices calculated in 0.010000s
[2026-05-17 19:43:43.538] [39445] [debug] [scwx::qt::view::level2_product_view] Coordinates calculated in 0.080000s
[2026-05-17 19:43:43.545] [39450] [debug] [scwx::qt::view::level2_product_view] Coordinates calculated in 0.090000s
[2026-05-17 19:43:43.554] [39445] [debug] [scwx::qt::view::level2_product_view] Vertices calculated in 0.010000s
[2026-05-17 19:43:43.558] [39450] [debug] [scwx::qt::view::level2_product_view] Vertices calculated in 0.010000s
[2026-05-17 19:43:43.955] [39347] [debug] [scwx::qt::map::radar_product_layer] UpdateSweep()
[2026-05-17 19:43:43.956] [39347] [debug] [scwx::qt::map::radar_product_layer] Vertices buffered in 0.000000s
[2026-05-17 19:43:43.956] [39347] [debug] [scwx::qt::map::radar_product_layer] Data moments buffered in 0.000000s
[2026-05-17 19:43:43.958] [39347] [debug] [scwx::qt::map::radar_product_layer] UpdateSweep()
[2026-05-17 19:43:43.959] [39347] [debug] [scwx::qt::map::radar_product_layer] Vertices buffered in 0.000000s
[2026-05-17 19:43:43.959] [39347] [debug] [scwx::qt::map::radar_product_layer] Data moments buffered in 0.000000s
[2026-05-17 19:43:43.960] [39347] [debug] [scwx::qt::map::radar_product_layer] UpdateSweep()
[2026-05-17 19:43:43.961] [39347] [debug] [scwx::qt::map::radar_product_layer] Vertices buffered in 0.000000s
[2026-05-17 19:43:43.961] [39347] [debug] [scwx::qt::map::radar_product_layer] Data moments buffered in 0.000000s
[2026-05-17 19:43:43.961] [39347] [debug] [scwx::qt::map::radar_product_layer] CFP moments buffered in 0.000000s
[2026-05-17 19:43:49.175] [39394] [debug] [scwx::provider::warnings_provider] Loading file: warnings_20260518_00.txt
[2026-05-17 19:43:52.465] [43003] [debug] [scwx::provider::aws_level2_chunks_data_provider] Refresh() in 0.820000s
[2026-05-17 19:43:52.465] [39445] [debug] [scwx::qt::view::level2_product_view] Computing Sweep
[2026-05-17 19:43:52.465] [39445] [debug] [scwx::qt::view::level2_product_view] ComputeCoordinates()
[2026-05-17 19:43:52.466] [39446] [debug] [scwx::qt::view::level2_product_view] Computing Sweep
[2026-05-17 19:43:52.466] [39446] [debug] [scwx::qt::view::level2_product_view] ComputeCoordinates()
[2026-05-17 19:43:52.467] [39449] [debug] [scwx::qt::view::level2_product_view] Computing Sweep
[2026-05-17 19:43:52.467] [39449] [debug] [scwx::qt::view::level2_product_view] ComputeCoordinates()
[2026-05-17 19:43:52.472] [39450] [debug] [scwx::qt::view::level2_product_view] Computing Sweep
[2026-05-17 19:43:52.472] [39450] [debug] [scwx::qt::view::level2_product_view] ComputeCoordinates()
[2026-05-17 19:43:52.534] [39445] [debug] [scwx::qt::view::level2_product_view] Coordinates calculated in 0.060000s
[2026-05-17 19:43:52.554] [39445] [debug] [scwx::qt::view::level2_product_view] Vertices calculated in 0.020000s
[2026-05-17 19:43:52.560] [39446] [debug] [scwx::qt::view::level2_product_view] Coordinates calculated in 0.090000s
[2026-05-17 19:43:52.571] [39449] [debug] [scwx::qt::view::level2_product_view] Coordinates calculated in 0.100000s
[2026-05-17 19:43:52.572] [39446] [debug] [scwx::qt::view::level2_product_view] Vertices calculated in 0.010000s
[2026-05-17 19:43:52.575] [39450] [debug] [scwx::qt::view::level2_product_view] Coordinates calculated in 0.110000s
[2026-05-17 19:43:52.583] [39449] [debug] [scwx::qt::view::level2_product_view] Vertices calculated in 0.010000s
[2026-05-17 19:43:52.586] [39450] [debug] [scwx::qt::view::level2_product_view] Vertices calculated in 0.010000s
[2026-05-17 19:43:52.959] [39347] [debug] [scwx::qt::map::radar_product_layer] UpdateSweep()
[2026-05-17 19:43:52.963] [39347] [debug] [scwx::qt::map::radar_product_layer] Vertices buffered in 0.000000s
[2026-05-17 19:43:52.964] [39347] [debug] [scwx::qt::map::radar_product_layer] Data moments buffered in 0.000000s
[2026-05-17 19:43:52.966] [39347] [debug] [scwx::qt::map::radar_product_layer] UpdateSweep()
[2026-05-17 19:43:52.967] [39347] [debug] [scwx::qt::map::radar_product_layer] Vertices buffered in 0.000000s
[2026-05-17 19:43:52.968] [39347] [debug] [scwx::qt::map::radar_product_layer] Data moments buffered in 0.000000s
[2026-05-17 19:43:52.970] [39347] [debug] [scwx::qt::map::radar_product_layer] UpdateSweep()
[2026-05-17 19:43:52.971] [39347] [debug] [scwx::qt::map::radar_product_layer] Vertices buffered in 0.000000s
[2026-05-17 19:43:52.971] [39347] [debug] [scwx::qt::map::radar_product_layer] Data moments buffered in 0.000000s
[2026-05-17 19:43:52.973] [39347] [debug] [scwx::qt::map::radar_product_layer] UpdateSweep()
[2026-05-17 19:43:52.976] [39347] [debug] [scwx::qt::map::radar_product_layer] Vertices buffered in 0.010000s
[2026-05-17 19:43:52.977] [39347] [debug] [scwx::qt::map::radar_product_layer] Data moments buffered in 0.000000s
[2026-05-17 19:43:52.977] [39347] [debug] [scwx::qt::map::radar_product_layer] CFP moments buffered in 0.000000s
[2026-05-17 19:44:04.001] [43004] [debug] [scwx::provider::aws_nexrad_data_provider] Refresh()
[2026-05-17 19:44:04.001] [43004] [debug] [scwx::provider::aws_nexrad_data_provider] ListObjects: UEX_NST_2026_05_18_
[2026-05-17 19:44:04.206] [43004] [debug] [scwx::provider::aws_nexrad_data_provider] Found 7 objects
[2026-05-17 19:44:04.206] [43004] [debug] [scwx::provider::aws_nexrad_data_provider] FindLatestKey()
[2026-05-17 19:44:04.206] [39347] [debug] [scwx::qt::view::overlay_product_view] Load Product: NST, 2026-05-18 00:38:20 UTC, true
[2026-05-17 19:44:04.206] [39347] [debug] [scwx::qt::view::overlay_product_view] Load Product: NST, 2026-05-18 00:38:20 UTC, true
[2026-05-17 19:44:04.206] [39347] [debug] [scwx::qt::view::overlay_product_view] Load Product: NST, 2026-05-18 00:38:20 UTC, true
[2026-05-17 19:44:04.206] [39347] [debug] [scwx::qt::view::overlay_product_view] Load Product: NST, 2026-05-18 00:38:20 UTC, true
[2026-05-17 19:44:04.206] [39433] [debug] [scwx::qt::manager::radar_product_manager] LoadLevel3Data: 2026-05-18 00:38:20 UTC
[2026-05-17 19:44:04.206] [39437] [debug] [scwx::qt::manager::radar_product_manager] LoadLevel3Data: 2026-05-18 00:38:20 UTC
[2026-05-17 19:44:04.206] [39409] [debug] [scwx::qt::manager::radar_product_manager] LoadLevel3Data: 2026-05-18 00:38:20 UTC
[2026-05-17 19:44:04.206] [39441] [debug] [scwx::qt::manager::radar_product_manager] LoadLevel3Data: 2026-05-18 00:38:20 UTC
[2026-05-17 19:44:04.206] [42999] [debug] [scwx::provider::aws_nexrad_data_provider] FindKey: 2026-05-18 00:38:20 UTC
[2026-05-17 19:44:04.279] [42999] [debug] [scwx::wsr88d::level3_file] Loading Data
[2026-05-17 19:44:04.279] [42999] [debug] [scwx::wsr88d::level3_file] Data Type: SD
[2026-05-17 19:44:04.279] [42999] [debug] [scwx::wsr88d::level3_file] ICAO:      KGID
[2026-05-17 19:44:04.279] [42999] [debug] [scwx::wsr88d::level3_file] Date/Time: 180038
[2026-05-17 19:44:04.279] [42999] [debug] [scwx::wsr88d::level3_file] Category:  NST
[2026-05-17 19:44:04.279] [42999] [debug] [scwx::wsr88d::level3_file] Site ID:   UEX
[2026-05-17 19:44:04.279] [42999] [debug] [scwx::wsr88d::rpg::level3_message_factory] Found Message 58
[2026-05-17 19:44:04.279] [42999] [debug] [scwx::wsr88d::rpg::graphic_product_message] Loading Blocks
[2026-05-17 19:44:04.279] [42999] [debug] [scwx::wsr88d::rpg::graphic_product_message] Product symbology block valid: true
[2026-05-17 19:44:04.279] [42999] [debug] [scwx::wsr88d::rpg::graphic_product_message] Graphic alphanumeric block valid: true
[2026-05-17 19:44:04.279] [42999] [debug] [scwx::wsr88d::rpg::graphic_product_message] Tabular alphanumeric block valid: true
[2026-05-17 19:44:04.279] [42998] [debug] [scwx::qt::manager::radar_product_manager] Level 3 product previously loaded, loading from cache
[2026-05-17 19:44:04.279] [42996] [debug] [scwx::qt::manager::radar_product_manager] Level 3 product previously loaded, loading from cache
[2026-05-17 19:44:04.279] [42997] [debug] [scwx::qt::manager::radar_product_manager] Level 3 product previously loaded, loading from cache
[2026-05-17 19:44:04.690] [39395] [debug] [scwx::provider::warnings_provider] Loading file: warnings_20260518_00.txt
[2026-05-17 19:44:13.203] [43002] [debug] [scwx::provider::aws_level2_chunks_data_provider] Refresh() in 0.730000s
[2026-05-17 19:44:13.205] [39446] [debug] [scwx::qt::view::level2_product_view] Computing Sweep
[2026-05-17 19:44:13.205] [39446] [debug] [scwx::qt::view::level2_product_view] ComputeCoordinates()
[2026-05-17 19:44:13.231] [39446] [debug] [scwx::qt::view::level2_product_view] Coordinates calculated in 0.020000s
[2026-05-17 19:44:13.238] [39446] [debug] [scwx::qt::view::level2_product_view] Vertices calculated in 0.010000s
[2026-05-17 19:44:13.955] [39347] [debug] [scwx::qt::map::radar_product_layer] UpdateSweep()
[2026-05-17 19:44:13.957] [39347] [debug] [scwx::qt::map::radar_product_layer] Vertices buffered in 0.000000s
[2026-05-17 19:44:13.958] [39347] [debug] [scwx::qt::map::radar_product_layer] Data moments buffered in 0.000000s
[2026-05-17 19:44:16.472] [43003] [debug] [scwx::provider::aws_level2_chunks_data_provider] Refresh() in 0.270000s
[2026-05-17 19:44:23.427] [39372] [debug] [scwx::provider::nws_api_provider] GetRadarStations
[2026-05-17 19:44:31.291] [39371] [debug] [scwx::network::ntp_client] Time offset updated: -0d 00:00:00.001568955
[2026-05-17 19:44:37.232] [43002] [debug] [scwx::provider::aws_level2_chunks_data_provider] Refresh() in 0.760000s
[2026-05-17 19:44:41.146] [43002] [debug] [scwx::provider::aws_level2_chunks_data_provider] Refresh() in 0.150000s
[2026-05-17 19:44:45.149] [43003] [debug] [scwx::provider::aws_level2_chunks_data_provider] Refresh() in 0.150000s
[2026-05-17 19:44:49.151] [43002] [debug] [scwx::provider::aws_level2_chunks_data_provider] Refresh() in 0.150000s
[2026-05-17 19:44:50.843] [39394] [debug] [scwx::provider::warnings_provider] Loading file: warnings_20260518_00.txt
[2026-05-17 19:44:53.291] [43002] [debug] [scwx::provider::aws_level2_chunks_data_provider] Refresh() in 0.290000s
[2026-05-17 19:45:06.343] [39395] [debug] [scwx::provider::warnings_provider] Loading file: warnings_20260518_00.txt
[2026-05-17 19:45:14.225] [43003] [debug] [scwx::provider::aws_level2_chunks_data_provider] Refresh() in 0.940000s
[2026-05-17 19:45:18.148] [43003] [debug] [scwx::provider::aws_level2_chunks_data_provider] Refresh() in 0.150000s
[2026-05-17 19:45:21.897] [39394] [debug] [scwx::provider::warnings_provider] Loading file: warnings_20260518_00.txt
[2026-05-17 19:45:22.140] [43003] [debug] [scwx::provider::aws_level2_chunks_data_provider] Refresh() in 0.140000s
[2026-05-17 19:45:23.526] [39372] [debug] [scwx::provider::nws_api_provider] GetRadarStations
[2026-05-17 19:45:26.149] [43002] [debug] [scwx::provider::aws_level2_chunks_data_provider] Refresh() in 0.150000s
[2026-05-17 19:45:30.158] [43002] [debug] [scwx::provider::aws_level2_chunks_data_provider] Refresh() in 0.160000s
[2026-05-17 19:45:35.324] [39370] [debug] [scwx::network::ntp_client] Time offset updated: -0d 00:00:00.001091627
[2026-05-17 19:45:37.418] [39395] [debug] [scwx::provider::warnings_provider] Loading file: warnings_20260518_00.txt
[2026-05-17 19:45:50.903] [43003] [debug] [scwx::provider::aws_level2_chunks_data_provider] Refresh() in 0.740000s
[2026-05-17 19:45:52.921] [39394] [debug] [scwx::provider::warnings_provider] Loading file: warnings_20260518_00.txt
[2026-05-17 19:45:55.135] [43002] [debug] [scwx::provider::aws_level2_chunks_data_provider] Refresh() in 0.140000s
[2026-05-17 19:46:00.159] [43003] [debug] [scwx::provider::aws_level2_chunks_data_provider] Refresh() in 0.160000s
[2026-05-17 19:46:03.305] [43003] [debug] [scwx::provider::aws_level2_chunks_data_provider] Refresh() in 0.150000s
[2026-05-17 19:46:23.636] [39372] [debug] [scwx::provider::nws_api_provider] GetRadarStations
[2026-05-17 19:46:23.753] [39394] [debug] [scwx::provider::warnings_provider] Loading file: warnings_20260518_00.txt
[2026-05-17 19:46:24.184] [43002] [debug] [scwx::provider::aws_level2_chunks_data_provider] Refresh() in 0.870000s
[2026-05-17 19:46:24.185] [39449] [debug] [scwx::qt::view::level2_product_view] Computing Sweep
[2026-05-17 19:46:24.185] [39449] [debug] [scwx::qt::view::level2_product_view] ComputeCoordinates()
[2026-05-17 19:46:24.187] [39445] [debug] [scwx::qt::view::level2_product_view] Computing Sweep
[2026-05-17 19:46:24.187] [39445] [debug] [scwx::qt::view::level2_product_view] ComputeCoordinates()
[2026-05-17 19:46:24.189] [39450] [debug] [scwx::qt::view::level2_product_view] Computing Sweep
[2026-05-17 19:46:24.189] [39450] [debug] [scwx::qt::view::level2_product_view] ComputeCoordinates()
[2026-05-17 19:46:24.236] [39449] [debug] [scwx::qt::view::level2_product_view] Coordinates calculated in 0.050000s
[2026-05-17 19:46:24.246] [39449] [debug] [scwx::qt::view::level2_product_view] Vertices calculated in 0.010000s
[2026-05-17 19:46:24.257] [39450] [debug] [scwx::qt::view::level2_product_view] Coordinates calculated in 0.070000s
[2026-05-17 19:46:24.265] [39445] [debug] [scwx::qt::view::level2_product_view] Coordinates calculated in 0.080000s
[2026-05-17 19:46:24.272] [39450] [debug] [scwx::qt::view::level2_product_view] Vertices calculated in 0.010000s
[2026-05-17 19:46:24.280] [39445] [debug] [scwx::qt::view::level2_product_view] Vertices calculated in 0.010000s
[2026-05-17 19:46:24.938] [39347] [debug] [scwx::qt::map::radar_product_layer] UpdateSweep()
[2026-05-17 19:46:24.942] [39347] [debug] [scwx::qt::map::radar_product_layer] Vertices buffered in 0.000000s
[2026-05-17 19:46:24.942] [39347] [debug] [scwx::qt::map::radar_product_layer] Data moments buffered in 0.000000s
[2026-05-17 19:46:24.944] [39347] [debug] [scwx::qt::map::radar_product_layer] UpdateSweep()
[2026-05-17 19:46:24.945] [39347] [debug] [scwx::qt::map::radar_product_layer] Vertices buffered in 0.010000s
[2026-05-17 19:46:24.945] [39347] [debug] [scwx::qt::map::radar_product_layer] Data moments buffered in 0.000000s
[2026-05-17 19:46:24.947] [39347] [debug] [scwx::qt::map::radar_product_layer] UpdateSweep()
[2026-05-17 19:46:24.950] [39347] [debug] [scwx::qt::map::radar_product_layer] Vertices buffered in 0.000000s
[2026-05-17 19:46:24.950] [39347] [debug] [scwx::qt::map::radar_product_layer] Data moments buffered in 0.000000s
[2026-05-17 19:46:24.951] [39347] [debug] [scwx::qt::map::radar_product_layer] CFP moments buffered in 0.000000s
[2026-05-17 19:46:27.339] [43002] [debug] [scwx::provider::aws_level2_chunks_data_provider] Refresh() in 0.160000s
[2026-05-17 19:46:27.340] [39445] [debug] [scwx::qt::view::level2_product_view] Computing Sweep
[2026-05-17 19:46:27.340] [39445] [debug] [scwx::qt::view::level2_product_view] ComputeCoordinates()
[2026-05-17 19:46:27.341] [39450] [debug] [scwx::qt::view::level2_product_view] Computing Sweep
[2026-05-17 19:46:27.341] [39450] [debug] [scwx::qt::view::level2_product_view] ComputeCoordinates()
[2026-05-17 19:46:27.346] [39449] [debug] [scwx::qt::view::level2_product_view] Computing Sweep
[2026-05-17 19:46:27.346] [39449] [debug] [scwx::qt::view::level2_product_view] ComputeCoordinates()
[2026-05-17 19:46:27.399] [39445] [debug] [scwx::qt::view::level2_product_view] Coordinates calculated in 0.060000s
[2026-05-17 19:46:27.413] [39450] [debug] [scwx::qt::view::level2_product_view] Coordinates calculated in 0.070000s
[2026-05-17 19:46:27.419] [39449] [debug] [scwx::qt::view::level2_product_view] Coordinates calculated in 0.070000s
[2026-05-17 19:46:27.428] [39445] [debug] [scwx::qt::view::level2_product_view] Vertices calculated in 0.030000s
[2026-05-17 19:46:27.429] [39450] [debug] [scwx::qt::view::level2_product_view] Vertices calculated in 0.020000s
[2026-05-17 19:46:27.432] [39449] [debug] [scwx::qt::view::level2_product_view] Vertices calculated in 0.010000s
[2026-05-17 19:46:27.938] [39347] [debug] [scwx::qt::map::radar_product_layer] UpdateSweep()
[2026-05-17 19:46:27.941] [39347] [debug] [scwx::qt::map::radar_product_layer] Vertices buffered in 0.000000s
[2026-05-17 19:46:27.942] [39347] [debug] [scwx::qt::map::radar_product_layer] Data moments buffered in 0.000000s
[2026-05-17 19:46:27.944] [39347] [debug] [scwx::qt::map::radar_product_layer] UpdateSweep()
[2026-05-17 19:46:27.945] [39347] [debug] [scwx::qt::map::radar_product_layer] Vertices buffered in 0.010000s
[2026-05-17 19:46:27.946] [39347] [debug] [scwx::qt::map::radar_product_layer] Data moments buffered in 0.000000s
[2026-05-17 19:46:27.948] [39347] [debug] [scwx::qt::map::radar_product_layer] UpdateSweep()
[2026-05-17 19:46:27.951] [39347] [debug] [scwx::qt::map::radar_product_layer] Vertices buffered in 0.000000s
[2026-05-17 19:46:27.952] [39347] [debug] [scwx::qt::map::radar_product_layer] Data moments buffered in 0.000000s
[2026-05-17 19:46:27.952] [39347] [debug] [scwx::qt::map::radar_product_layer] CFP moments buffered in 0.000000s
[2026-05-17 19:46:30.499] [43003] [debug] [scwx::provider::aws_level2_chunks_data_provider] Refresh() in 0.160000s
[2026-05-17 19:46:30.499] [39445] [debug] [scwx::qt::view::level2_product_view] Computing Sweep
[2026-05-17 19:46:30.499] [39445] [debug] [scwx::qt::view::level2_product_view] ComputeCoordinates()
[2026-05-17 19:46:30.500] [39449] [debug] [scwx::qt::view::level2_product_view] Computing Sweep
[2026-05-17 19:46:30.500] [39449] [debug] [scwx::qt::view::level2_product_view] ComputeCoordinates()
[2026-05-17 19:46:30.503] [39450] [debug] [scwx::qt::view::level2_product_view] Computing Sweep
[2026-05-17 19:46:30.503] [39450] [debug] [scwx::qt::view::level2_product_view] ComputeCoordinates()
[2026-05-17 19:46:30.548] [39445] [debug] [scwx::qt::view::level2_product_view] Coordinates calculated in 0.050000s
[2026-05-17 19:46:30.562] [39445] [debug] [scwx::qt::view::level2_product_view] Vertices calculated in 0.010000s
[2026-05-17 19:46:30.575] [39449] [debug] [scwx::qt::view::level2_product_view] Coordinates calculated in 0.080000s
[2026-05-17 19:46:30.579] [39450] [debug] [scwx::qt::view::level2_product_view] Coordinates calculated in 0.080000s
[2026-05-17 19:46:30.586] [39449] [debug] [scwx::qt::view::level2_product_view] Vertices calculated in 0.010000s
[2026-05-17 19:46:30.590] [39450] [debug] [scwx::qt::view::level2_product_view] Vertices calculated in 0.010000s
[2026-05-17 19:46:30.938] [39347] [debug] [scwx::qt::map::radar_product_layer] UpdateSweep()
[2026-05-17 19:46:30.941] [39347] [debug] [scwx::qt::map::radar_product_layer] Vertices buffered in 0.000000s
[2026-05-17 19:46:30.942] [39347] [debug] [scwx::qt::map::radar_product_layer] Data moments buffered in 0.000000s
[2026-05-17 19:46:30.944] [39347] [debug] [scwx::qt::map::radar_product_layer] UpdateSweep()
[2026-05-17 19:46:30.945] [39347] [debug] [scwx::qt::map::radar_product_layer] Vertices buffered in 0.010000s
[2026-05-17 19:46:30.945] [39347] [debug] [scwx::qt::map::radar_product_layer] Data moments buffered in 0.000000s
[2026-05-17 19:46:30.946] [39347] [debug] [scwx::qt::map::radar_product_layer] UpdateSweep()
[2026-05-17 19:46:30.950] [39347] [debug] [scwx::qt::map::radar_product_layer] Vertices buffered in 0.000000s
[2026-05-17 19:46:30.950] [39347] [debug] [scwx::qt::map::radar_product_layer] Data moments buffered in 0.000000s
[2026-05-17 19:46:30.951] [39347] [debug] [scwx::qt::map::radar_product_layer] CFP moments buffered in 0.000000s
[2026-05-17 19:46:33.644] [43002] [debug] [scwx::provider::aws_level2_chunks_data_provider] Refresh() in 0.140000s
[2026-05-17 19:46:33.645] [39446] [debug] [scwx::qt::view::level2_product_view] Computing Sweep
[2026-05-17 19:46:33.645] [39446] [debug] [scwx::qt::view::level2_product_view] ComputeCoordinates()
[2026-05-17 19:46:33.672] [39446] [debug] [scwx::qt::view::level2_product_view] Coordinates calculated in 0.020000s
[2026-05-17 19:46:33.679] [39446] [debug] [scwx::qt::view::level2_product_view] Vertices calculated in 0.010000s
[2026-05-17 19:46:33.938] [39347] [debug] [scwx::qt::map::radar_product_layer] UpdateSweep()
[2026-05-17 19:46:33.941] [39347] [debug] [scwx::qt::map::radar_product_layer] Vertices buffered in 0.000000s
[2026-05-17 19:46:33.941] [39347] [debug] [scwx::qt::map::radar_product_layer] Data moments buffered in 0.000000s
[2026-05-17 19:46:39.257] [39395] [debug] [scwx::provider::warnings_provider] Loading file: warnings_20260518_00.txt
[2026-05-17 19:46:39.354] [39371] [debug] [scwx::network::ntp_client] Time offset updated: -0d 00:00:00.004586635
[2026-05-17 19:46:54.399] [43003] [debug] [scwx::provider::aws_level2_chunks_data_provider] Refresh() in 0.760000s
[2026-05-17 19:46:54.399] [39446] [debug] [scwx::qt::view::level2_product_view] Computing Sweep
[2026-05-17 19:46:54.399] [39446] [debug] [scwx::qt::view::level2_product_view] ComputeCoordinates()
[2026-05-17 19:46:54.427] [39446] [debug] [scwx::qt::view::level2_product_view] Coordinates calculated in 0.030000s
[2026-05-17 19:46:54.434] [39446] [debug] [scwx::qt::view::level2_product_view] Vertices calculated in 0.010000s
[2026-05-17 19:46:54.776] [39394] [debug] [scwx::provider::warnings_provider] Loading file: warnings_20260518_00.txt
[2026-05-17 19:46:54.938] [39347] [debug] [scwx::qt::map::radar_product_layer] UpdateSweep()
[2026-05-17 19:46:54.941] [39347] [debug] [scwx::qt::map::radar_product_layer] Vertices buffered in 0.000000s
[2026-05-17 19:46:54.941] [39347] [debug] [scwx::qt::map::radar_product_layer] Data moments buffered in 0.000000s
[2026-05-17 19:47:10.289] [39395] [debug] [scwx::provider::warnings_provider] Loading file: warnings_20260518_00.txt
[2026-05-17 19:47:14.959] [43003] [debug] [scwx::provider::aws_level2_chunks_data_provider] Refresh() in 0.560000s
[2026-05-17 19:47:23.855] [39372] [debug] [scwx::provider::nws_api_provider] GetRadarStations
[2026-05-17 19:47:35.597] [43003] [debug] [scwx::provider::aws_level2_chunks_data_provider] Refresh() in 0.640000s
[2026-05-17 19:47:39.144] [43002] [debug] [scwx::provider::aws_level2_chunks_data_provider] Refresh() in 0.140000s
[2026-05-17 19:47:41.089] [39395] [debug] [scwx::provider::warnings_provider] Loading file: warnings_20260518_00.txt
[2026-05-17 19:47:42.303] [43003] [debug] [scwx::provider::aws_level2_chunks_data_provider] Refresh() in 0.160000s
[2026-05-17 19:47:43.390] [39370] [debug] [scwx::network::ntp_client] Time offset updated: 0d 00:00:00.000141910
[2026-05-17 19:47:56.619] [39394] [debug] [scwx::provider::warnings_provider] Loading file: warnings_20260518_00.txt
[2026-05-17 19:48:02.985] [43003] [debug] [scwx::provider::aws_level2_chunks_data_provider] Refresh() in 0.690000s
[2026-05-17 19:48:06.135] [43002] [debug] [scwx::provider::aws_level2_chunks_data_provider] Refresh() in 0.150000s
[2026-05-17 19:48:09.282] [43002] [debug] [scwx::provider::aws_level2_chunks_data_provider] Refresh() in 0.140000s
[2026-05-17 19:48:12.138] [39395] [debug] [scwx::provider::warnings_provider] Loading file: warnings_20260518_00.txt
[2026-05-17 19:48:16.005] [43001] [debug] [scwx::provider::aws_nexrad_data_provider] Refresh()
[2026-05-17 19:48:16.005] [43001] [debug] [scwx::provider::aws_nexrad_data_provider] ListObjects: 2026/05/18/KUEX/
[2026-05-17 19:48:16.207] [43001] [debug] [scwx::provider::aws_nexrad_data_provider] Found 7 objects
[2026-05-17 19:48:16.207] [43001] [debug] [scwx::provider::aws_nexrad_data_provider] FindLatestKey()
[2026-05-17 19:48:20.005] [43004] [debug] [scwx::provider::aws_nexrad_data_provider] Refresh()
[2026-05-17 19:48:20.005] [43004] [debug] [scwx::provider::aws_nexrad_data_provider] ListObjects: UEX_NST_2026_05_18_
[2026-05-17 19:48:20.235] [43004] [debug] [scwx::provider::aws_nexrad_data_provider] Found 7 objects
[2026-05-17 19:48:20.235] [43004] [debug] [scwx::provider::aws_nexrad_data_provider] FindLatestKey()
[2026-05-17 19:48:23.968] [39372] [debug] [scwx::provider::nws_api_provider] GetRadarStations
[2026-05-17 19:48:27.661] [39394] [debug] [scwx::provider::warnings_provider] Loading file: warnings_20260518_00.txt
[2026-05-17 19:48:29.849] [43003] [debug] [scwx::provider::aws_level2_chunks_data_provider] Refresh() in 0.570000s
[2026-05-17 19:48:31.207] [43000] [debug] [scwx::provider::aws_nexrad_data_provider] Refresh()
[2026-05-17 19:48:31.207] [43000] [debug] [scwx::provider::aws_nexrad_data_provider] ListObjects: 2026/05/18/KUEX/
[2026-05-17 19:48:31.389] [43000] [debug] [scwx::provider::aws_nexrad_data_provider] Found 7 objects
[2026-05-17 19:48:31.389] [43000] [debug] [scwx::provider::aws_nexrad_data_provider] FindLatestKey()
[2026-05-17 19:48:32.990] [43003] [debug] [scwx::provider::aws_level2_chunks_data_provider] Refresh() in 0.140000s
[2026-05-17 19:48:35.235] [43005] [debug] [scwx::provider::aws_nexrad_data_provider] Refresh()
[2026-05-17 19:48:35.235] [43005] [debug] [scwx::provider::aws_nexrad_data_provider] ListObjects: UEX_NST_2026_05_18_
[2026-05-17 19:48:35.403] [43005] [debug] [scwx::provider::aws_nexrad_data_provider] Found 7 objects
[2026-05-17 19:48:35.403] [43005] [debug] [scwx::provider::aws_nexrad_data_provider] FindLatestKey()
[2026-05-17 19:48:36.153] [43002] [debug] [scwx::provider::aws_level2_chunks_data_provider] Refresh() in 0.150000s
[2026-05-17 19:48:43.195] [39395] [debug] [scwx::provider::warnings_provider] Loading file: warnings_20260518_00.txt
[2026-05-17 19:48:46.389] [43001] [debug] [scwx::provider::aws_nexrad_data_provider] Refresh()
[2026-05-17 19:48:46.389] [43001] [debug] [scwx::provider::aws_nexrad_data_provider] ListObjects: 2026/05/18/KUEX/
[2026-05-17 19:48:46.575] [43001] [debug] [scwx::provider::aws_nexrad_data_provider] Found 8 objects
[2026-05-17 19:48:46.575] [43001] [debug] [scwx::provider::aws_nexrad_data_provider] FindLatestKey()
[2026-05-17 19:48:46.575] [42999] [debug] [scwx::provider::aws_nexrad_data_provider] FindKey: 2026-05-18 00:43:21 UTC
[2026-05-17 19:48:47.084] [42999] [debug] [scwx::wsr88d::ar2v_file] Loading Data
[2026-05-17 19:48:47.084] [42999] [debug] [scwx::wsr88d::ar2v_file] Filename:  AR2V0006.
[2026-05-17 19:48:47.084] [42999] [debug] [scwx::wsr88d::ar2v_file] Extension: 215
[2026-05-17 19:48:47.084] [42999] [debug] [scwx::wsr88d::ar2v_file] Date:      20592 (2026-05-18)
[2026-05-17 19:48:47.084] [42999] [debug] [scwx::wsr88d::ar2v_file] Time:      2601119 (00:43:21.119000000)
[2026-05-17 19:48:47.084] [42999] [debug] [scwx::wsr88d::ar2v_file] ICAO:      KUEX
[2026-05-17 19:48:47.422] [39371] [debug] [scwx::network::ntp_client] Time offset updated: -0d 00:00:00.002252113
[2026-05-17 19:48:47.790] [42998] [debug] [scwx::qt::manager::radar_product_manager] Level 2 product previously loaded, loading from cache
[2026-05-17 19:48:47.790] [42997] [debug] [scwx::qt::manager::radar_product_manager] Level 2 product previously loaded, loading from cache
[2026-05-17 19:48:47.790] [42996] [debug] [scwx::qt::manager::radar_product_manager] Level 2 product previously loaded, loading from cache
[2026-05-17 19:48:50.403] [43005] [debug] [scwx::provider::aws_nexrad_data_provider] Refresh()
[2026-05-17 19:48:50.403] [43005] [debug] [scwx::provider::aws_nexrad_data_provider] ListObjects: UEX_NST_2026_05_18_
[2026-05-17 19:48:50.599] [43005] [debug] [scwx::provider::aws_nexrad_data_provider] Found 7 objects
[2026-05-17 19:48:50.599] [43005] [debug] [scwx::provider::aws_nexrad_data_provider] FindLatestKey()
[2026-05-17 19:48:56.544] [43003] [debug] [scwx::provider::aws_level2_chunks_data_provider] Refresh() in 0.390000s
[2026-05-17 19:48:58.714] [39394] [debug] [scwx::provider::warnings_provider] Loading file: warnings_20260518_00.txt
[2026-05-17 19:48:59.854] [72607] [debug] [scwx::wsr88d::ar2v_file] Loading Data
[2026-05-17 19:48:59.854] [72607] [debug] [scwx::wsr88d::ar2v_file] Filename:  AR2V0006.
[2026-05-17 19:48:59.854] [72607] [debug] [scwx::wsr88d::ar2v_file] Extension: 216
[2026-05-17 19:48:59.854] [72607] [debug] [scwx::wsr88d::ar2v_file] Date:      20592 (2026-05-18)
[2026-05-17 19:48:59.854] [72607] [debug] [scwx::wsr88d::ar2v_file] Time:      2930851 (00:48:50.851000000)
[2026-05-17 19:48:59.854] [72607] [debug] [scwx::wsr88d::ar2v_file] ICAO:      KUEX
[2026-05-17 19:49:00.082] [43003] [debug] [scwx::provider::aws_level2_chunks_data_provider] Refresh() in 0.540000s
[2026-05-17 19:49:00.104] [39445] [debug] [scwx::qt::view::level2_product_view] Computing Sweep
[2026-05-17 19:49:00.104] [39445] [debug] [scwx::qt::view::level2_product_view] ComputeCoordinates()
[2026-05-17 19:49:00.105] [39450] [debug] [scwx::qt::view::level2_product_view] Computing Sweep
[2026-05-17 19:49:00.105] [39450] [debug] [scwx::qt::view::level2_product_view] ComputeCoordinates()
[2026-05-17 19:49:00.108] [39449] [debug] [scwx::qt::view::level2_product_view] Computing Sweep
[2026-05-17 19:49:00.108] [39449] [debug] [scwx::qt::view::level2_product_view] ComputeCoordinates()
[2026-05-17 19:49:00.155] [39445] [debug] [scwx::qt::view::level2_product_view] Coordinates calculated in 0.060000s
[2026-05-17 19:49:00.169] [39445] [debug] [scwx::qt::view::level2_product_view] Vertices calculated in 0.010000s
[2026-05-17 19:49:00.178] [39449] [debug] [scwx::qt::view::level2_product_view] Coordinates calculated in 0.070000s
[2026-05-17 19:49:00.186] [39450] [debug] [scwx::qt::view::level2_product_view] Coordinates calculated in 0.080000s
[2026-05-17 19:49:00.189] [39449] [debug] [scwx::qt::view::level2_product_view] Vertices calculated in 0.010000s
[2026-05-17 19:49:00.196] [39450] [debug] [scwx::qt::view::level2_product_view] Vertices calculated in 0.010000s
[2026-05-17 19:49:00.938] [39347] [debug] [scwx::qt::map::radar_product_layer] UpdateSweep()
[2026-05-17 19:49:00.941] [39347] [debug] [scwx::qt::map::radar_product_layer] Vertices buffered in 0.000000s
[2026-05-17 19:49:00.942] [39347] [debug] [scwx::qt::map::radar_product_layer] Data moments buffered in 0.000000s
[2026-05-17 19:49:00.944] [39347] [debug] [scwx::qt::map::radar_product_layer] UpdateSweep()
[2026-05-17 19:49:00.945] [39347] [debug] [scwx::qt::map::radar_product_layer] Vertices buffered in 0.010000s
[2026-05-17 19:49:00.945] [39347] [debug] [scwx::qt::map::radar_product_layer] Data moments buffered in 0.000000s
[2026-05-17 19:49:00.948] [39347] [debug] [scwx::qt::map::radar_product_layer] UpdateSweep()
[2026-05-17 19:49:00.951] [39347] [debug] [scwx::qt::map::radar_product_layer] Vertices buffered in 0.000000s
[2026-05-17 19:49:00.952] [39347] [debug] [scwx::qt::map::radar_product_layer] Data moments buffered in 0.000000s
[2026-05-17 19:49:00.952] [39347] [debug] [scwx::qt::map::radar_product_layer] CFP moments buffered in 0.000000s
[2026-05-17 19:49:05.599] [43004] [debug] [scwx::provider::aws_nexrad_data_provider] Refresh()
[2026-05-17 19:49:05.599] [43004] [debug] [scwx::provider::aws_nexrad_data_provider] ListObjects: UEX_NST_2026_05_18_
[2026-05-17 19:49:05.789] [43004] [debug] [scwx::provider::aws_nexrad_data_provider] Found 8 objects
[2026-05-17 19:49:05.789] [43004] [debug] [scwx::provider::aws_nexrad_data_provider] FindLatestKey()
[2026-05-17 19:49:05.789] [39347] [debug] [scwx::qt::view::overlay_product_view] Load Product: NST, 2026-05-18 00:43:21 UTC, true
[2026-05-17 19:49:05.789] [39347] [debug] [scwx::qt::view::overlay_product_view] Load Product: NST, 2026-05-18 00:43:21 UTC, true
[2026-05-17 19:49:05.789] [39347] [debug] [scwx::qt::view::overlay_product_view] Load Product: NST, 2026-05-18 00:43:21 UTC, true
[2026-05-17 19:49:05.789] [39347] [debug] [scwx::qt::view::overlay_product_view] Load Product: NST, 2026-05-18 00:43:21 UTC, true
[2026-05-17 19:49:05.789] [39409] [debug] [scwx::qt::manager::radar_product_manager] LoadLevel3Data: 2026-05-18 00:43:21 UTC
[2026-05-17 19:49:05.789] [39437] [debug] [scwx::qt::manager::radar_product_manager] LoadLevel3Data: 2026-05-18 00:43:21 UTC
[2026-05-17 19:49:05.789] [39433] [debug] [scwx::qt::manager::radar_product_manager] LoadLevel3Data: 2026-05-18 00:43:21 UTC
[2026-05-17 19:49:05.789] [39441] [debug] [scwx::qt::manager::radar_product_manager] LoadLevel3Data: 2026-05-18 00:43:21 UTC
[2026-05-17 19:49:05.789] [42998] [debug] [scwx::provider::aws_nexrad_data_provider] FindKey: 2026-05-18 00:43:21 UTC
[2026-05-17 19:49:05.864] [42998] [debug] [scwx::wsr88d::level3_file] Loading Data
[2026-05-17 19:49:05.864] [42998] [debug] [scwx::wsr88d::level3_file] Data Type: SD
[2026-05-17 19:49:05.864] [42998] [debug] [scwx::wsr88d::level3_file] ICAO:      KGID
[2026-05-17 19:49:05.864] [42998] [debug] [scwx::wsr88d::level3_file] Date/Time: 180043
[2026-05-17 19:49:05.864] [42998] [debug] [scwx::wsr88d::level3_file] Category:  NST
[2026-05-17 19:49:05.864] [42998] [debug] [scwx::wsr88d::level3_file] Site ID:   UEX
[2026-05-17 19:49:05.864] [42998] [debug] [scwx::wsr88d::rpg::level3_message_factory] Found Message 58
[2026-05-17 19:49:05.864] [42998] [debug] [scwx::wsr88d::rpg::graphic_product_message] Loading Blocks
[2026-05-17 19:49:05.864] [42998] [debug] [scwx::wsr88d::rpg::graphic_product_message] Product symbology block valid: true
[2026-05-17 19:49:05.864] [42998] [debug] [scwx::wsr88d::rpg::graphic_product_message] Graphic alphanumeric block valid: true
[2026-05-17 19:49:05.864] [42998] [debug] [scwx::wsr88d::rpg::graphic_product_message] Tabular alphanumeric block valid: true
[2026-05-17 19:49:05.865] [42996] [debug] [scwx::qt::manager::radar_product_manager] Level 3 product previously loaded, loading from cache
[2026-05-17 19:49:05.865] [42997] [debug] [scwx::qt::manager::radar_product_manager] Level 3 product previously loaded, loading from cache
[2026-05-17 19:49:05.865] [42999] [debug] [scwx::qt::manager::radar_product_manager] Level 3 product previously loaded, loading from cache
[2026-05-17 19:49:14.238] [39395] [debug] [scwx::provider::warnings_provider] Loading file: warnings_20260518_00.txt
[2026-05-17 19:49:20.997] [43002] [debug] [scwx::provider::aws_level2_chunks_data_provider] Refresh() in 0.920000s
[2026-05-17 19:49:20.998] [39445] [debug] [scwx::qt::view::level2_product_view] Computing Sweep
[2026-05-17 19:49:20.998] [39445] [debug] [scwx::qt::view::level2_product_view] ComputeCoordinates()
[2026-05-17 19:49:20.998] [39450] [debug] [scwx::qt::view::level2_product_view] Computing Sweep
[2026-05-17 19:49:20.998] [39450] [debug] [scwx::qt::view::level2_product_view] ComputeCoordinates()
[2026-05-17 19:49:21.001] [39446] [debug] [scwx::qt::view::level2_product_view] Computing Sweep
[2026-05-17 19:49:21.001] [39446] [debug] [scwx::qt::view::level2_product_view] ComputeCoordinates()
[2026-05-17 19:49:21.004] [39449] [debug] [scwx::qt::view::level2_product_view] Computing Sweep
[2026-05-17 19:49:21.004] [39449] [debug] [scwx::qt::view::level2_product_view] ComputeCoordinates()
[2026-05-17 19:49:21.072] [39445] [debug] [scwx::qt::view::level2_product_view] Coordinates calculated in 0.070000s
[2026-05-17 19:49:21.098] [39446] [debug] [scwx::qt::view::level2_product_view] Coordinates calculated in 0.100000s
[2026-05-17 19:49:21.104] [39450] [debug] [scwx::qt::view::level2_product_view] Coordinates calculated in 0.100000s
[2026-05-17 19:49:21.104] [39449] [debug] [scwx::qt::view::level2_product_view] Coordinates calculated in 0.100000s
[2026-05-17 19:49:21.108] [39445] [debug] [scwx::qt::view::level2_product_view] Vertices calculated in 0.040000s
[2026-05-17 19:49:21.114] [39446] [debug] [scwx::qt::view::level2_product_view] Vertices calculated in 0.010000s
[2026-05-17 19:49:21.119] [39449] [debug] [scwx::qt::view::level2_product_view] Vertices calculated in 0.020000s
[2026-05-17 19:49:21.120] [39450] [debug] [scwx::qt::view::level2_product_view] Vertices calculated in 0.020000s
[2026-05-17 19:49:21.938] [39347] [debug] [scwx::qt::map::radar_product_layer] UpdateSweep()
[2026-05-17 19:49:21.941] [39347] [debug] [scwx::qt::map::radar_product_layer] Vertices buffered in 0.000000s
[2026-05-17 19:49:21.942] [39347] [debug] [scwx::qt::map::radar_product_layer] Data moments buffered in 0.000000s
[2026-05-17 19:49:21.944] [39347] [debug] [scwx::qt::map::radar_product_layer] UpdateSweep()
[2026-05-17 19:49:21.945] [39347] [debug] [scwx::qt::map::radar_product_layer] Vertices buffered in 0.010000s
[2026-05-17 19:49:21.945] [39347] [debug] [scwx::qt::map::radar_product_layer] Data moments buffered in 0.000000s
[2026-05-17 19:49:21.947] [39347] [debug] [scwx::qt::map::radar_product_layer] UpdateSweep()
[2026-05-17 19:49:21.947] [39347] [debug] [scwx::qt::map::radar_product_layer] Vertices buffered in 0.000000s
[2026-05-17 19:49:21.947] [39347] [debug] [scwx::qt::map::radar_product_layer] Data moments buffered in 0.000000s
[2026-05-17 19:49:21.949] [39347] [debug] [scwx::qt::map::radar_product_layer] UpdateSweep()
[2026-05-17 19:49:21.953] [39347] [debug] [scwx::qt::map::radar_product_layer] Vertices buffered in 0.000000s
[2026-05-17 19:49:21.953] [39347] [debug] [scwx::qt::map::radar_product_layer] Data moments buffered in 0.000000s
[2026-05-17 19:49:21.954] [39347] [debug] [scwx::qt::map::radar_product_layer] CFP moments buffered in 0.000000s
[2026-05-17 19:49:24.072] [39372] [debug] [scwx::provider::nws_api_provider] GetRadarStations
[2026-05-17 19:49:41.741] [43002] [debug] [scwx::provider::aws_level2_chunks_data_provider] Refresh() in 0.740000s
[2026-05-17 19:49:41.742] [39446] [debug] [scwx::qt::view::level2_product_view] Computing Sweep
[2026-05-17 19:49:41.742] [39446] [debug] [scwx::qt::view::level2_product_view] ComputeCoordinates()
[2026-05-17 19:49:41.772] [39446] [debug] [scwx::qt::view::level2_product_view] Coordinates calculated in 0.030000s
[2026-05-17 19:49:41.779] [39446] [debug] [scwx::qt::view::level2_product_view] Vertices calculated in 0.010000s
[2026-05-17 19:49:41.932] [39347] [debug] [scwx::qt::map::radar_product_layer] UpdateSweep()
[2026-05-17 19:49:41.935] [39347] [debug] [scwx::qt::map::radar_product_layer] Vertices buffered in 0.010000s
[2026-05-17 19:49:41.935] [39347] [debug] [scwx::qt::map::radar_product_layer] Data moments buffered in 0.000000s
[2026-05-17 19:49:51.453] [39370] [debug] [scwx::network::ntp_client] Time offset updated: -0d 00:00:00.001544358
[2026-05-17 19:50:02.514] [43003] [debug] [scwx::provider::aws_level2_chunks_data_provider] Refresh() in 0.770000s
[2026-05-17 19:50:05.660] [43003] [debug] [scwx::provider::aws_level2_chunks_data_provider] Refresh() in 0.150000s
[2026-05-17 19:50:15.739] [39395] [debug] [scwx::provider::warnings_provider] Loading file: warnings_20260518_00.txt
[2026-05-17 19:50:24.187] [39372] [debug] [scwx::provider::nws_api_provider] GetRadarStations
[2026-05-17 19:50:26.644] [43002] [debug] [scwx::provider::aws_level2_chunks_data_provider] Refresh() in 0.980000s
[2026-05-17 19:50:31.253] [39394] [debug] [scwx::provider::warnings_provider] Loading file: warnings_20260518_00.txt
[2026-05-17 19:50:47.499] [43002] [debug] [scwx::provider::aws_level2_chunks_data_provider] Refresh() in 0.860000s
[2026-05-17 19:50:55.488] [39371] [debug] [scwx::network::ntp_client] Time offset updated: -0d 00:00:00.002114868
[2026-05-17 19:51:08.171] [43002] [debug] [scwx::provider::aws_level2_chunks_data_provider] Refresh() in 0.670000s
[2026-05-17 19:51:12.295] [43003] [debug] [scwx::provider::aws_level2_chunks_data_provider] Refresh() in 0.300000s
[2026-05-17 19:51:17.494] [39395] [debug] [scwx::provider::warnings_provider] Loading file: warnings_20260518_00.txt
[2026-05-17 19:51:24.303] [39372] [debug] [scwx::provider::nws_api_provider] GetRadarStations
[2026-05-17 19:51:32.983] [43003] [debug] [scwx::provider::aws_level2_chunks_data_provider] Refresh() in 0.680000s
[2026-05-17 19:51:33.059] [39394] [debug] [scwx::provider::warnings_provider] Loading file: warnings_20260518_00.txt
[2026-05-17 19:51:48.620] [39395] [debug] [scwx::provider::warnings_provider] Loading file: warnings_20260518_00.txt
[2026-05-17 19:51:53.831] [43003] [debug] [scwx::provider::aws_level2_chunks_data_provider] Refresh() in 0.850000s
[2026-05-17 19:51:53.832] [39449] [debug] [scwx::qt::view::level2_product_view] Computing Sweep
[2026-05-17 19:51:53.832] [39449] [debug] [scwx::qt::view::level2_product_view] ComputeCoordinates()
[2026-05-17 19:51:53.835] [39445] [debug] [scwx::qt::view::level2_product_view] Computing Sweep
[2026-05-17 19:51:53.835] [39445] [debug] [scwx::qt::view::level2_product_view] ComputeCoordinates()
[2026-05-17 19:51:53.839] [39450] [debug] [scwx::qt::view::level2_product_view] Computing Sweep
[2026-05-17 19:51:53.839] [39450] [debug] [scwx::qt::view::level2_product_view] ComputeCoordinates()
[2026-05-17 19:51:53.883] [39449] [debug] [scwx::qt::view::level2_product_view] Coordinates calculated in 0.050000s
[2026-05-17 19:51:53.904] [39449] [debug] [scwx::qt::view::level2_product_view] Vertices calculated in 0.020000s
[2026-05-17 19:51:53.905] [39347] [debug] [scwx::qt::map::radar_product_layer] UpdateSweep()
[2026-05-17 19:51:53.910] [39445] [debug] [scwx::qt::view::level2_product_view] Coordinates calculated in 0.070000s
[2026-05-17 19:51:53.910] [39347] [debug] [scwx::qt::map::radar_product_layer] Vertices buffered in 0.000000s
[2026-05-17 19:51:53.910] [39347] [debug] [scwx::qt::map::radar_product_layer] Data moments buffered in 0.000000s
[2026-05-17 19:51:53.912] [39450] [debug] [scwx::qt::view::level2_product_view] Coordinates calculated in 0.070000s
[2026-05-17 19:51:53.926] [39445] [debug] [scwx::qt::view::level2_product_view] Vertices calculated in 0.020000s
[2026-05-17 19:51:53.926] [39450] [debug] [scwx::qt::view::level2_product_view] Vertices calculated in 0.020000s
[2026-05-17 19:51:54.871] [39347] [debug] [scwx::qt::map::radar_product_layer] UpdateSweep()
[2026-05-17 19:51:54.872] [39347] [debug] [scwx::qt::map::radar_product_layer] Vertices buffered in 0.000000s
[2026-05-17 19:51:54.873] [39347] [debug] [scwx::qt::map::radar_product_layer] Data moments buffered in 0.000000s
[2026-05-17 19:51:54.876] [39347] [debug] [scwx::qt::map::radar_product_layer] UpdateSweep()
[2026-05-17 19:51:54.879] [39347] [debug] [scwx::qt::map::radar_product_layer] Vertices buffered in 0.000000s
[2026-05-17 19:51:54.880] [39347] [debug] [scwx::qt::map::radar_product_layer] Data moments buffered in 0.000000s
[2026-05-17 19:51:54.880] [39347] [debug] [scwx::qt::map::radar_product_layer] CFP moments buffered in 0.000000s
[2026-05-17 19:51:59.530] [39370] [debug] [scwx::network::ntp_client] Time offset updated: 0d 00:00:00.001380096
[2026-05-17 19:52:04.203] [39394] [debug] [scwx::provider::warnings_provider] Loading file: warnings_20260518_00.txt
[2026-05-17 19:52:14.612] [43002] [debug] [scwx::provider::aws_level2_chunks_data_provider] Refresh() in 0.780000s
[2026-05-17 19:52:14.612] [39446] [debug] [scwx::qt::view::level2_product_view] Computing Sweep
[2026-05-17 19:52:14.612] [39446] [debug] [scwx::qt::view::level2_product_view] ComputeCoordinates()
[2026-05-17 19:52:14.613] [39450] [debug] [scwx::qt::view::level2_product_view] Computing Sweep
[2026-05-17 19:52:14.613] [39450] [debug] [scwx::qt::view::level2_product_view] ComputeCoordinates()
[2026-05-17 19:52:14.616] [39449] [debug] [scwx::qt::view::level2_product_view] Computing Sweep
[2026-05-17 19:52:14.616] [39449] [debug] [scwx::qt::view::level2_product_view] ComputeCoordinates()
[2026-05-17 19:52:14.622] [39445] [debug] [scwx::qt::view::level2_product_view] Computing Sweep
[2026-05-17 19:52:14.622] [39445] [debug] [scwx::qt::view::level2_product_view] ComputeCoordinates()
[2026-05-17 19:52:14.671] [39446] [debug] [scwx::qt::view::level2_product_view] Coordinates calculated in 0.060000s
[2026-05-17 19:52:14.698] [39446] [debug] [scwx::qt::view::level2_product_view] Vertices calculated in 0.030000s
[2026-05-17 19:52:14.710] [39449] [debug] [scwx::qt::view::level2_product_view] Coordinates calculated in 0.090000s
[2026-05-17 19:52:14.712] [39450] [debug] [scwx::qt::view::level2_product_view] Coordinates calculated in 0.100000s
[2026-05-17 19:52:14.713] [39445] [debug] [scwx::qt::view::level2_product_view] Coordinates calculated in 0.090000s
[2026-05-17 19:52:14.726] [39449] [debug] [scwx::qt::view::level2_product_view] Vertices calculated in 0.020000s
[2026-05-17 19:52:14.729] [39450] [debug] [scwx::qt::view::level2_product_view] Vertices calculated in 0.020000s
[2026-05-17 19:52:14.732] [39445] [debug] [scwx::qt::view::level2_product_view] Vertices calculated in 0.020000s
[2026-05-17 19:52:14.849] [39347] [debug] [scwx::qt::map::radar_product_layer] UpdateSweep()
[2026-05-17 19:52:14.852] [39347] [debug] [scwx::qt::map::radar_product_layer] Vertices buffered in 0.000000s
[2026-05-17 19:52:14.853] [39347] [debug] [scwx::qt::map::radar_product_layer] Data moments buffered in 0.000000s
[2026-05-17 19:52:14.854] [39347] [debug] [scwx::qt::map::radar_product_layer] UpdateSweep()
[2026-05-17 19:52:14.855] [39347] [debug] [scwx::qt::map::radar_product_layer] Vertices buffered in 0.000000s
[2026-05-17 19:52:14.856] [39347] [debug] [scwx::qt::map::radar_product_layer] Data moments buffered in 0.000000s
[2026-05-17 19:52:14.857] [39347] [debug] [scwx::qt::map::radar_product_layer] UpdateSweep()
[2026-05-17 19:52:14.857] [39347] [debug] [scwx::qt::map::radar_product_layer] Vertices buffered in 0.000000s
[2026-05-17 19:52:14.858] [39347] [debug] [scwx::qt::map::radar_product_layer] Data moments buffered in 0.000000s
[2026-05-17 19:52:14.859] [39347] [debug] [scwx::qt::map::radar_product_layer] UpdateSweep()
[2026-05-17 19:52:14.862] [39347] [debug] [scwx::qt::map::radar_product_layer] Vertices buffered in 0.000000s
[2026-05-17 19:52:14.863] [39347] [debug] [scwx::qt::map::radar_product_layer] Data moments buffered in 0.000000s
[2026-05-17 19:52:14.863] [39347] [debug] [scwx::qt::map::radar_product_layer] CFP moments buffered in 0.000000s
[2026-05-17 19:52:17.751] [43003] [debug] [scwx::provider::aws_level2_chunks_data_provider] Refresh() in 0.140000s
[2026-05-17 19:52:17.752] [39446] [debug] [scwx::qt::view::level2_product_view] Computing Sweep
[2026-05-17 19:52:17.752] [39446] [debug] [scwx::qt::view::level2_product_view] ComputeCoordinates()
[2026-05-17 19:52:17.780] [39446] [debug] [scwx::qt::view::level2_product_view] Coordinates calculated in 0.030000s
[2026-05-17 19:52:17.789] [39446] [debug] [scwx::qt::view::level2_product_view] Vertices calculated in 0.010000s
[2026-05-17 19:52:17.790] [39347] [debug] [scwx::qt::map::radar_product_layer] UpdateSweep()
[2026-05-17 19:52:17.792] [39347] [debug] [scwx::qt::map::radar_product_layer] Vertices buffered in 0.000000s
[2026-05-17 19:52:17.793] [39347] [debug] [scwx::qt::map::radar_product_layer] Data moments buffered in 0.000000s
[2026-05-17 19:52:19.720] [39395] [debug] [scwx::provider::warnings_provider] Loading file: warnings_20260518_00.txt
[2026-05-17 19:52:21.136] [43003] [debug] [scwx::provider::aws_level2_chunks_data_provider] Refresh() in 0.140000s
[2026-05-17 19:52:21.137] [39446] [debug] [scwx::qt::view::level2_product_view] Computing Sweep
[2026-05-17 19:52:21.137] [39446] [debug] [scwx::qt::view::level2_product_view] ComputeCoordinates()
[2026-05-17 19:52:21.166] [39446] [debug] [scwx::qt::view::level2_product_view] Coordinates calculated in 0.030000s
[2026-05-17 19:52:21.173] [39446] [debug] [scwx::qt::view::level2_product_view] Vertices calculated in 0.000000s
[2026-05-17 19:52:21.849] [39347] [debug] [scwx::qt::map::radar_product_layer] UpdateSweep()
[2026-05-17 19:52:21.850] [39347] [debug] [scwx::qt::map::radar_product_layer] Vertices buffered in 0.000000s
[2026-05-17 19:52:21.850] [39347] [debug] [scwx::qt::map::radar_product_layer] Data moments buffered in 0.000000s
[2026-05-17 19:52:24.397] [39372] [debug] [scwx::provider::nws_api_provider] GetRadarStations
[2026-05-17 19:52:25.142] [43002] [debug] [scwx::provider::aws_level2_chunks_data_provider] Refresh() in 0.140000s
[2026-05-17 19:52:25.142] [39446] [debug] [scwx::qt::view::level2_product_view] Computing Sweep
[2026-05-17 19:52:25.142] [39446] [debug] [scwx::qt::view::level2_product_view] ComputeCoordinates()
[2026-05-17 19:52:25.168] [39446] [debug] [scwx::qt::view::level2_product_view] Coordinates calculated in 0.030000s
[2026-05-17 19:52:25.175] [39446] [debug] [scwx::qt::view::level2_product_view] Vertices calculated in 0.010000s
[2026-05-17 19:52:25.848] [39347] [debug] [scwx::qt::map::radar_product_layer] UpdateSweep()
[2026-05-17 19:52:25.851] [39347] [debug] [scwx::qt::map::radar_product_layer] Vertices buffered in 0.000000s
[2026-05-17 19:52:25.851] [39347] [debug] [scwx::qt::map::radar_product_layer] Data moments buffered in 0.000000s
[2026-05-17 19:52:28.198] [43003] [debug] [scwx::provider::aws_level2_chunks_data_provider] Refresh() in 0.060000s
[2026-05-17 19:52:31.351] [43003] [debug] [scwx::provider::aws_level2_chunks_data_provider] Refresh() in 0.150000s
[2026-05-17 19:52:35.224] [39394] [debug] [scwx::provider::warnings_provider] Loading file: warnings_20260518_00.txt
[2026-05-17 19:52:38.503] [43002] [debug] [scwx::provider::aws_level2_chunks_data_provider] Refresh() in 0.500000s
[2026-05-17 19:52:50.746] [39395] [debug] [scwx::provider::warnings_provider] Loading file: warnings_20260518_00.txt
[2026-05-17 19:52:59.154] [43003] [debug] [scwx::provider::aws_level2_chunks_data_provider] Refresh() in 0.650000s
[2026-05-17 19:53:03.561] [39371] [debug] [scwx::network::ntp_client] Time offset updated: -0d 00:00:00.003485750
[2026-05-17 19:53:04.146] [43003] [debug] [scwx::provider::aws_level2_chunks_data_provider] Refresh() in 0.150000s
[2026-05-17 19:53:06.253] [39394] [debug] [scwx::provider::warnings_provider] Loading file: warnings_20260518_00.txt
[2026-05-17 19:53:09.249] [43003] [debug] [scwx::provider::aws_level2_chunks_data_provider] Refresh() in 0.250000s
[2026-05-17 19:53:12.402] [43002] [debug] [scwx::provider::aws_level2_chunks_data_provider] Refresh() in 0.150000s
[2026-05-17 19:53:21.792] [39395] [debug] [scwx::provider::warnings_provider] Loading file: warnings_20260518_00.txt
[2026-05-17 19:53:24.507] [39372] [debug] [scwx::provider::nws_api_provider] GetRadarStations
[2026-05-17 19:53:33.073] [43002] [debug] [scwx::provider::aws_level2_chunks_data_provider] Refresh() in 0.670000s
[2026-05-17 19:53:37.330] [39394] [debug] [scwx::provider::warnings_provider] Loading file: warnings_20260518_00.txt
[2026-05-17 19:53:52.853] [39395] [debug] [scwx::provider::warnings_provider] Loading file: warnings_20260518_00.txt
[2026-05-17 19:53:53.637] [43003] [debug] [scwx::provider::aws_level2_chunks_data_provider] Refresh() in 0.570000s
[2026-05-17 19:54:07.596] [39370] [debug] [scwx::network::ntp_client] Time offset updated: -0d 00:00:00.002292256
[2026-05-17 19:54:08.369] [39394] [debug] [scwx::provider::warnings_provider] Loading file: warnings_20260518_00.txt
[2026-05-17 19:54:11.999] [43001] [debug] [scwx::provider::aws_nexrad_data_provider] Refresh()
[2026-05-17 19:54:11.999] [43001] [debug] [scwx::provider::aws_nexrad_data_provider] ListObjects: 2026/05/18/KUEX/
[2026-05-17 19:54:12.258] [43001] [debug] [scwx::provider::aws_nexrad_data_provider] Found 8 objects
[2026-05-17 19:54:12.258] [43001] [debug] [scwx::provider::aws_nexrad_data_provider] FindLatestKey()
[2026-05-17 19:54:14.316] [43003] [debug] [scwx::provider::aws_level2_chunks_data_provider] Refresh() in 0.680000s
[2026-05-17 19:54:23.882] [39395] [debug] [scwx::provider::warnings_provider] Loading file: warnings_20260518_00.txt
[2026-05-17 19:54:24.610] [39372] [debug] [scwx::provider::nws_api_provider] GetRadarStations
[2026-05-17 19:54:27.258] [43000] [debug] [scwx::provider::aws_nexrad_data_provider] Refresh()
[2026-05-17 19:54:27.258] [43000] [debug] [scwx::provider::aws_nexrad_data_provider] ListObjects: 2026/05/18/KUEX/
[2026-05-17 19:54:27.450] [43000] [debug] [scwx::provider::aws_nexrad_data_provider] Found 9 objects
[2026-05-17 19:54:27.450] [43000] [debug] [scwx::provider::aws_nexrad_data_provider] FindLatestKey()
[2026-05-17 19:54:27.450] [42998] [debug] [scwx::provider::aws_nexrad_data_provider] FindKey: 2026-05-18 00:48:50 UTC
[2026-05-17 19:54:27.941] [42998] [debug] [scwx::wsr88d::ar2v_file] Loading Data
[2026-05-17 19:54:27.941] [42998] [debug] [scwx::wsr88d::ar2v_file] Filename:  AR2V0006.
[2026-05-17 19:54:27.941] [42998] [debug] [scwx::wsr88d::ar2v_file] Extension: 216
[2026-05-17 19:54:27.941] [42998] [debug] [scwx::wsr88d::ar2v_file] Date:      20592 (2026-05-18)
[2026-05-17 19:54:27.942] [42998] [debug] [scwx::wsr88d::ar2v_file] Time:      2930851 (00:48:50.851000000)
[2026-05-17 19:54:27.942] [42998] [debug] [scwx::wsr88d::ar2v_file] ICAO:      KUEX
[2026-05-17 19:54:28.002] [43005] [debug] [scwx::provider::aws_nexrad_data_provider] Refresh()
[2026-05-17 19:54:28.002] [43005] [debug] [scwx::provider::aws_nexrad_data_provider] ListObjects: UEX_NST_2026_05_18_
[2026-05-17 19:54:28.211] [43005] [debug] [scwx::provider::aws_nexrad_data_provider] Found 8 objects
[2026-05-17 19:54:28.211] [43005] [debug] [scwx::provider::aws_nexrad_data_provider] FindLatestKey()
[2026-05-17 19:54:28.614] [42996] [debug] [scwx::qt::manager::radar_product_manager] Level 2 product previously loaded, loading from cache
[2026-05-17 19:54:28.614] [42999] [debug] [scwx::qt::manager::radar_product_manager] Level 2 product previously loaded, loading from cache
[2026-05-17 19:54:28.614] [42997] [debug] [scwx::qt::manager::radar_product_manager] Level 2 product previously loaded, loading from cache
[2026-05-17 19:54:34.737] [76129] [debug] [scwx::wsr88d::ar2v_file] Loading Data
[2026-05-17 19:54:34.737] [76129] [debug] [scwx::wsr88d::ar2v_file] Filename:  AR2V0006.
[2026-05-17 19:54:34.737] [76129] [debug] [scwx::wsr88d::ar2v_file] Extension: 217
[2026-05-17 19:54:34.737] [76129] [debug] [scwx::wsr88d::ar2v_file] Date:      20592 (2026-05-18)
[2026-05-17 19:54:34.737] [76129] [debug] [scwx::wsr88d::ar2v_file] Time:      3261401 (00:54:21.401000000)
[2026-05-17 19:54:34.737] [76129] [debug] [scwx::wsr88d::ar2v_file] ICAO:      KUEX
[2026-05-17 19:54:35.223] [43002] [debug] [scwx::provider::aws_level2_chunks_data_provider] Refresh() in 0.900000s
[2026-05-17 19:54:35.224] [39445] [debug] [scwx::qt::view::level2_product_view] Computing Sweep
[2026-05-17 19:54:35.224] [39445] [debug] [scwx::qt::view::level2_product_view] ComputeCoordinates()
[2026-05-17 19:54:35.225] [39449] [debug] [scwx::qt::view::level2_product_view] Computing Sweep
[2026-05-17 19:54:35.225] [39449] [debug] [scwx::qt::view::level2_product_view] ComputeCoordinates()
[2026-05-17 19:54:35.228] [39450] [debug] [scwx::qt::view::level2_product_view] Computing Sweep
[2026-05-17 19:54:35.228] [39450] [debug] [scwx::qt::view::level2_product_view] ComputeCoordinates()
[2026-05-17 19:54:35.266] [39445] [debug] [scwx::qt::view::level2_product_view] Coordinates calculated in 0.050000s
[2026-05-17 19:54:35.280] [39445] [debug] [scwx::qt::view::level2_product_view] Vertices calculated in 0.010000s
[2026-05-17 19:54:35.297] [39449] [debug] [scwx::qt::view::level2_product_view] Coordinates calculated in 0.070000s
[2026-05-17 19:54:35.302] [39450] [debug] [scwx::qt::view::level2_product_view] Coordinates calculated in 0.070000s
[2026-05-17 19:54:35.308] [39449] [debug] [scwx::qt::view::level2_product_view] Vertices calculated in 0.010000s
[2026-05-17 19:54:35.312] [39450] [debug] [scwx::qt::view::level2_product_view] Vertices calculated in 0.010000s
[2026-05-17 19:54:35.810] [39347] [debug] [scwx::qt::map::radar_product_layer] UpdateSweep()
[2026-05-17 19:54:35.813] [39347] [debug] [scwx::qt::map::radar_product_layer] Vertices buffered in 0.000000s
[2026-05-17 19:54:35.814] [39347] [debug] [scwx::qt::map::radar_product_layer] Data moments buffered in 0.000000s
[2026-05-17 19:54:35.815] [39347] [debug] [scwx::qt::map::radar_product_layer] UpdateSweep()
[2026-05-17 19:54:35.816] [39347] [debug] [scwx::qt::map::radar_product_layer] Vertices buffered in 0.000000s
[2026-05-17 19:54:35.816] [39347] [debug] [scwx::qt::map::radar_product_layer] Data moments buffered in 0.000000s
[2026-05-17 19:54:35.818] [39347] [debug] [scwx::qt::map::radar_product_layer] UpdateSweep()
[2026-05-17 19:54:35.821] [39347] [debug] [scwx::qt::map::radar_product_layer] Vertices buffered in 0.000000s
[2026-05-17 19:54:35.822] [39347] [debug] [scwx::qt::map::radar_product_layer] Data moments buffered in 0.000000s
[2026-05-17 19:54:35.822] [39347] [debug] [scwx::qt::map::radar_product_layer] CFP moments buffered in 0.000000s
[2026-05-17 19:54:39.409] [39394] [debug] [scwx::provider::warnings_provider] Loading file: warnings_20260518_00.txt
[2026-05-17 19:54:43.211] [43004] [debug] [scwx::provider::aws_nexrad_data_provider] Refresh()
[2026-05-17 19:54:43.211] [43004] [debug] [scwx::provider::aws_nexrad_data_provider] ListObjects: UEX_NST_2026_05_18_
[2026-05-17 19:54:43.413] [43004] [debug] [scwx::provider::aws_nexrad_data_provider] Found 9 objects
[2026-05-17 19:54:43.413] [43004] [debug] [scwx::provider::aws_nexrad_data_provider] FindLatestKey()
[2026-05-17 19:54:43.413] [39347] [debug] [scwx::qt::view::overlay_product_view] Load Product: NST, 2026-05-18 00:48:50 UTC, true
[2026-05-17 19:54:43.413] [39347] [debug] [scwx::qt::view::overlay_product_view] Load Product: NST, 2026-05-18 00:48:50 UTC, true
[2026-05-17 19:54:43.413] [39347] [debug] [scwx::qt::view::overlay_product_view] Load Product: NST, 2026-05-18 00:48:50 UTC, true
[2026-05-17 19:54:43.413] [39347] [debug] [scwx::qt::view::overlay_product_view] Load Product: NST, 2026-05-18 00:48:50 UTC, true
[2026-05-17 19:54:43.413] [39409] [debug] [scwx::qt::manager::radar_product_manager] LoadLevel3Data: 2026-05-18 00:48:50 UTC
[2026-05-17 19:54:43.413] [39437] [debug] [scwx::qt::manager::radar_product_manager] LoadLevel3Data: 2026-05-18 00:48:50 UTC
[2026-05-17 19:54:43.413] [39441] [debug] [scwx::qt::manager::radar_product_manager] LoadLevel3Data: 2026-05-18 00:48:50 UTC
[2026-05-17 19:54:43.413] [39433] [debug] [scwx::qt::manager::radar_product_manager] LoadLevel3Data: 2026-05-18 00:48:50 UTC
[2026-05-17 19:54:43.413] [42998] [debug] [scwx::provider::aws_nexrad_data_provider] FindKey: 2026-05-18 00:48:50 UTC
[2026-05-17 19:54:43.484] [42998] [debug] [scwx::wsr88d::level3_file] Loading Data
[2026-05-17 19:54:43.484] [42998] [debug] [scwx::wsr88d::level3_file] Data Type: SD
[2026-05-17 19:54:43.484] [42998] [debug] [scwx::wsr88d::level3_file] ICAO:      KGID
[2026-05-17 19:54:43.484] [42998] [debug] [scwx::wsr88d::level3_file] Date/Time: 180048
[2026-05-17 19:54:43.484] [42998] [debug] [scwx::wsr88d::level3_file] Category:  NST
[2026-05-17 19:54:43.484] [42998] [debug] [scwx::wsr88d::level3_file] Site ID:   UEX
[2026-05-17 19:54:43.484] [42998] [debug] [scwx::wsr88d::rpg::level3_message_factory] Found Message 58
[2026-05-17 19:54:43.484] [42998] [debug] [scwx::wsr88d::rpg::graphic_product_message] Loading Blocks
[2026-05-17 19:54:43.484] [42998] [debug] [scwx::wsr88d::rpg::graphic_product_message] Product symbology block valid: true
[2026-05-17 19:54:43.484] [42998] [debug] [scwx::wsr88d::rpg::graphic_product_message] Graphic alphanumeric block valid: true
[2026-05-17 19:54:43.484] [42998] [debug] [scwx::wsr88d::rpg::graphic_product_message] Tabular alphanumeric block valid: true
[2026-05-17 19:54:43.485] [42996] [debug] [scwx::qt::manager::radar_product_manager] Level 3 product previously loaded, loading from cache
[2026-05-17 19:54:43.485] [42999] [debug] [scwx::qt::manager::radar_product_manager] Level 3 product previously loaded, loading from cache
[2026-05-17 19:54:43.485] [42997] [debug] [scwx::qt::manager::radar_product_manager] Level 3 product previously loaded, loading from cache
[2026-05-17 19:54:54.969] [39395] [debug] [scwx::provider::warnings_provider] Loading file: warnings_20260518_00.txt
[2026-05-17 19:54:56.042] [43003] [debug] [scwx::provider::aws_level2_chunks_data_provider] Refresh() in 0.820000s
[2026-05-17 19:54:56.043] [39445] [debug] [scwx::qt::view::level2_product_view] Computing Sweep
[2026-05-17 19:54:56.043] [39445] [debug] [scwx::qt::view::level2_product_view] ComputeCoordinates()
[2026-05-17 19:54:56.043] [39446] [debug] [scwx::qt::view::level2_product_view] Computing Sweep
[2026-05-17 19:54:56.043] [39446] [debug] [scwx::qt::view::level2_product_view] ComputeCoordinates()
[2026-05-17 19:54:56.044] [39450] [debug] [scwx::qt::view::level2_product_view] Computing Sweep
[2026-05-17 19:54:56.044] [39450] [debug] [scwx::qt::view::level2_product_view] ComputeCoordinates()
[2026-05-17 19:54:56.046] [39449] [debug] [scwx::qt::view::level2_product_view] Computing Sweep
[2026-05-17 19:54:56.046] [39449] [debug] [scwx::qt::view::level2_product_view] ComputeCoordinates()
[2026-05-17 19:54:56.095] [39445] [debug] [scwx::qt::view::level2_product_view] Coordinates calculated in 0.060000s
[2026-05-17 19:54:56.109] [39445] [debug] [scwx::qt::view::level2_product_view] Vertices calculated in 0.010000s
[2026-05-17 19:54:56.129] [39446] [debug] [scwx::qt::view::level2_product_view] Coordinates calculated in 0.090000s
[2026-05-17 19:54:56.138] [39446] [debug] [scwx::qt::view::level2_product_view] Vertices calculated in 0.010000s
[2026-05-17 19:54:56.141] [39449] [debug] [scwx::qt::view::level2_product_view] Coordinates calculated in 0.090000s
[2026-05-17 19:54:56.148] [39450] [debug] [scwx::qt::view::level2_product_view] Coordinates calculated in 0.110000s
[2026-05-17 19:54:56.152] [39449] [debug] [scwx::qt::view::level2_product_view] Vertices calculated in 0.010000s
[2026-05-17 19:54:56.158] [39450] [debug] [scwx::qt::view::level2_product_view] Vertices calculated in 0.010000s
[2026-05-17 19:54:56.810] [39347] [debug] [scwx::qt::map::radar_product_layer] UpdateSweep()
[2026-05-17 19:54:56.813] [39347] [debug] [scwx::qt::map::radar_product_layer] Vertices buffered in 0.000000s
[2026-05-17 19:54:56.813] [39347] [debug] [scwx::qt::map::radar_product_layer] Data moments buffered in 0.000000s
[2026-05-17 19:54:56.815] [39347] [debug] [scwx::qt::map::radar_product_layer] UpdateSweep()
[2026-05-17 19:54:56.816] [39347] [debug] [scwx::qt::map::radar_product_layer] Vertices buffered in 0.000000s
[2026-05-17 19:54:56.816] [39347] [debug] [scwx::qt::map::radar_product_layer] Data moments buffered in 0.000000s
[2026-05-17 19:54:56.818] [39347] [debug] [scwx::qt::map::radar_product_layer] UpdateSweep()
[2026-05-17 19:54:56.818] [39347] [debug] [scwx::qt::map::radar_product_layer] Vertices buffered in 0.000000s
[2026-05-17 19:54:56.818] [39347] [debug] [scwx::qt::map::radar_product_layer] Data moments buffered in 0.000000s
[2026-05-17 19:54:56.820] [39347] [debug] [scwx::qt::map::radar_product_layer] UpdateSweep()
[2026-05-17 19:54:56.823] [39347] [debug] [scwx::qt::map::radar_product_layer] Vertices buffered in 0.000000s
[2026-05-17 19:54:56.824] [39347] [debug] [scwx::qt::map::radar_product_layer] Data moments buffered in 0.000000s
[2026-05-17 19:54:56.824] [39347] [debug] [scwx::qt::map::radar_product_layer] CFP moments buffered in 0.000000s
[2026-05-17 19:54:59.201] [43002] [debug] [scwx::provider::aws_level2_chunks_data_provider] Refresh() in 0.160000s
[2026-05-17 19:54:59.202] [39446] [debug] [scwx::qt::view::level2_product_view] Computing Sweep
[2026-05-17 19:54:59.202] [39446] [debug] [scwx::qt::view::level2_product_view] ComputeCoordinates()
[2026-05-17 19:54:59.228] [39446] [debug] [scwx::qt::view::level2_product_view] Coordinates calculated in 0.030000s
[2026-05-17 19:54:59.235] [39446] [debug] [scwx::qt::view::level2_product_view] Vertices calculated in 0.010000s
[2026-05-17 19:54:59.810] [39347] [debug] [scwx::qt::map::radar_product_layer] UpdateSweep()
[2026-05-17 19:54:59.812] [39347] [debug] [scwx::qt::map::radar_product_layer] Vertices buffered in 0.000000s
[2026-05-17 19:54:59.812] [39347] [debug] [scwx::qt::map::radar_product_layer] Data moments buffered in 0.000000s
[2026-05-17 19:55:03.153] [43003] [debug] [scwx::provider::aws_level2_chunks_data_provider] Refresh() in 0.150000s
[2026-05-17 19:55:03.154] [39446] [debug] [scwx::qt::view::level2_product_view] Computing Sweep
[2026-05-17 19:55:03.154] [39446] [debug] [scwx::qt::view::level2_product_view] ComputeCoordinates()
[2026-05-17 19:55:03.182] [39446] [debug] [scwx::qt::view::level2_product_view] Coordinates calculated in 0.030000s
[2026-05-17 19:55:03.190] [39446] [debug] [scwx::qt::view::level2_product_view] Vertices calculated in 0.010000s
[2026-05-17 19:55:03.809] [39347] [debug] [scwx::qt::map::radar_product_layer] UpdateSweep()
[2026-05-17 19:55:03.812] [39347] [debug] [scwx::qt::map::radar_product_layer] Vertices buffered in 0.000000s
[2026-05-17 19:55:03.812] [39347] [debug] [scwx::qt::map::radar_product_layer] Data moments buffered in 0.000000s
[2026-05-17 19:55:07.149] [43003] [debug] [scwx::provider::aws_level2_chunks_data_provider] Refresh() in 0.150000s
[2026-05-17 19:55:07.150] [39446] [debug] [scwx::qt::view::level2_product_view] Computing Sweep
[2026-05-17 19:55:07.150] [39446] [debug] [scwx::qt::view::level2_product_view] ComputeCoordinates()
[2026-05-17 19:55:07.175] [39446] [debug] [scwx::qt::view::level2_product_view] Coordinates calculated in 0.030000s
[2026-05-17 19:55:07.182] [39446] [debug] [scwx::qt::view::level2_product_view] Vertices calculated in 0.000000s
[2026-05-17 19:55:07.810] [39347] [debug] [scwx::qt::map::radar_product_layer] UpdateSweep()
[2026-05-17 19:55:07.812] [39347] [debug] [scwx::qt::map::radar_product_layer] Vertices buffered in 0.000000s
[2026-05-17 19:55:07.812] [39347] [debug] [scwx::qt::map::radar_product_layer] Data moments buffered in 0.000000s
[2026-05-17 19:55:11.232] [43002] [debug] [scwx::provider::aws_level2_chunks_data_provider] Refresh() in 0.230000s
[2026-05-17 19:55:11.634] [39371] [debug] [scwx::network::ntp_client] Time offset updated: -0d 00:00:00.000970623
[2026-05-17 19:55:24.710] [39372] [debug] [scwx::provider::nws_api_provider] GetRadarStations
[2026-05-17 19:55:32.176] [43002] [debug] [scwx::provider::aws_level2_chunks_data_provider] Refresh() in 0.950000s
[2026-05-17 19:55:41.106] [39394] [debug] [scwx::provider::warnings_provider] Loading file: warnings_20260518_00.txt
[2026-05-17 19:55:52.862] [43003] [debug] [scwx::provider::aws_level2_chunks_data_provider] Refresh() in 0.680000s
[2026-05-17 19:55:56.636] [39395] [debug] [scwx::provider::warnings_provider] Loading file: warnings_20260518_00.txt
[2026-05-17 19:56:12.181] [39394] [debug] [scwx::provider::warnings_provider] Loading file: warnings_20260518_00.txt
[2026-05-17 19:56:13.828] [43003] [debug] [scwx::provider::aws_level2_chunks_data_provider] Refresh() in 0.970000s
[2026-05-17 19:56:15.670] [39370] [debug] [scwx::network::ntp_client] Time offset updated: -0d 00:00:00.002087337
[2026-05-17 19:56:24.821] [39372] [debug] [scwx::provider::nws_api_provider] GetRadarStations
[2026-05-17 19:56:27.706] [39395] [debug] [scwx::provider::warnings_provider] Loading file: warnings_20260518_00.txt
[2026-05-17 19:56:34.397] [43002] [debug] [scwx::provider::aws_level2_chunks_data_provider] Refresh() in 0.570000s
[2026-05-17 19:56:37.664] [43002] [debug] [scwx::provider::aws_level2_chunks_data_provider] Refresh() in 0.260000s
[2026-05-17 19:56:43.217] [39394] [debug] [scwx::provider::warnings_provider] Loading file: warnings_20260518_00.txt
[2026-05-17 19:56:43.237] [43003] [debug] [scwx::provider::aws_level2_chunks_data_provider] Refresh() in 0.240000s
[2026-05-17 19:56:58.758] [39395] [debug] [scwx::provider::warnings_provider] Loading file: warnings_20260518_00.txt
[2026-05-17 19:57:03.937] [43003] [debug] [scwx::provider::aws_level2_chunks_data_provider] Refresh() in 0.700000s
[2026-05-17 19:57:19.704] [39371] [debug] [scwx::network::ntp_client] Time offset updated: -0d 00:00:00.005113424
[2026-05-17 19:57:24.859] [43002] [debug] [scwx::provider::aws_level2_chunks_data_provider] Refresh() in 0.920000s
[2026-05-17 19:57:24.928] [39372] [debug] [scwx::provider::nws_api_provider] GetRadarStations
[2026-05-17 19:57:24.939] [39445] [debug] [scwx::qt::view::level2_product_view] Computing Sweep
[2026-05-17 19:57:24.939] [39445] [debug] [scwx::qt::view::level2_product_view] ComputeCoordinates()
[2026-05-17 19:57:24.939] [39449] [debug] [scwx::qt::view::level2_product_view] Computing Sweep
[2026-05-17 19:57:24.939] [39449] [debug] [scwx::qt::view::level2_product_view] ComputeCoordinates()
[2026-05-17 19:57:24.944] [39450] [debug] [scwx::qt::view::level2_product_view] Computing Sweep
[2026-05-17 19:57:24.944] [39450] [debug] [scwx::qt::view::level2_product_view] ComputeCoordinates()
[2026-05-17 19:57:24.998] [39445] [debug] [scwx::qt::view::level2_product_view] Coordinates calculated in 0.060000s
[2026-05-17 19:57:25.012] [39445] [debug] [scwx::qt::view::level2_product_view] Vertices calculated in 0.010000s
[2026-05-17 19:57:25.012] [39449] [debug] [scwx::qt::view::level2_product_view] Coordinates calculated in 0.070000s
[2026-05-17 19:57:25.016] [39450] [debug] [scwx::qt::view::level2_product_view] Coordinates calculated in 0.080000s
[2026-05-17 19:57:25.023] [39449] [debug] [scwx::qt::view::level2_product_view] Vertices calculated in 0.010000s
[2026-05-17 19:57:25.026] [39450] [debug] [scwx::qt::view::level2_product_view] Vertices calculated in 0.010000s
[2026-05-17 19:57:25.776] [39347] [debug] [scwx::qt::map::radar_product_layer] UpdateSweep()
[2026-05-17 19:57:25.779] [39347] [debug] [scwx::qt::map::radar_product_layer] Vertices buffered in 0.000000s
[2026-05-17 19:57:25.780] [39347] [debug] [scwx::qt::map::radar_product_layer] Data moments buffered in 0.000000s
[2026-05-17 19:57:25.782] [39347] [debug] [scwx::qt::map::radar_product_layer] UpdateSweep()
[2026-05-17 19:57:25.782] [39347] [debug] [scwx::qt::map::radar_product_layer] Vertices buffered in 0.000000s
[2026-05-17 19:57:25.783] [39347] [debug] [scwx::qt::map::radar_product_layer] Data moments buffered in 0.000000s
[2026-05-17 19:57:25.785] [39347] [debug] [scwx::qt::map::radar_product_layer] UpdateSweep()
[2026-05-17 19:57:25.789] [39347] [debug] [scwx::qt::map::radar_product_layer] Vertices buffered in 0.000000s
[2026-05-17 19:57:25.789] [39347] [debug] [scwx::qt::map::radar_product_layer] Data moments buffered in 0.000000s
[2026-05-17 19:57:25.790] [39347] [debug] [scwx::qt::map::radar_product_layer] CFP moments buffered in 0.000000s
[2026-05-17 19:57:28.004] [43003] [debug] [scwx::provider::aws_level2_chunks_data_provider] Refresh() in 0.140000s
[2026-05-17 19:57:28.005] [39445] [debug] [scwx::qt::view::level2_product_view] Computing Sweep
[2026-05-17 19:57:28.005] [39445] [debug] [scwx::qt::view::level2_product_view] ComputeCoordinates()
[2026-05-17 19:57:28.006] [39449] [debug] [scwx::qt::view::level2_product_view] Computing Sweep
[2026-05-17 19:57:28.006] [39449] [debug] [scwx::qt::view::level2_product_view] ComputeCoordinates()
[2026-05-17 19:57:28.009] [39450] [debug] [scwx::qt::view::level2_product_view] Computing Sweep
[2026-05-17 19:57:28.009] [39450] [debug] [scwx::qt::view::level2_product_view] ComputeCoordinates()
[2026-05-17 19:57:28.051] [39445] [debug] [scwx::qt::view::level2_product_view] Coordinates calculated in 0.040000s
[2026-05-17 19:57:28.064] [39445] [debug] [scwx::qt::view::level2_product_view] Vertices calculated in 0.010000s
[2026-05-17 19:57:28.076] [39449] [debug] [scwx::qt::view::level2_product_view] Coordinates calculated in 0.070000s
[2026-05-17 19:57:28.082] [39450] [debug] [scwx::qt::view::level2_product_view] Coordinates calculated in 0.070000s
[2026-05-17 19:57:28.089] [39449] [debug] [scwx::qt::view::level2_product_view] Vertices calculated in 0.010000s
[2026-05-17 19:57:28.092] [39450] [debug] [scwx::qt::view::level2_product_view] Vertices calculated in 0.010000s
[2026-05-17 19:57:28.776] [39347] [debug] [scwx::qt::map::radar_product_layer] UpdateSweep()
[2026-05-17 19:57:28.779] [39347] [debug] [scwx::qt::map::radar_product_layer] Vertices buffered in 0.000000s
[2026-05-17 19:57:28.780] [39347] [debug] [scwx::qt::map::radar_product_layer] Data moments buffered in 0.000000s
[2026-05-17 19:57:28.782] [39347] [debug] [scwx::qt::map::radar_product_layer] UpdateSweep()
[2026-05-17 19:57:28.782] [39347] [debug] [scwx::qt::map::radar_product_layer] Vertices buffered in 0.000000s
[2026-05-17 19:57:28.783] [39347] [debug] [scwx::qt::map::radar_product_layer] Data moments buffered in 0.000000s
[2026-05-17 19:57:28.784] [39347] [debug] [scwx::qt::map::radar_product_layer] UpdateSweep()
[2026-05-17 19:57:28.788] [39347] [debug] [scwx::qt::map::radar_product_layer] Vertices buffered in 0.010000s
[2026-05-17 19:57:28.788] [39347] [debug] [scwx::qt::map::radar_product_layer] Data moments buffered in 0.000000s
[2026-05-17 19:57:28.788] [39347] [debug] [scwx::qt::map::radar_product_layer] CFP moments buffered in 0.000000s
[2026-05-17 19:57:29.637] [39395] [debug] [scwx::provider::warnings_provider] Loading file: warnings_20260518_00.txt
[2026-05-17 19:57:31.155] [43002] [debug] [scwx::provider::aws_level2_chunks_data_provider] Refresh() in 0.150000s
[2026-05-17 19:57:31.155] [39445] [debug] [scwx::qt::view::level2_product_view] Computing Sweep
[2026-05-17 19:57:31.155] [39445] [debug] [scwx::qt::view::level2_product_view] ComputeCoordinates()
[2026-05-17 19:57:31.159] [39450] [debug] [scwx::qt::view::level2_product_view] Computing Sweep
[2026-05-17 19:57:31.159] [39450] [debug] [scwx::qt::view::level2_product_view] ComputeCoordinates()
[2026-05-17 19:57:31.159] [39449] [debug] [scwx::qt::view::level2_product_view] Computing Sweep
[2026-05-17 19:57:31.159] [39449] [debug] [scwx::qt::view::level2_product_view] ComputeCoordinates()
[2026-05-17 19:57:31.206] [39445] [debug] [scwx::qt::view::level2_product_view] Coordinates calculated in 0.050000s
[2026-05-17 19:57:31.227] [39449] [debug] [scwx::qt::view::level2_product_view] Coordinates calculated in 0.070000s
[2026-05-17 19:57:31.232] [39450] [debug] [scwx::qt::view::level2_product_view] Coordinates calculated in 0.070000s
[2026-05-17 19:57:31.232] [39445] [debug] [scwx::qt::view::level2_product_view] Vertices calculated in 0.020000s
[2026-05-17 19:57:31.240] [39449] [debug] [scwx::qt::view::level2_product_view] Vertices calculated in 0.010000s
[2026-05-17 19:57:31.242] [39450] [debug] [scwx::qt::view::level2_product_view] Vertices calculated in 0.010000s
[2026-05-17 19:57:31.776] [39347] [debug] [scwx::qt::map::radar_product_layer] UpdateSweep()
[2026-05-17 19:57:31.779] [39347] [debug] [scwx::qt::map::radar_product_layer] Vertices buffered in 0.000000s
[2026-05-17 19:57:31.780] [39347] [debug] [scwx::qt::map::radar_product_layer] Data moments buffered in 0.000000s
[2026-05-17 19:57:31.782] [39347] [debug] [scwx::qt::map::radar_product_layer] UpdateSweep()
[2026-05-17 19:57:31.782] [39347] [debug] [scwx::qt::map::radar_product_layer] Vertices buffered in 0.000000s
[2026-05-17 19:57:31.783] [39347] [debug] [scwx::qt::map::radar_product_layer] Data moments buffered in 0.000000s
[2026-05-17 19:57:31.784] [39347] [debug] [scwx::qt::map::radar_product_layer] UpdateSweep()
[2026-05-17 19:57:31.788] [39347] [debug] [scwx::qt::map::radar_product_layer] Vertices buffered in 0.010000s
[2026-05-17 19:57:31.788] [39347] [debug] [scwx::qt::map::radar_product_layer] Data moments buffered in 0.000000s
[2026-05-17 19:57:31.788] [39347] [debug] [scwx::qt::map::radar_product_layer] CFP moments buffered in 0.000000s
[2026-05-17 19:57:34.307] [43003] [debug] [scwx::provider::aws_level2_chunks_data_provider] Refresh() in 0.150000s
[2026-05-17 19:57:34.308] [39446] [debug] [scwx::qt::view::level2_product_view] Computing Sweep
[2026-05-17 19:57:34.308] [39446] [debug] [scwx::qt::view::level2_product_view] ComputeCoordinates()
[2026-05-17 19:57:34.333] [39446] [debug] [scwx::qt::view::level2_product_view] Coordinates calculated in 0.020000s
[2026-05-17 19:57:34.339] [39446] [debug] [scwx::qt::view::level2_product_view] Vertices calculated in 0.010000s
[2026-05-17 19:57:34.776] [39347] [debug] [scwx::qt::map::radar_product_layer] UpdateSweep()
[2026-05-17 19:57:34.778] [39347] [debug] [scwx::qt::map::radar_product_layer] Vertices buffered in 0.000000s
[2026-05-17 19:57:34.778] [39347] [debug] [scwx::qt::map::radar_product_layer] Data moments buffered in 0.000000s
[2026-05-17 19:57:38.145] [43002] [debug] [scwx::provider::aws_level2_chunks_data_provider] Refresh() in 0.150000s
[2026-05-17 19:57:38.146] [39446] [debug] [scwx::qt::view::level2_product_view] Computing Sweep
[2026-05-17 19:57:38.146] [39446] [debug] [scwx::qt::view::level2_product_view] ComputeCoordinates()
[2026-05-17 19:57:38.172] [39446] [debug] [scwx::qt::view::level2_product_view] Coordinates calculated in 0.020000s
[2026-05-17 19:57:38.178] [39446] [debug] [scwx::qt::view::level2_product_view] Vertices calculated in 0.010000s
[2026-05-17 19:57:38.776] [39347] [debug] [scwx::qt::map::radar_product_layer] UpdateSweep()
[2026-05-17 19:57:38.778] [39347] [debug] [scwx::qt::map::radar_product_layer] Vertices buffered in 0.000000s
[2026-05-17 19:57:38.778] [39347] [debug] [scwx::qt::map::radar_product_layer] Data moments buffered in 0.000000s
[2026-05-17 19:57:45.152] [39394] [debug] [scwx::provider::warnings_provider] Loading file: warnings_20260518_00.txt
[2026-05-17 19:57:58.748] [43003] [debug] [scwx::provider::aws_level2_chunks_data_provider] Refresh() in 0.600000s
[2026-05-17 19:57:58.748] [39446] [debug] [scwx::qt::view::level2_product_view] Computing Sweep
[2026-05-17 19:57:58.748] [39446] [debug] [scwx::qt::view::level2_product_view] ComputeCoordinates()
[2026-05-17 19:57:58.773] [39446] [debug] [scwx::qt::view::level2_product_view] Coordinates calculated in 0.020000s
[2026-05-17 19:57:58.780] [39446] [debug] [scwx::qt::view::level2_product_view] Vertices calculated in 0.010000s
[2026-05-17 19:57:58.781] [39347] [debug] [scwx::qt::map::radar_product_layer] UpdateSweep()
[2026-05-17 19:57:58.783] [39347] [debug] [scwx::qt::map::radar_product_layer] Vertices buffered in 0.000000s
[2026-05-17 19:57:58.783] [39347] [debug] [scwx::qt::map::radar_product_layer] Data moments buffered in 0.000000s
[2026-05-17 19:58:00.666] [39395] [debug] [scwx::provider::warnings_provider] Loading file: warnings_20260518_00.txt
[2026-05-17 19:58:02.165] [43002] [debug] [scwx::provider::aws_level2_chunks_data_provider] Refresh() in 0.170000s
[2026-05-17 19:58:08.262] [43003] [debug] [scwx::provider::aws_level2_chunks_data_provider] Refresh() in 0.260000s
[2026-05-17 19:58:16.204] [39394] [debug] [scwx::provider::warnings_provider] Loading file: warnings_20260518_00.txt
[2026-05-17 19:58:23.735] [39370] [debug] [scwx::network::ntp_client] Time offset updated: -0d 00:00:00.003444611
[2026-05-17 19:58:25.024] [39372] [debug] [scwx::provider::nws_api_provider] GetRadarStations
[2026-05-17 19:58:28.903] [43002] [debug] [scwx::provider::aws_level2_chunks_data_provider] Refresh() in 0.640000s
[2026-05-17 19:58:47.028] [39394] [debug] [scwx::provider::warnings_provider] Loading file: warnings_20260518_00.txt
[2026-05-17 19:58:49.602] [43003] [debug] [scwx::provider::aws_level2_chunks_data_provider] Refresh() in 0.700000s
[2026-05-17 19:58:52.746] [43002] [debug] [scwx::provider::aws_level2_chunks_data_provider] Refresh() in 0.150000s
[2026-05-17 19:58:56.144] [43003] [debug] [scwx::provider::aws_level2_chunks_data_provider] Refresh() in 0.140000s
[2026-05-17 19:59:02.559] [39395] [debug] [scwx::provider::warnings_provider] Loading file: warnings_20260518_00.txt
[2026-05-17 19:59:16.736] [43002] [debug] [scwx::provider::aws_level2_chunks_data_provider] Refresh() in 0.600000s
[2026-05-17 19:59:19.884] [43003] [debug] [scwx::provider::aws_level2_chunks_data_provider] Refresh() in 0.150000s
[2026-05-17 19:59:23.145] [43002] [debug] [scwx::provider::aws_level2_chunks_data_provider] Refresh() in 0.150000s
[2026-05-17 19:59:25.123] [39372] [debug] [scwx::provider::nws_api_provider] GetRadarStations
[2026-05-17 19:59:27.769] [39371] [debug] [scwx::network::ntp_client] Time offset updated: -0d 00:00:00.003669260
[2026-05-17 19:59:33.405] [39395] [debug] [scwx::provider::warnings_provider] Loading file: warnings_20260518_00.txt
[2026-05-17 19:59:43.759] [43003] [debug] [scwx::provider::aws_level2_chunks_data_provider] Refresh() in 0.610000s
[2026-05-17 19:59:45.002] [43001] [debug] [scwx::provider::aws_nexrad_data_provider] Refresh()
[2026-05-17 19:59:45.002] [43001] [debug] [scwx::provider::aws_nexrad_data_provider] ListObjects: 2026/05/18/KUEX/
[2026-05-17 19:59:45.214] [43001] [debug] [scwx::provider::aws_nexrad_data_provider] Found 10 objects
[2026-05-17 19:59:45.214] [43001] [debug] [scwx::provider::aws_nexrad_data_provider] FindLatestKey()
[2026-05-17 19:59:45.214] [42996] [debug] [scwx::provider::aws_nexrad_data_provider] FindKey: 2026-05-18 00:54:21 UTC
[2026-05-17 19:59:45.759] [42996] [debug] [scwx::wsr88d::ar2v_file] Loading Data
[2026-05-17 19:59:45.759] [42996] [debug] [scwx::wsr88d::ar2v_file] Filename:  AR2V0006.
[2026-05-17 19:59:45.759] [42996] [debug] [scwx::wsr88d::ar2v_file] Extension: 217
[2026-05-17 19:59:45.759] [42996] [debug] [scwx::wsr88d::ar2v_file] Date:      20592 (2026-05-18)
[2026-05-17 19:59:45.759] [42996] [debug] [scwx::wsr88d::ar2v_file] Time:      3261401 (00:54:21.401000000)
[2026-05-17 19:59:45.759] [42996] [debug] [scwx::wsr88d::ar2v_file] ICAO:      KUEX
[2026-05-17 19:59:46.463] [42999] [debug] [scwx::qt::manager::radar_product_manager] Level 2 product previously loaded, loading from cache
[2026-05-17 19:59:46.463] [42997] [debug] [scwx::qt::manager::radar_product_manager] Level 2 product previously loaded, loading from cache
[2026-05-17 19:59:46.463] [42998] [debug] [scwx::qt::manager::radar_product_manager] Level 2 product previously loaded, loading from cache
[2026-05-17 19:59:46.902] [43002] [debug] [scwx::provider::aws_level2_chunks_data_provider] Refresh() in 0.140000s
[2026-05-17 19:59:48.944] [39394] [debug] [scwx::provider::warnings_provider] Loading file: warnings_20260518_00.txt
[2026-05-17 19:59:50.085] [43003] [debug] [scwx::provider::aws_level2_chunks_data_provider] Refresh() in 0.090000s
[2026-05-17 19:59:53.393] [79186] [debug] [scwx::wsr88d::ar2v_file] Loading Data
[2026-05-17 19:59:53.393] [79186] [debug] [scwx::wsr88d::ar2v_file] Filename:  AR2V0006.
[2026-05-17 19:59:53.393] [79186] [debug] [scwx::wsr88d::ar2v_file] Extension: 218
[2026-05-17 19:59:53.393] [79186] [debug] [scwx::wsr88d::ar2v_file] Date:      20592 (2026-05-18)
[2026-05-17 19:59:53.393] [79186] [debug] [scwx::wsr88d::ar2v_file] Time:      3591374 (00:59:51.374000000)
[2026-05-17 19:59:53.393] [79186] [debug] [scwx::wsr88d::ar2v_file] ICAO:      KUEX
[2026-05-17 19:59:53.394] [43002] [debug] [scwx::provider::aws_level2_chunks_data_provider] Refresh() in 0.300000s
[2026-05-17 20:00:02.001] [43005] [debug] [scwx::provider::aws_nexrad_data_provider] Refresh()
[2026-05-17 20:00:02.001] [43005] [debug] [scwx::provider::aws_nexrad_data_provider] ListObjects: UEX_NST_2026_05_18_
[2026-05-17 20:00:02.214] [43005] [debug] [scwx::provider::aws_nexrad_data_provider] Found 10 objects
[2026-05-17 20:00:02.214] [43005] [debug] [scwx::provider::aws_nexrad_data_provider] FindLatestKey()
[2026-05-17 20:00:02.214] [39347] [debug] [scwx::qt::view::overlay_product_view] Load Product: NST, 2026-05-18 00:54:21 UTC, true
[2026-05-17 20:00:02.214] [39347] [debug] [scwx::qt::view::overlay_product_view] Load Product: NST, 2026-05-18 00:54:21 UTC, true
[2026-05-17 20:00:02.214] [39347] [debug] [scwx::qt::view::overlay_product_view] Load Product: NST, 2026-05-18 00:54:21 UTC, true
[2026-05-17 20:00:02.214] [39347] [debug] [scwx::qt::view::overlay_product_view] Load Product: NST, 2026-05-18 00:54:21 UTC, true
[2026-05-17 20:00:02.214] [39437] [debug] [scwx::qt::manager::radar_product_manager] LoadLevel3Data: 2026-05-18 00:54:21 UTC
[2026-05-17 20:00:02.215] [39441] [debug] [scwx::qt::manager::radar_product_manager] LoadLevel3Data: 2026-05-18 00:54:21 UTC
[2026-05-17 20:00:02.215] [39409] [debug] [scwx::qt::manager::radar_product_manager] LoadLevel3Data: 2026-05-18 00:54:21 UTC
[2026-05-17 20:00:02.215] [39433] [debug] [scwx::qt::manager::radar_product_manager] LoadLevel3Data: 2026-05-18 00:54:21 UTC
[2026-05-17 20:00:02.215] [42996] [debug] [scwx::provider::aws_nexrad_data_provider] FindKey: 2026-05-18 00:54:21 UTC
[2026-05-17 20:00:02.290] [42996] [debug] [scwx::wsr88d::level3_file] Loading Data
[2026-05-17 20:00:02.290] [42996] [debug] [scwx::wsr88d::level3_file] Data Type: SD
[2026-05-17 20:00:02.290] [42996] [debug] [scwx::wsr88d::level3_file] ICAO:      KGID
[2026-05-17 20:00:02.290] [42996] [debug] [scwx::wsr88d::level3_file] Date/Time: 180054
[2026-05-17 20:00:02.290] [42996] [debug] [scwx::wsr88d::level3_file] Category:  NST
[2026-05-17 20:00:02.290] [42996] [debug] [scwx::wsr88d::level3_file] Site ID:   UEX
[2026-05-17 20:00:02.290] [42996] [debug] [scwx::wsr88d::rpg::level3_message_factory] Found Message 58
[2026-05-17 20:00:02.290] [42996] [debug] [scwx::wsr88d::rpg::graphic_product_message] Loading Blocks
[2026-05-17 20:00:02.290] [42996] [debug] [scwx::wsr88d::rpg::graphic_product_message] Product symbology block valid: true
[2026-05-17 20:00:02.290] [42996] [debug] [scwx::wsr88d::rpg::graphic_product_message] Graphic alphanumeric block valid: true
[2026-05-17 20:00:02.290] [42996] [debug] [scwx::wsr88d::rpg::graphic_product_message] Tabular alphanumeric block valid: true
[2026-05-17 20:00:02.290] [42999] [debug] [scwx::qt::manager::radar_product_manager] Level 3 product previously loaded, loading from cache
[2026-05-17 20:00:02.290] [42998] [debug] [scwx::qt::manager::radar_product_manager] Level 3 product previously loaded, loading from cache
[2026-05-17 20:00:02.290] [42997] [debug] [scwx::qt::manager::radar_product_manager] Level 3 product previously loaded, loading from cache
[2026-05-17 20:00:04.474] [39395] [debug] [scwx::provider::warnings_provider] Loading file: warnings_20260518_00.txt
[2026-05-17 20:00:14.668] [43003] [debug] [scwx::provider::aws_level2_chunks_data_provider] Refresh() in 1.280000s
[2026-05-17 20:00:14.668] [39445] [debug] [scwx::qt::view::level2_product_view] Computing Sweep
[2026-05-17 20:00:14.668] [39445] [debug] [scwx::qt::view::level2_product_view] ComputeCoordinates()
[2026-05-17 20:00:14.671] [39449] [debug] [scwx::qt::view::level2_product_view] Computing Sweep
[2026-05-17 20:00:14.671] [39449] [debug] [scwx::qt::view::level2_product_view] ComputeCoordinates()
[2026-05-17 20:00:14.673] [39450] [debug] [scwx::qt::view::level2_product_view] Computing Sweep
[2026-05-17 20:00:14.673] [39450] [debug] [scwx::qt::view::level2_product_view] ComputeCoordinates()
[2026-05-17 20:00:14.728] [39445] [debug] [scwx::qt::view::level2_product_view] Coordinates calculated in 0.060000s
[2026-05-17 20:00:14.740] [39449] [debug] [scwx::qt::view::level2_product_view] Coordinates calculated in 0.070000s
[2026-05-17 20:00:14.743] [39450] [debug] [scwx::qt::view::level2_product_view] Coordinates calculated in 0.070000s
[2026-05-17 20:00:14.753] [39445] [debug] [scwx::qt::view::level2_product_view] Vertices calculated in 0.020000s
[2026-05-17 20:00:14.754] [39449] [debug] [scwx::qt::view::level2_product_view] Vertices calculated in 0.010000s
[2026-05-17 20:00:14.756] [39450] [debug] [scwx::qt::view::level2_product_view] Vertices calculated in 0.020000s
[2026-05-17 20:00:14.775] [39347] [debug] [scwx::qt::map::radar_product_layer] UpdateSweep()
[2026-05-17 20:00:14.778] [39347] [debug] [scwx::qt::map::radar_product_layer] Vertices buffered in 0.000000s
[2026-05-17 20:00:14.779] [39347] [debug] [scwx::qt::map::radar_product_layer] Data moments buffered in 0.000000s
[2026-05-17 20:00:14.781] [39347] [debug] [scwx::qt::map::radar_product_layer] UpdateSweep()
[2026-05-17 20:00:14.781] [39347] [debug] [scwx::qt::map::radar_product_layer] Vertices buffered in 0.000000s
[2026-05-17 20:00:14.782] [39347] [debug] [scwx::qt::map::radar_product_layer] Data moments buffered in 0.000000s
[2026-05-17 20:00:14.783] [39347] [debug] [scwx::qt::map::radar_product_layer] UpdateSweep()
[2026-05-17 20:00:14.786] [39347] [debug] [scwx::qt::map::radar_product_layer] Vertices buffered in 0.010000s
[2026-05-17 20:00:14.787] [39347] [debug] [scwx::qt::map::radar_product_layer] Data moments buffered in 0.000000s
[2026-05-17 20:00:14.787] [39347] [debug] [scwx::qt::map::radar_product_layer] CFP moments buffered in 0.000000s
[2026-05-17 20:00:19.972] [39394] [debug] [scwx::provider::warnings_provider] Loading file: warnings_20260518_01.txt
[2026-05-17 20:00:25.234] [39372] [debug] [scwx::provider::nws_api_provider] GetRadarStations
[2026-05-17 20:00:31.806] [39370] [debug] [scwx::network::ntp_client] Time offset updated: -0d 00:00:00.001019283
[2026-05-17 20:00:35.412] [43002] [debug] [scwx::provider::aws_level2_chunks_data_provider] Refresh() in 0.740000s
[2026-05-17 20:00:35.412] [39446] [debug] [scwx::qt::view::level2_product_view] Computing Sweep
[2026-05-17 20:00:35.412] [39446] [debug] [scwx::qt::view::level2_product_view] ComputeCoordinates()
[2026-05-17 20:00:35.437] [39446] [debug] [scwx::qt::view::level2_product_view] Coordinates calculated in 0.030000s
[2026-05-17 20:00:35.444] [39446] [debug] [scwx::qt::view::level2_product_view] Vertices calculated in 0.000000s
[2026-05-17 20:00:35.775] [39347] [debug] [scwx::qt::map::radar_product_layer] UpdateSweep()
[2026-05-17 20:00:35.777] [39347] [debug] [scwx::qt::map::radar_product_layer] Vertices buffered in 0.000000s
[2026-05-17 20:00:35.777] [39347] [debug] [scwx::qt::map::radar_product_layer] Data moments buffered in 0.000000s
[2026-05-17 20:00:38.565] [43003] [debug] [scwx::provider::aws_level2_chunks_data_provider] Refresh() in 0.160000s
[2026-05-17 20:00:59.604] [43002] [debug] [scwx::provider::aws_level2_chunks_data_provider] Refresh() in 1.030000s
[2026-05-17 20:01:20.424] [43003] [debug] [scwx::provider::aws_level2_chunks_data_provider] Refresh() in 0.820000s
[2026-05-17 20:01:21.362] [39394] [debug] [scwx::provider::warnings_provider] Loading file: warnings_20260518_01.txt
[2026-05-17 20:01:25.336] [39372] [debug] [scwx::provider::nws_api_provider] GetRadarStations
[2026-05-17 20:01:35.834] [39371] [debug] [scwx::network::ntp_client] Time offset updated: -0d 00:00:00.003346106
[2026-05-17 20:01:36.821] [39395] [debug] [scwx::provider::warnings_provider] Loading file: warnings_20260518_01.txt
[2026-05-17 20:01:41.229] [43002] [debug] [scwx::provider::aws_level2_chunks_data_provider] Refresh() in 0.800000s
[2026-05-17 20:01:44.376] [43003] [debug] [scwx::provider::aws_level2_chunks_data_provider] Refresh() in 0.150000s
[2026-05-17 20:01:47.574] [43002] [debug] [scwx::provider::aws_level2_chunks_data_provider] Refresh() in 0.190000s
[2026-05-17 20:01:51.146] [43003] [debug] [scwx::provider::aws_level2_chunks_data_provider] Refresh() in 0.150000s
[2026-05-17 20:01:54.385] [43002] [debug] [scwx::provider::aws_level2_chunks_data_provider] Refresh() in 0.240000s
[2026-05-17 20:01:58.204] [43003] [debug] [scwx::provider::aws_level2_chunks_data_provider] Refresh() in 0.200000s
[2026-05-17 20:02:07.580] [39395] [debug] [scwx::provider::warnings_provider] Loading file: warnings_20260518_01.txt
[2026-05-17 20:02:18.966] [43002] [debug] [scwx::provider::aws_level2_chunks_data_provider] Refresh() in 0.770000s
[2026-05-17 20:02:22.119] [43003] [debug] [scwx::provider::aws_level2_chunks_data_provider] Refresh() in 0.150000s
[2026-05-17 20:02:23.051] [39394] [debug] [scwx::provider::warnings_provider] Loading file: warnings_20260518_01.txt
[2026-05-17 20:02:25.430] [39372] [debug] [scwx::provider::nws_api_provider] GetRadarStations
[2026-05-17 20:02:26.154] [43002] [debug] [scwx::provider::aws_level2_chunks_data_provider] Refresh() in 0.150000s
[2026-05-17 20:02:38.516] [39395] [debug] [scwx::provider::warnings_provider] Loading file: warnings_20260518_01.txt
[2026-05-17 20:02:39.864] [39370] [debug] [scwx::network::ntp_client] Time offset updated: -0d 00:00:00.002547291
[2026-05-17 20:02:46.931] [43003] [debug] [scwx::provider::aws_level2_chunks_data_provider] Refresh() in 0.780000s
[2026-05-17 20:02:46.939] [39445] [debug] [scwx::qt::view::level2_product_view] Computing Sweep
[2026-05-17 20:02:46.939] [39445] [debug] [scwx::qt::view::level2_product_view] ComputeCoordinates()
[2026-05-17 20:02:46.940] [39450] [debug] [scwx::qt::view::level2_product_view] Computing Sweep
[2026-05-17 20:02:46.940] [39450] [debug] [scwx::qt::view::level2_product_view] ComputeCoordinates()
[2026-05-17 20:02:46.944] [39449] [debug] [scwx::qt::view::level2_product_view] Computing Sweep
[2026-05-17 20:02:46.944] [39449] [debug] [scwx::qt::view::level2_product_view] ComputeCoordinates()
[2026-05-17 20:02:46.988] [39445] [debug] [scwx::qt::view::level2_product_view] Coordinates calculated in 0.050000s
[2026-05-17 20:02:47.000] [39445] [debug] [scwx::qt::view::level2_product_view] Vertices calculated in 0.010000s
[2026-05-17 20:02:47.008] [39449] [debug] [scwx::qt::view::level2_product_view] Coordinates calculated in 0.070000s
[2026-05-17 20:02:47.015] [39450] [debug] [scwx::qt::view::level2_product_view] Coordinates calculated in 0.080000s
[2026-05-17 20:02:47.019] [39449] [debug] [scwx::qt::view::level2_product_view] Vertices calculated in 0.010000s
[2026-05-17 20:02:47.024] [39450] [debug] [scwx::qt::view::level2_product_view] Vertices calculated in 0.000000s
[2026-05-17 20:02:47.768] [39347] [debug] [scwx::qt::map::radar_product_layer] UpdateSweep()
[2026-05-17 20:02:47.771] [39347] [debug] [scwx::qt::map::radar_product_layer] Vertices buffered in 0.000000s
[2026-05-17 20:02:47.772] [39347] [debug] [scwx::qt::map::radar_product_layer] Data moments buffered in 0.000000s
[2026-05-17 20:02:47.774] [39347] [debug] [scwx::qt::map::radar_product_layer] UpdateSweep()
[2026-05-17 20:02:47.774] [39347] [debug] [scwx::qt::map::radar_product_layer] Vertices buffered in 0.000000s
[2026-05-17 20:02:47.775] [39347] [debug] [scwx::qt::map::radar_product_layer] Data moments buffered in 0.010000s
[2026-05-17 20:02:47.776] [39347] [debug] [scwx::qt::map::radar_product_layer] UpdateSweep()
[2026-05-17 20:02:47.779] [39347] [debug] [scwx::qt::map::radar_product_layer] Vertices buffered in 0.000000s
[2026-05-17 20:02:47.780] [39347] [debug] [scwx::qt::map::radar_product_layer] Data moments buffered in 0.000000s
[2026-05-17 20:02:47.780] [39347] [debug] [scwx::qt::map::radar_product_layer] CFP moments buffered in 0.000000s
[2026-05-17 20:03:07.843] [43002] [debug] [scwx::provider::aws_level2_chunks_data_provider] Refresh() in 0.910000s
[2026-05-17 20:03:07.938] [39446] [debug] [scwx::qt::view::level2_product_view] Computing Sweep
[2026-05-17 20:03:07.938] [39446] [debug] [scwx::qt::view::level2_product_view] ComputeCoordinates()
[2026-05-17 20:03:07.939] [39445] [debug] [scwx::qt::view::level2_product_view] Computing Sweep
[2026-05-17 20:03:07.939] [39445] [debug] [scwx::qt::view::level2_product_view] ComputeCoordinates()
[2026-05-17 20:03:07.942] [39449] [debug] [scwx::qt::view::level2_product_view] Computing Sweep
[2026-05-17 20:03:07.942] [39449] [debug] [scwx::qt::view::level2_product_view] ComputeCoordinates()
[2026-05-17 20:03:07.943] [39450] [debug] [scwx::qt::view::level2_product_view] Computing Sweep
[2026-05-17 20:03:07.943] [39450] [debug] [scwx::qt::view::level2_product_view] ComputeCoordinates()
[2026-05-17 20:03:07.987] [39446] [debug] [scwx::qt::view::level2_product_view] Coordinates calculated in 0.050000s
[2026-05-17 20:03:07.994] [39446] [debug] [scwx::qt::view::level2_product_view] Vertices calculated in 0.010000s
[2026-05-17 20:03:08.028] [39449] [debug] [scwx::qt::view::level2_product_view] Coordinates calculated in 0.090000s
[2026-05-17 20:03:08.035] [39445] [debug] [scwx::qt::view::level2_product_view] Coordinates calculated in 0.100000s
[2026-05-17 20:03:08.038] [39450] [debug] [scwx::qt::view::level2_product_view] Coordinates calculated in 0.100000s
[2026-05-17 20:03:08.045] [39449] [debug] [scwx::qt::view::level2_product_view] Vertices calculated in 0.020000s
[2026-05-17 20:03:08.053] [39445] [debug] [scwx::qt::view::level2_product_view] Vertices calculated in 0.010000s
[2026-05-17 20:03:08.053] [39450] [debug] [scwx::qt::view::level2_product_view] Vertices calculated in 0.010000s
[2026-05-17 20:03:08.768] [39347] [debug] [scwx::qt::map::radar_product_layer] UpdateSweep()
[2026-05-17 20:03:08.771] [39347] [debug] [scwx::qt::map::radar_product_layer] Vertices buffered in 0.000000s
[2026-05-17 20:03:08.772] [39347] [debug] [scwx::qt::map::radar_product_layer] Data moments buffered in 0.000000s
[2026-05-17 20:03:08.774] [39347] [debug] [scwx::qt::map::radar_product_layer] UpdateSweep()
[2026-05-17 20:03:08.774] [39347] [debug] [scwx::qt::map::radar_product_layer] Vertices buffered in 0.000000s
[2026-05-17 20:03:08.775] [39347] [debug] [scwx::qt::map::radar_product_layer] Data moments buffered in 0.010000s
[2026-05-17 20:03:08.776] [39347] [debug] [scwx::qt::map::radar_product_layer] UpdateSweep()
[2026-05-17 20:03:08.777] [39347] [debug] [scwx::qt::map::radar_product_layer] Vertices buffered in 0.000000s
[2026-05-17 20:03:08.777] [39347] [debug] [scwx::qt::map::radar_product_layer] Data moments buffered in 0.000000s
[2026-05-17 20:03:08.778] [39347] [debug] [scwx::qt::map::radar_product_layer] UpdateSweep()
[2026-05-17 20:03:08.781] [39347] [debug] [scwx::qt::map::radar_product_layer] Vertices buffered in 0.000000s
[2026-05-17 20:03:08.782] [39347] [debug] [scwx::qt::map::radar_product_layer] Data moments buffered in 0.000000s
[2026-05-17 20:03:08.782] [39347] [debug] [scwx::qt::map::radar_product_layer] CFP moments buffered in 0.000000s
[2026-05-17 20:03:25.531] [39372] [debug] [scwx::provider::nws_api_provider] GetRadarStations
[2026-05-17 20:03:28.496] [43003] [debug] [scwx::provider::aws_level2_chunks_data_provider] Refresh() in 0.660000s
[2026-05-17 20:03:28.497] [39446] [debug] [scwx::qt::view::level2_product_view] Computing Sweep
[2026-05-17 20:03:28.497] [39446] [debug] [scwx::qt::view::level2_product_view] ComputeCoordinates()
[2026-05-17 20:03:28.521] [39446] [debug] [scwx::qt::view::level2_product_view] Coordinates calculated in 0.020000s
[2026-05-17 20:03:28.527] [39446] [debug] [scwx::qt::view::level2_product_view] Vertices calculated in 0.010000s
[2026-05-17 20:03:28.768] [39347] [debug] [scwx::qt::map::radar_product_layer] UpdateSweep()
[2026-05-17 20:03:28.770] [39347] [debug] [scwx::qt::map::radar_product_layer] Vertices buffered in 0.000000s
[2026-05-17 20:03:28.770] [39347] [debug] [scwx::qt::map::radar_product_layer] Data moments buffered in 0.000000s
[2026-05-17 20:03:31.643] [43002] [debug] [scwx::provider::aws_level2_chunks_data_provider] Refresh() in 0.140000s
[2026-05-17 20:03:36.148] [43003] [debug] [scwx::provider::aws_level2_chunks_data_provider] Refresh() in 0.150000s
[2026-05-17 20:03:41.153] [43002] [debug] [scwx::provider::aws_level2_chunks_data_provider] Refresh() in 0.150000s
[2026-05-17 20:03:43.927] [39371] [debug] [scwx::network::ntp_client] Time offset updated: -0d 00:00:00.017450012
[2026-05-17 20:03:55.270] [39394] [debug] [scwx::provider::warnings_provider] Loading file: warnings_20260518_01.txt
[2026-05-17 20:04:01.872] [43003] [debug] [scwx::provider::aws_level2_chunks_data_provider] Refresh() in 0.720000s
[2026-05-17 20:04:05.013] [43002] [debug] [scwx::provider::aws_level2_chunks_data_provider] Refresh() in 0.140000s
[2026-05-17 20:04:09.150] [43003] [debug] [scwx::provider::aws_level2_chunks_data_provider] Refresh() in 0.130000s
[2026-05-17 20:04:10.714] [39395] [debug] [scwx::provider::warnings_provider] Loading file: warnings_20260518_01.txt
[2026-05-17 20:04:14.161] [43002] [debug] [scwx::provider::aws_level2_chunks_data_provider] Refresh() in 0.140000s
[2026-05-17 20:04:17.303] [43003] [debug] [scwx::provider::aws_level2_chunks_data_provider] Refresh() in 0.140000s
[2026-05-17 20:04:25.645] [39372] [debug] [scwx::provider::nws_api_provider] GetRadarStations
[2026-05-17 20:04:38.036] [43002] [debug] [scwx::provider::aws_level2_chunks_data_provider] Refresh() in 0.740000s
[2026-05-17 20:04:47.960] [39370] [debug] [scwx::network::ntp_client] Time offset updated: -0d 00:00:00.001489714
[2026-05-17 20:04:56.853] [39394] [debug] [scwx::provider::warnings_provider] Loading file: warnings_20260518_01.txt
[2026-05-17 20:04:58.678] [43003] [debug] [scwx::provider::aws_level2_chunks_data_provider] Refresh() in 0.640000s
[2026-05-17 20:05:12.289] [39395] [debug] [scwx::provider::warnings_provider] Loading file: warnings_20260518_01.txt
[2026-05-17 20:05:14.003] [43000] [debug] [scwx::provider::aws_nexrad_data_provider] Refresh()
[2026-05-17 20:05:14.003] [43000] [debug] [scwx::provider::aws_nexrad_data_provider] ListObjects: 2026/05/18/KUEX/
[2026-05-17 20:05:14.242] [43000] [debug] [scwx::provider::aws_nexrad_data_provider] Found 12 objects
[2026-05-17 20:05:14.242] [43000] [debug] [scwx::provider::aws_nexrad_data_provider] FindLatestKey()
[2026-05-17 20:05:14.242] [42996] [debug] [scwx::provider::aws_nexrad_data_provider] FindKey: 2026-05-18 00:59:51 UTC
[2026-05-17 20:05:14.773] [42996] [debug] [scwx::wsr88d::ar2v_file] Loading Data
[2026-05-17 20:05:14.773] [42996] [debug] [scwx::wsr88d::ar2v_file] Filename:  AR2V0006.
[2026-05-17 20:05:14.773] [42996] [debug] [scwx::wsr88d::ar2v_file] Extension: 218
[2026-05-17 20:05:14.773] [42996] [debug] [scwx::wsr88d::ar2v_file] Date:      20592 (2026-05-18)
[2026-05-17 20:05:14.773] [42996] [debug] [scwx::wsr88d::ar2v_file] Time:      3591374 (00:59:51.374000000)
[2026-05-17 20:05:14.773] [42996] [debug] [scwx::wsr88d::ar2v_file] ICAO:      KUEX
[2026-05-17 20:05:15.444] [42999] [debug] [scwx::qt::manager::radar_product_manager] Level 2 product previously loaded, loading from cache
[2026-05-17 20:05:15.444] [42997] [debug] [scwx::qt::manager::radar_product_manager] Level 2 product previously loaded, loading from cache
[2026-05-17 20:05:15.444] [42998] [debug] [scwx::qt::manager::radar_product_manager] Level 2 product previously loaded, loading from cache
[2026-05-17 20:05:19.119] [43002] [debug] [scwx::provider::aws_level2_chunks_data_provider] Refresh() in 0.440000s
[2026-05-17 20:05:21.002] [43004] [debug] [scwx::provider::aws_nexrad_data_provider] Refresh()
[2026-05-17 20:05:21.002] [43004] [debug] [scwx::provider::aws_nexrad_data_provider] ListObjects: UEX_NST_2026_05_18_
[2026-05-17 20:05:21.207] [43004] [debug] [scwx::provider::aws_nexrad_data_provider] Found 10 objects
[2026-05-17 20:05:21.207] [43004] [debug] [scwx::provider::aws_nexrad_data_provider] FindLatestKey()
[2026-05-17 20:05:22.429] [82078] [debug] [scwx::wsr88d::ar2v_file] Loading Data
[2026-05-17 20:05:22.429] [82078] [debug] [scwx::wsr88d::ar2v_file] Filename:  AR2V0006.
[2026-05-17 20:05:22.429] [82078] [debug] [scwx::wsr88d::ar2v_file] Extension: 219
[2026-05-17 20:05:22.429] [82078] [debug] [scwx::wsr88d::ar2v_file] Date:      20592 (2026-05-18)
[2026-05-17 20:05:22.429] [82078] [debug] [scwx::wsr88d::ar2v_file] Time:      3913125 (01:05:13.125000000)
[2026-05-17 20:05:22.429] [82078] [debug] [scwx::wsr88d::ar2v_file] ICAO:      KUEX
[2026-05-17 20:05:22.678] [43003] [debug] [scwx::provider::aws_level2_chunks_data_provider] Refresh() in 0.560000s
[2026-05-17 20:05:22.679] [39445] [debug] [scwx::qt::view::level2_product_view] Computing Sweep
[2026-05-17 20:05:22.679] [39445] [debug] [scwx::qt::view::level2_product_view] ComputeCoordinates()
[2026-05-17 20:05:22.680] [39450] [debug] [scwx::qt::view::level2_product_view] Computing Sweep
[2026-05-17 20:05:22.680] [39450] [debug] [scwx::qt::view::level2_product_view] ComputeCoordinates()
[2026-05-17 20:05:22.684] [39449] [debug] [scwx::qt::view::level2_product_view] Computing Sweep
[2026-05-17 20:05:22.684] [39449] [debug] [scwx::qt::view::level2_product_view] ComputeCoordinates()
[2026-05-17 20:05:22.746] [39445] [debug] [scwx::qt::view::level2_product_view] Coordinates calculated in 0.070000s
[2026-05-17 20:05:22.753] [39450] [debug] [scwx::qt::view::level2_product_view] Coordinates calculated in 0.070000s
[2026-05-17 20:05:22.753] [39449] [debug] [scwx::qt::view::level2_product_view] Coordinates calculated in 0.070000s
[2026-05-17 20:05:22.767] [39445] [debug] [scwx::qt::view::level2_product_view] Vertices calculated in 0.020000s
[2026-05-17 20:05:22.769] [39449] [debug] [scwx::qt::view::level2_product_view] Vertices calculated in 0.020000s
[2026-05-17 20:05:22.771] [39450] [debug] [scwx::qt::view::level2_product_view] Vertices calculated in 0.020000s
[2026-05-17 20:05:22.773] [39347] [debug] [scwx::qt::map::radar_product_layer] UpdateSweep()
[2026-05-17 20:05:22.777] [39347] [debug] [scwx::qt::map::radar_product_layer] Vertices buffered in 0.010000s
[2026-05-17 20:05:22.777] [39347] [debug] [scwx::qt::map::radar_product_layer] Data moments buffered in 0.000000s
[2026-05-17 20:05:22.779] [39347] [debug] [scwx::qt::map::radar_product_layer] CFP moments buffered in 0.000000s
[2026-05-17 20:05:22.780] [39347] [debug] [scwx::qt::map::radar_product_layer] UpdateSweep()
[2026-05-17 20:05:22.781] [39347] [debug] [scwx::qt::map::radar_product_layer] Vertices buffered in 0.000000s
[2026-05-17 20:05:22.781] [39347] [debug] [scwx::qt::map::radar_product_layer] Data moments buffered in 0.000000s
[2026-05-17 20:05:23.768] [39347] [debug] [scwx::qt::map::radar_product_layer] UpdateSweep()
[2026-05-17 20:05:23.768] [39347] [debug] [scwx::qt::map::radar_product_layer] Vertices buffered in 0.000000s
[2026-05-17 20:05:23.769] [39347] [debug] [scwx::qt::map::radar_product_layer] Data moments buffered in 0.000000s
[2026-05-17 20:05:25.743] [39372] [debug] [scwx::provider::nws_api_provider] GetRadarStations
[2026-05-17 20:05:27.759] [39394] [debug] [scwx::provider::warnings_provider] Loading file: warnings_20260518_01.txt
[2026-05-17 20:05:36.207] [43005] [debug] [scwx::provider::aws_nexrad_data_provider] Refresh()
[2026-05-17 20:05:36.207] [43005] [debug] [scwx::provider::aws_nexrad_data_provider] ListObjects: UEX_NST_2026_05_18_
[2026-05-17 20:05:36.393] [43005] [debug] [scwx::provider::aws_nexrad_data_provider] Found 11 objects
[2026-05-17 20:05:36.393] [43005] [debug] [scwx::provider::aws_nexrad_data_provider] FindLatestKey()
[2026-05-17 20:05:36.393] [39347] [debug] [scwx::qt::view::overlay_product_view] Load Product: NST, 2026-05-18 00:59:51 UTC, true
[2026-05-17 20:05:36.393] [39347] [debug] [scwx::qt::view::overlay_product_view] Load Product: NST, 2026-05-18 00:59:51 UTC, true
[2026-05-17 20:05:36.393] [39347] [debug] [scwx::qt::view::overlay_product_view] Load Product: NST, 2026-05-18 00:59:51 UTC, true
[2026-05-17 20:05:36.393] [39347] [debug] [scwx::qt::view::overlay_product_view] Load Product: NST, 2026-05-18 00:59:51 UTC, true
[2026-05-17 20:05:36.393] [39437] [debug] [scwx::qt::manager::radar_product_manager] LoadLevel3Data: 2026-05-18 00:59:51 UTC
[2026-05-17 20:05:36.393] [39409] [debug] [scwx::qt::manager::radar_product_manager] LoadLevel3Data: 2026-05-18 00:59:51 UTC
[2026-05-17 20:05:36.393] [39433] [debug] [scwx::qt::manager::radar_product_manager] LoadLevel3Data: 2026-05-18 00:59:51 UTC
[2026-05-17 20:05:36.393] [39441] [debug] [scwx::qt::manager::radar_product_manager] LoadLevel3Data: 2026-05-18 00:59:51 UTC
[2026-05-17 20:05:36.393] [42996] [debug] [scwx::provider::aws_nexrad_data_provider] FindKey: 2026-05-18 00:59:51 UTC
[2026-05-17 20:05:36.468] [42996] [debug] [scwx::wsr88d::level3_file] Loading Data
[2026-05-17 20:05:36.468] [42996] [debug] [scwx::wsr88d::level3_file] Data Type: SD
[2026-05-17 20:05:36.468] [42996] [debug] [scwx::wsr88d::level3_file] ICAO:      KGID
[2026-05-17 20:05:36.468] [42996] [debug] [scwx::wsr88d::level3_file] Date/Time: 180059
[2026-05-17 20:05:36.468] [42996] [debug] [scwx::wsr88d::level3_file] Category:  NST
[2026-05-17 20:05:36.468] [42996] [debug] [scwx::wsr88d::level3_file] Site ID:   UEX
[2026-05-17 20:05:36.468] [42996] [debug] [scwx::wsr88d::rpg::level3_message_factory] Found Message 58
[2026-05-17 20:05:36.468] [42996] [debug] [scwx::wsr88d::rpg::graphic_product_message] Loading Blocks
[2026-05-17 20:05:36.468] [42996] [debug] [scwx::wsr88d::rpg::graphic_product_message] Product symbology block valid: true
[2026-05-17 20:05:36.468] [42996] [debug] [scwx::wsr88d::rpg::graphic_product_message] Graphic alphanumeric block valid: true
[2026-05-17 20:05:36.468] [42996] [debug] [scwx::wsr88d::rpg::graphic_product_message] Tabular alphanumeric block valid: true
[2026-05-17 20:05:36.469] [42997] [debug] [scwx::qt::manager::radar_product_manager] Level 3 product previously loaded, loading from cache
[2026-05-17 20:05:36.469] [42998] [debug] [scwx::qt::manager::radar_product_manager] Level 3 product previously loaded, loading from cache
[2026-05-17 20:05:36.469] [42999] [debug] [scwx::qt::manager::radar_product_manager] Level 3 product previously loaded, loading from cache
[2026-05-17 20:05:43.204] [39395] [debug] [scwx::provider::warnings_provider] Loading file: warnings_20260518_01.txt
[2026-05-17 20:05:43.551] [43002] [debug] [scwx::provider::aws_level2_chunks_data_provider] Refresh() in 0.870000s
[2026-05-17 20:05:43.552] [39446] [debug] [scwx::qt::view::level2_product_view] Computing Sweep
[2026-05-17 20:05:43.552] [39446] [debug] [scwx::qt::view::level2_product_view] ComputeCoordinates()
[2026-05-17 20:05:43.552] [39445] [debug] [scwx::qt::view::level2_product_view] Computing Sweep
[2026-05-17 20:05:43.552] [39445] [debug] [scwx::qt::view::level2_product_view] ComputeCoordinates()
[2026-05-17 20:05:43.555] [39450] [debug] [scwx::qt::view::level2_product_view] Computing Sweep
[2026-05-17 20:05:43.555] [39450] [debug] [scwx::qt::view::level2_product_view] ComputeCoordinates()
[2026-05-17 20:05:43.558] [39449] [debug] [scwx::qt::view::level2_product_view] Computing Sweep
[2026-05-17 20:05:43.558] [39449] [debug] [scwx::qt::view::level2_product_view] ComputeCoordinates()
[2026-05-17 20:05:43.613] [39446] [debug] [scwx::qt::view::level2_product_view] Coordinates calculated in 0.060000s
[2026-05-17 20:05:43.637] [39446] [debug] [scwx::qt::view::level2_product_view] Vertices calculated in 0.030000s
[2026-05-17 20:05:43.645] [39449] [debug] [scwx::qt::view::level2_product_view] Coordinates calculated in 0.090000s
[2026-05-17 20:05:43.650] [39450] [debug] [scwx::qt::view::level2_product_view] Coordinates calculated in 0.090000s
[2026-05-17 20:05:43.654] [39445] [debug] [scwx::qt::view::level2_product_view] Coordinates calculated in 0.100000s
[2026-05-17 20:05:43.662] [39449] [debug] [scwx::qt::view::level2_product_view] Vertices calculated in 0.010000s
[2026-05-17 20:05:43.665] [39450] [debug] [scwx::qt::view::level2_product_view] Vertices calculated in 0.020000s
[2026-05-17 20:05:43.669] [39445] [debug] [scwx::qt::view::level2_product_view] Vertices calculated in 0.020000s
[2026-05-17 20:05:43.767] [39347] [debug] [scwx::qt::map::radar_product_layer] UpdateSweep()
[2026-05-17 20:05:43.770] [39347] [debug] [scwx::qt::map::radar_product_layer] Vertices buffered in 0.000000s
[2026-05-17 20:05:43.771] [39347] [debug] [scwx::qt::map::radar_product_layer] Data moments buffered in 0.000000s
[2026-05-17 20:05:43.772] [39347] [debug] [scwx::qt::map::radar_product_layer] UpdateSweep()
[2026-05-17 20:05:43.773] [39347] [debug] [scwx::qt::map::radar_product_layer] Vertices buffered in 0.000000s
[2026-05-17 20:05:43.773] [39347] [debug] [scwx::qt::map::radar_product_layer] Data moments buffered in 0.000000s
[2026-05-17 20:05:43.775] [39347] [debug] [scwx::qt::map::radar_product_layer] UpdateSweep()
[2026-05-17 20:05:43.777] [39347] [debug] [scwx::qt::map::radar_product_layer] Vertices buffered in 0.000000s
[2026-05-17 20:05:43.777] [39347] [debug] [scwx::qt::map::radar_product_layer] Data moments buffered in 0.000000s
[2026-05-17 20:05:43.778] [39347] [debug] [scwx::qt::map::radar_product_layer] UpdateSweep()
[2026-05-17 20:05:43.779] [39347] [debug] [scwx::qt::map::radar_product_layer] Vertices buffered in 0.000000s
[2026-05-17 20:05:43.779] [39347] [debug] [scwx::qt::map::radar_product_layer] Data moments buffered in 0.000000s
[2026-05-17 20:05:43.780] [39347] [debug] [scwx::qt::map::radar_product_layer] CFP moments buffered in 0.000000s
[2026-05-17 20:05:46.696] [43002] [debug] [scwx::provider::aws_level2_chunks_data_provider] Refresh() in 0.150000s
[2026-05-17 20:05:46.697] [39446] [debug] [scwx::qt::view::level2_product_view] Computing Sweep
[2026-05-17 20:05:46.697] [39446] [debug] [scwx::qt::view::level2_product_view] ComputeCoordinates()
[2026-05-17 20:05:46.722] [39446] [debug] [scwx::qt::view::level2_product_view] Coordinates calculated in 0.020000s
[2026-05-17 20:05:46.728] [39446] [debug] [scwx::qt::view::level2_product_view] Vertices calculated in 0.010000s
[2026-05-17 20:05:46.767] [39347] [debug] [scwx::qt::map::radar_product_layer] UpdateSweep()
[2026-05-17 20:05:46.769] [39347] [debug] [scwx::qt::map::radar_product_layer] Vertices buffered in 0.000000s
[2026-05-17 20:05:46.769] [39347] [debug] [scwx::qt::map::radar_product_layer] Data moments buffered in 0.000000s
[2026-05-17 20:05:50.145] [43003] [debug] [scwx::provider::aws_level2_chunks_data_provider] Refresh() in 0.150000s
[2026-05-17 20:05:50.146] [39446] [debug] [scwx::qt::view::level2_product_view] Computing Sweep
[2026-05-17 20:05:50.146] [39446] [debug] [scwx::qt::view::level2_product_view] ComputeCoordinates()
[2026-05-17 20:05:50.172] [39446] [debug] [scwx::qt::view::level2_product_view] Coordinates calculated in 0.020000s
[2026-05-17 20:05:50.178] [39446] [debug] [scwx::qt::view::level2_product_view] Vertices calculated in 0.010000s
[2026-05-17 20:05:50.767] [39347] [debug] [scwx::qt::map::radar_product_layer] UpdateSweep()
[2026-05-17 20:05:50.769] [39347] [debug] [scwx::qt::map::radar_product_layer] Vertices buffered in 0.000000s
[2026-05-17 20:05:50.770] [39347] [debug] [scwx::qt::map::radar_product_layer] Data moments buffered in 0.000000s
[2026-05-17 20:05:51.988] [39371] [debug] [scwx::network::ntp_client] Time offset updated: -0d 00:00:00.003844662
[2026-05-17 20:05:58.689] [39394] [debug] [scwx::provider::warnings_provider] Loading file: warnings_20260518_01.txt
[2026-05-17 20:06:10.945] [43002] [debug] [scwx::provider::aws_level2_chunks_data_provider] Refresh() in 0.800000s
[2026-05-17 20:06:10.947] [39446] [debug] [scwx::qt::view::level2_product_view] Computing Sweep
[2026-05-17 20:06:10.947] [39446] [debug] [scwx::qt::view::level2_product_view] ComputeCoordinates()
[2026-05-17 20:06:10.972] [39446] [debug] [scwx::qt::view::level2_product_view] Coordinates calculated in 0.020000s
[2026-05-17 20:06:10.978] [39446] [debug] [scwx::qt::view::level2_product_view] Vertices calculated in 0.010000s
[2026-05-17 20:06:11.767] [39347] [debug] [scwx::qt::map::radar_product_layer] UpdateSweep()
[2026-05-17 20:06:11.769] [39347] [debug] [scwx::qt::map::radar_product_layer] Vertices buffered in 0.000000s
[2026-05-17 20:06:11.769] [39347] [debug] [scwx::qt::map::radar_product_layer] Data moments buffered in 0.000000s
[2026-05-17 20:06:14.105] [43003] [debug] [scwx::provider::aws_level2_chunks_data_provider] Refresh() in 0.160000s
[2026-05-17 20:06:17.311] [43002] [debug] [scwx::provider::aws_level2_chunks_data_provider] Refresh() in 0.200000s
[2026-05-17 20:06:21.142] [43003] [debug] [scwx::provider::aws_level2_chunks_data_provider] Refresh() in 0.140000s
[2026-05-17 20:06:25.140] [43002] [debug] [scwx::provider::aws_level2_chunks_data_provider] Refresh() in 0.140000s
[2026-05-17 20:06:25.855] [39372] [debug] [scwx::provider::nws_api_provider] GetRadarStations
[2026-05-17 20:06:29.147] [43003] [debug] [scwx::provider::aws_level2_chunks_data_provider] Refresh() in 0.150000s
[2026-05-17 20:06:33.142] [43002] [debug] [scwx::provider::aws_level2_chunks_data_provider] Refresh() in 0.140000s
[2026-05-17 20:06:37.165] [43003] [debug] [scwx::provider::aws_level2_chunks_data_provider] Refresh() in 0.170000s
[2026-05-17 20:06:41.148] [43002] [debug] [scwx::provider::aws_level2_chunks_data_provider] Refresh() in 0.150000s
[2026-05-17 20:06:44.814] [39395] [debug] [scwx::provider::warnings_provider] Loading file: warnings_20260518_01.txt
[2026-05-17 20:06:45.239] [43003] [debug] [scwx::provider::aws_level2_chunks_data_provider] Refresh() in 0.240000s
[2026-05-17 20:06:56.021] [39370] [debug] [scwx::network::ntp_client] Time offset updated: -0d 00:00:00.000748184
[2026-05-17 20:07:00.273] [39394] [debug] [scwx::provider::warnings_provider] Loading file: warnings_20260518_01.txt
[2026-05-17 20:07:06.102] [43002] [debug] [scwx::provider::aws_level2_chunks_data_provider] Refresh() in 0.860000s
[2026-05-17 20:07:10.144] [43003] [debug] [scwx::provider::aws_level2_chunks_data_provider] Refresh() in 0.140000s
[2026-05-17 20:07:14.143] [43003] [debug] [scwx::provider::aws_level2_chunks_data_provider] Refresh() in 0.140000s
[2026-05-17 20:07:15.738] [39395] [debug] [scwx::provider::warnings_provider] Loading file: warnings_20260518_01.txt
[2026-05-17 20:07:25.957] [39372] [debug] [scwx::provider::nws_api_provider] GetRadarStations
[2026-05-17 20:07:31.190] [39394] [debug] [scwx::provider::warnings_provider] Loading file: warnings_20260518_01.txt
[2026-05-17 20:07:35.001] [43002] [debug] [scwx::provider::aws_level2_chunks_data_provider] Refresh() in 0.860000s
[2026-05-17 20:07:46.643] [39395] [debug] [scwx::provider::warnings_provider] Loading file: warnings_20260518_01.txt
[2026-05-17 20:07:55.615] [43003] [debug] [scwx::provider::aws_level2_chunks_data_provider] Refresh() in 0.620000s
[2026-05-17 20:08:00.056] [39371] [debug] [scwx::network::ntp_client] Time offset updated: -0d 00:00:00.000652451
[2026-05-17 20:08:02.102] [39394] [debug] [scwx::provider::warnings_provider] Loading file: warnings_20260518_01.txt
[2026-05-17 20:08:16.572] [43002] [debug] [scwx::provider::aws_level2_chunks_data_provider] Refresh() in 0.950000s
[2026-05-17 20:08:16.574] [39450] [debug] [scwx::qt::view::level2_product_view] Computing Sweep
[2026-05-17 20:08:16.574] [39450] [debug] [scwx::qt::view::level2_product_view] ComputeCoordinates()
[2026-05-17 20:08:16.574] [39445] [debug] [scwx::qt::view::level2_product_view] Computing Sweep
[2026-05-17 20:08:16.574] [39445] [debug] [scwx::qt::view::level2_product_view] ComputeCoordinates()
[2026-05-17 20:08:16.578] [39449] [debug] [scwx::qt::view::level2_product_view] Computing Sweep
[2026-05-17 20:08:16.578] [39449] [debug] [scwx::qt::view::level2_product_view] ComputeCoordinates()
[2026-05-17 20:08:16.622] [39450] [debug] [scwx::qt::view::level2_product_view] Coordinates calculated in 0.050000s
[2026-05-17 20:08:16.631] [39450] [debug] [scwx::qt::view::level2_product_view] Vertices calculated in 0.010000s
[2026-05-17 20:08:16.647] [39449] [debug] [scwx::qt::view::level2_product_view] Coordinates calculated in 0.070000s
[2026-05-17 20:08:16.648] [39445] [debug] [scwx::qt::view::level2_product_view] Coordinates calculated in 0.080000s
[2026-05-17 20:08:16.660] [39449] [debug] [scwx::qt::view::level2_product_view] Vertices calculated in 0.010000s
[2026-05-17 20:08:16.663] [39445] [debug] [scwx::qt::view::level2_product_view] Vertices calculated in 0.010000s
[2026-05-17 20:08:17.154] [39347] [debug] [scwx::qt::map::radar_product_layer] UpdateSweep()
[2026-05-17 20:08:17.157] [39347] [debug] [scwx::qt::map::radar_product_layer] Vertices buffered in 0.010000s
[2026-05-17 20:08:17.157] [39347] [debug] [scwx::qt::map::radar_product_layer] Data moments buffered in 0.000000s
[2026-05-17 20:08:17.159] [39347] [debug] [scwx::qt::map::radar_product_layer] UpdateSweep()
[2026-05-17 20:08:17.160] [39347] [debug] [scwx::qt::map::radar_product_layer] Vertices buffered in 0.000000s
[2026-05-17 20:08:17.160] [39347] [debug] [scwx::qt::map::radar_product_layer] Data moments buffered in 0.000000s
[2026-05-17 20:08:17.162] [39347] [debug] [scwx::qt::map::radar_product_layer] UpdateSweep()
[2026-05-17 20:08:17.165] [39347] [debug] [scwx::qt::map::radar_product_layer] Vertices buffered in 0.010000s
[2026-05-17 20:08:17.165] [39347] [debug] [scwx::qt::map::radar_product_layer] Data moments buffered in 0.000000s
[2026-05-17 20:08:17.166] [39347] [debug] [scwx::qt::map::radar_product_layer] CFP moments buffered in 0.000000s
[2026-05-17 20:08:17.592] [39395] [debug] [scwx::provider::warnings_provider] Loading file: warnings_20260518_01.txt
[2026-05-17 20:08:19.797] [43003] [debug] [scwx::provider::aws_level2_chunks_data_provider] Refresh() in 0.230000s
[2026-05-17 20:08:19.797] [39445] [debug] [scwx::qt::view::level2_product_view] Computing Sweep
[2026-05-17 20:08:19.797] [39445] [debug] [scwx::qt::view::level2_product_view] ComputeCoordinates()
[2026-05-17 20:08:19.797] [39450] [debug] [scwx::qt::view::level2_product_view] Computing Sweep
[2026-05-17 20:08:19.797] [39450] [debug] [scwx::qt::view::level2_product_view] ComputeCoordinates()
[2026-05-17 20:08:19.800] [39449] [debug] [scwx::qt::view::level2_product_view] Computing Sweep
[2026-05-17 20:08:19.800] [39449] [debug] [scwx::qt::view::level2_product_view] ComputeCoordinates()
[2026-05-17 20:08:19.853] [39445] [debug] [scwx::qt::view::level2_product_view] Coordinates calculated in 0.050000s
[2026-05-17 20:08:19.869] [39449] [debug] [scwx::qt::view::level2_product_view] Coordinates calculated in 0.070000s
[2026-05-17 20:08:19.874] [39450] [debug] [scwx::qt::view::level2_product_view] Coordinates calculated in 0.080000s
[2026-05-17 20:08:19.877] [39445] [debug] [scwx::qt::view::level2_product_view] Vertices calculated in 0.030000s
[2026-05-17 20:08:19.883] [39449] [debug] [scwx::qt::view::level2_product_view] Vertices calculated in 0.010000s
[2026-05-17 20:08:19.885] [39450] [debug] [scwx::qt::view::level2_product_view] Vertices calculated in 0.010000s
[2026-05-17 20:08:20.155] [39347] [debug] [scwx::qt::map::radar_product_layer] UpdateSweep()
[2026-05-17 20:08:20.158] [39347] [debug] [scwx::qt::map::radar_product_layer] Vertices buffered in 0.000000s
[2026-05-17 20:08:20.158] [39347] [debug] [scwx::qt::map::radar_product_layer] Data moments buffered in 0.000000s
[2026-05-17 20:08:20.160] [39347] [debug] [scwx::qt::map::radar_product_layer] UpdateSweep()
[2026-05-17 20:08:20.161] [39347] [debug] [scwx::qt::map::radar_product_layer] Vertices buffered in 0.000000s
[2026-05-17 20:08:20.161] [39347] [debug] [scwx::qt::map::radar_product_layer] Data moments buffered in 0.000000s
[2026-05-17 20:08:20.162] [39347] [debug] [scwx::qt::map::radar_product_layer] UpdateSweep()
[2026-05-17 20:08:20.176] [39347] [debug] [scwx::qt::map::radar_product_layer] Vertices buffered in 0.020000s
[2026-05-17 20:08:20.177] [39347] [debug] [scwx::qt::map::radar_product_layer] Data moments buffered in 0.000000s
[2026-05-17 20:08:20.177] [39347] [debug] [scwx::qt::map::radar_product_layer] CFP moments buffered in 0.000000s
[2026-05-17 20:08:26.054] [39372] [debug] [scwx::provider::nws_api_provider] GetRadarStations
[2026-05-17 20:08:33.055] [39394] [debug] [scwx::provider::warnings_provider] Loading file: warnings_20260518_01.txt
[2026-05-17 20:08:40.426] [43002] [debug] [scwx::provider::aws_level2_chunks_data_provider] Refresh() in 0.630000s
[2026-05-17 20:08:40.427] [39446] [debug] [scwx::qt::view::level2_product_view] Computing Sweep
[2026-05-17 20:08:40.427] [39446] [debug] [scwx::qt::view::level2_product_view] ComputeCoordinates()
[2026-05-17 20:08:40.451] [39446] [debug] [scwx::qt::view::level2_product_view] Coordinates calculated in 0.020000s
[2026-05-17 20:08:40.457] [39446] [debug] [scwx::qt::view::level2_product_view] Vertices calculated in 0.010000s
[2026-05-17 20:08:41.160] [39347] [debug] [scwx::qt::map::radar_product_layer] UpdateSweep()
[2026-05-17 20:08:41.162] [39347] [debug] [scwx::qt::map::radar_product_layer] Vertices buffered in 0.000000s
[2026-05-17 20:08:41.162] [39347] [debug] [scwx::qt::map::radar_product_layer] Data moments buffered in 0.000000s
[2026-05-17 20:08:43.564] [43003] [debug] [scwx::provider::aws_level2_chunks_data_provider] Refresh() in 0.130000s
[2026-05-17 20:08:43.565] [39446] [debug] [scwx::qt::view::level2_product_view] Computing Sweep
[2026-05-17 20:08:43.565] [39446] [debug] [scwx::qt::view::level2_product_view] ComputeCoordinates()
[2026-05-17 20:08:43.590] [39446] [debug] [scwx::qt::view::level2_product_view] Coordinates calculated in 0.020000s
[2026-05-17 20:08:43.596] [39446] [debug] [scwx::qt::view::level2_product_view] Vertices calculated in 0.010000s
[2026-05-17 20:08:44.160] [39347] [debug] [scwx::qt::map::radar_product_layer] UpdateSweep()
[2026-05-17 20:08:44.162] [39347] [debug] [scwx::qt::map::radar_product_layer] Vertices buffered in 0.000000s
[2026-05-17 20:08:44.162] [39347] [debug] [scwx::qt::map::radar_product_layer] Data moments buffered in 0.000000s
[2026-05-17 20:08:47.147] [43002] [debug] [scwx::provider::aws_level2_chunks_data_provider] Refresh() in 0.150000s
[2026-05-17 20:08:47.147] [39446] [debug] [scwx::qt::view::level2_product_view] Computing Sweep
[2026-05-17 20:08:47.147] [39446] [debug] [scwx::qt::view::level2_product_view] ComputeCoordinates()
[2026-05-17 20:08:47.172] [39446] [debug] [scwx::qt::view::level2_product_view] Coordinates calculated in 0.020000s
[2026-05-17 20:08:47.179] [39446] [debug] [scwx::qt::view::level2_product_view] Vertices calculated in 0.010000s
[2026-05-17 20:08:47.180] [39347] [debug] [scwx::qt::map::radar_product_layer] UpdateSweep()
[2026-05-17 20:08:47.182] [39347] [debug] [scwx::qt::map::radar_product_layer] Vertices buffered in 0.000000s
[2026-05-17 20:08:47.182] [39347] [debug] [scwx::qt::map::radar_product_layer] Data moments buffered in 0.000000s
[2026-05-17 20:08:51.163] [43003] [debug] [scwx::provider::aws_level2_chunks_data_provider] Refresh() in 0.160000s
[2026-05-17 20:09:04.088] [39370] [debug] [scwx::network::ntp_client] Time offset updated: -0d 00:00:00.001777993
[2026-05-17 20:09:11.841] [43002] [debug] [scwx::provider::aws_level2_chunks_data_provider] Refresh() in 0.680000s
[2026-05-17 20:09:19.133] [39395] [debug] [scwx::provider::warnings_provider] Loading file: warnings_20260518_01.txt
[2026-05-17 20:09:26.152] [39372] [debug] [scwx::provider::nws_api_provider] GetRadarStations
[2026-05-17 20:09:32.461] [43003] [debug] [scwx::provider::aws_level2_chunks_data_provider] Refresh() in 0.620000s
[2026-05-17 20:09:34.614] [39394] [debug] [scwx::provider::warnings_provider] Loading file: warnings_20260518_01.txt
[2026-05-17 20:09:35.705] [43002] [debug] [scwx::provider::aws_level2_chunks_data_provider] Refresh() in 0.250000s
[2026-05-17 20:09:50.091] [39395] [debug] [scwx::provider::warnings_provider] Loading file: warnings_20260518_01.txt
[2026-05-17 20:09:56.392] [43003] [debug] [scwx::provider::aws_level2_chunks_data_provider] Refresh() in 0.680000s
[2026-05-17 20:10:05.554] [39394] [debug] [scwx::provider::warnings_provider] Loading file: warnings_20260518_01.txt
[2026-05-17 20:10:08.130] [39371] [debug] [scwx::network::ntp_client] Time offset updated: 0d 00:00:00.001653520
[2026-05-17 20:10:17.002] [43002] [debug] [scwx::provider::aws_level2_chunks_data_provider] Refresh() in 0.610000s
[2026-05-17 20:10:21.026] [39395] [debug] [scwx::provider::warnings_provider] Loading file: warnings_20260518_01.txt
[2026-05-17 20:10:26.000] [43001] [debug] [scwx::provider::aws_nexrad_data_provider] Refresh()
[2026-05-17 20:10:26.000] [43001] [debug] [scwx::provider::aws_nexrad_data_provider] ListObjects: 2026/05/18/KUEX/
[2026-05-17 20:10:26.260] [39372] [debug] [scwx::provider::nws_api_provider] GetRadarStations
[2026-05-17 20:10:26.260] [43001] [debug] [scwx::provider::aws_nexrad_data_provider] Found 12 objects
[2026-05-17 20:10:26.261] [43001] [debug] [scwx::provider::aws_nexrad_data_provider] FindLatestKey()
[2026-05-17 20:10:36.508] [39394] [debug] [scwx::provider::warnings_provider] Loading file: warnings_20260518_01.txt
[2026-05-17 20:10:37.744] [43003] [debug] [scwx::provider::aws_level2_chunks_data_provider] Refresh() in 0.740000s
[2026-05-17 20:10:41.261] [43000] [debug] [scwx::provider::aws_nexrad_data_provider] Refresh()
[2026-05-17 20:10:41.261] [43000] [debug] [scwx::provider::aws_nexrad_data_provider] ListObjects: 2026/05/18/KUEX/
[2026-05-17 20:10:41.441] [43000] [debug] [scwx::provider::aws_nexrad_data_provider] Found 13 objects
[2026-05-17 20:10:41.441] [43000] [debug] [scwx::provider::aws_nexrad_data_provider] FindLatestKey()
[2026-05-17 20:10:41.441] [42996] [debug] [scwx::provider::aws_nexrad_data_provider] FindKey: 2026-05-18 01:05:13 UTC
[2026-05-17 20:10:41.947] [42996] [debug] [scwx::wsr88d::ar2v_file] Loading Data
[2026-05-17 20:10:41.947] [42996] [debug] [scwx::wsr88d::ar2v_file] Filename:  AR2V0006.
[2026-05-17 20:10:41.947] [42996] [debug] [scwx::wsr88d::ar2v_file] Extension: 219
[2026-05-17 20:10:41.947] [42996] [debug] [scwx::wsr88d::ar2v_file] Date:      20592 (2026-05-18)
[2026-05-17 20:10:41.947] [42996] [debug] [scwx::wsr88d::ar2v_file] Time:      3913125 (01:05:13.125000000)
[2026-05-17 20:10:41.947] [42996] [debug] [scwx::wsr88d::ar2v_file] ICAO:      KUEX
[2026-05-17 20:10:42.622] [42998] [debug] [scwx::qt::manager::radar_product_manager] Level 2 product previously loaded, loading from cache
[2026-05-17 20:10:42.623] [42999] [debug] [scwx::qt::manager::radar_product_manager] Level 2 product previously loaded, loading from cache
[2026-05-17 20:10:42.623] [42997] [debug] [scwx::qt::manager::radar_product_manager] Level 2 product previously loaded, loading from cache
[2026-05-17 20:10:52.002] [39395] [debug] [scwx::provider::warnings_provider] Loading file: warnings_20260518_01.txt
[2026-05-17 20:10:57.001] [43004] [debug] [scwx::provider::aws_nexrad_data_provider] Refresh()
[2026-05-17 20:10:57.001] [43004] [debug] [scwx::provider::aws_nexrad_data_provider] ListObjects: UEX_NST_2026_05_18_
[2026-05-17 20:10:57.223] [43004] [debug] [scwx::provider::aws_nexrad_data_provider] Found 12 objects
[2026-05-17 20:10:57.223] [43004] [debug] [scwx::provider::aws_nexrad_data_provider] FindLatestKey()
[2026-05-17 20:10:57.223] [39347] [debug] [scwx::qt::view::overlay_product_view] Load Product: NST, 2026-05-18 01:05:13 UTC, true
[2026-05-17 20:10:57.223] [39347] [debug] [scwx::qt::view::overlay_product_view] Load Product: NST, 2026-05-18 01:05:13 UTC, true
[2026-05-17 20:10:57.223] [39347] [debug] [scwx::qt::view::overlay_product_view] Load Product: NST, 2026-05-18 01:05:13 UTC, true
[2026-05-17 20:10:57.223] [39347] [debug] [scwx::qt::view::overlay_product_view] Load Product: NST, 2026-05-18 01:05:13 UTC, true
[2026-05-17 20:10:57.223] [39437] [debug] [scwx::qt::manager::radar_product_manager] LoadLevel3Data: 2026-05-18 01:05:13 UTC
[2026-05-17 20:10:57.223] [39433] [debug] [scwx::qt::manager::radar_product_manager] LoadLevel3Data: 2026-05-18 01:05:13 UTC
[2026-05-17 20:10:57.223] [39409] [debug] [scwx::qt::manager::radar_product_manager] LoadLevel3Data: 2026-05-18 01:05:13 UTC
[2026-05-17 20:10:57.223] [39441] [debug] [scwx::qt::manager::radar_product_manager] LoadLevel3Data: 2026-05-18 01:05:13 UTC
[2026-05-17 20:10:57.223] [42999] [debug] [scwx::provider::aws_nexrad_data_provider] FindKey: 2026-05-18 01:05:13 UTC
[2026-05-17 20:10:57.302] [42999] [debug] [scwx::wsr88d::level3_file] Loading Data
[2026-05-17 20:10:57.302] [42999] [debug] [scwx::wsr88d::level3_file] Data Type: SD
[2026-05-17 20:10:57.302] [42999] [debug] [scwx::wsr88d::level3_file] ICAO:      KGID
[2026-05-17 20:10:57.302] [42999] [debug] [scwx::wsr88d::level3_file] Date/Time: 180105
[2026-05-17 20:10:57.302] [42999] [debug] [scwx::wsr88d::level3_file] Category:  NST
[2026-05-17 20:10:57.302] [42999] [debug] [scwx::wsr88d::level3_file] Site ID:   UEX
[2026-05-17 20:10:57.302] [42999] [debug] [scwx::wsr88d::rpg::level3_message_factory] Found Message 58
[2026-05-17 20:10:57.302] [42999] [debug] [scwx::wsr88d::rpg::graphic_product_message] Loading Blocks
[2026-05-17 20:10:57.302] [42999] [debug] [scwx::wsr88d::rpg::graphic_product_message] Product symbology block valid: true
[2026-05-17 20:10:57.302] [42999] [debug] [scwx::wsr88d::rpg::graphic_product_message] Graphic alphanumeric block valid: true
[2026-05-17 20:10:57.302] [42999] [debug] [scwx::wsr88d::rpg::graphic_product_message] Tabular alphanumeric block valid: true
[2026-05-17 20:10:57.303] [42998] [debug] [scwx::qt::manager::radar_product_manager] Level 3 product previously loaded, loading from cache
[2026-05-17 20:10:57.303] [42997] [debug] [scwx::qt::manager::radar_product_manager] Level 3 product previously loaded, loading from cache
[2026-05-17 20:10:57.303] [42996] [debug] [scwx::qt::manager::radar_product_manager] Level 3 product previously loaded, loading from cache
[2026-05-17 20:10:58.199] [85309] [debug] [scwx::wsr88d::ar2v_file] Loading Data
[2026-05-17 20:10:58.199] [85309] [debug] [scwx::wsr88d::ar2v_file] Filename:  AR2V0006.
[2026-05-17 20:10:58.199] [85309] [debug] [scwx::wsr88d::ar2v_file] Extension: 220
[2026-05-17 20:10:58.199] [85309] [debug] [scwx::wsr88d::ar2v_file] Date:      20592 (2026-05-18)
[2026-05-17 20:10:58.199] [85309] [debug] [scwx::wsr88d::ar2v_file] Time:      4243942 (01:10:43.942000000)
[2026-05-17 20:10:58.199] [85309] [debug] [scwx::wsr88d::ar2v_file] ICAO:      KUEX
[2026-05-17 20:10:58.672] [43002] [debug] [scwx::provider::aws_level2_chunks_data_provider] Refresh() in 0.930000s
[2026-05-17 20:10:58.673] [39445] [debug] [scwx::qt::view::level2_product_view] Computing Sweep
[2026-05-17 20:10:58.673] [39445] [debug] [scwx::qt::view::level2_product_view] ComputeCoordinates()
[2026-05-17 20:10:58.677] [39449] [debug] [scwx::qt::view::level2_product_view] Computing Sweep
[2026-05-17 20:10:58.677] [39449] [debug] [scwx::qt::view::level2_product_view] ComputeCoordinates()
[2026-05-17 20:10:58.680] [39450] [debug] [scwx::qt::view::level2_product_view] Computing Sweep
[2026-05-17 20:10:58.680] [39450] [debug] [scwx::qt::view::level2_product_view] ComputeCoordinates()
[2026-05-17 20:10:58.733] [39445] [debug] [scwx::qt::view::level2_product_view] Coordinates calculated in 0.060000s
[2026-05-17 20:10:58.747] [39450] [debug] [scwx::qt::view::level2_product_view] Coordinates calculated in 0.070000s
[2026-05-17 20:10:58.748] [39449] [debug] [scwx::qt::view::level2_product_view] Coordinates calculated in 0.070000s
[2026-05-17 20:10:58.758] [39445] [debug] [scwx::qt::view::level2_product_view] Vertices calculated in 0.030000s
[2026-05-17 20:10:58.762] [39449] [debug] [scwx::qt::view::level2_product_view] Vertices calculated in 0.010000s
[2026-05-17 20:10:58.763] [39450] [debug] [scwx::qt::view::level2_product_view] Vertices calculated in 0.010000s
[2026-05-17 20:10:59.179] [39347] [debug] [scwx::qt::map::radar_product_layer] UpdateSweep()
[2026-05-17 20:10:59.181] [39347] [debug] [scwx::qt::map::radar_product_layer] Vertices buffered in 0.000000s
[2026-05-17 20:10:59.182] [39347] [debug] [scwx::qt::map::radar_product_layer] Data moments buffered in 0.000000s
[2026-05-17 20:10:59.184] [39347] [debug] [scwx::qt::map::radar_product_layer] UpdateSweep()
[2026-05-17 20:10:59.184] [39347] [debug] [scwx::qt::map::radar_product_layer] Vertices buffered in 0.010000s
[2026-05-17 20:10:59.185] [39347] [debug] [scwx::qt::map::radar_product_layer] Data moments buffered in 0.000000s
[2026-05-17 20:10:59.186] [39347] [debug] [scwx::qt::map::radar_product_layer] UpdateSweep()
[2026-05-17 20:10:59.189] [39347] [debug] [scwx::qt::map::radar_product_layer] Vertices buffered in 0.000000s
[2026-05-17 20:10:59.190] [39347] [debug] [scwx::qt::map::radar_product_layer] Data moments buffered in 0.000000s
[2026-05-17 20:10:59.190] [39347] [debug] [scwx::qt::map::radar_product_layer] CFP moments buffered in 0.000000s
[2026-05-17 20:11:07.474] [39394] [debug] [scwx::provider::warnings_provider] Loading file: warnings_20260518_01.txt
[2026-05-17 20:11:12.166] [39370] [debug] [scwx::network::ntp_client] Time offset updated: -0d 00:00:00.000123269
[2026-05-17 20:11:19.474] [43003] [debug] [scwx::provider::aws_level2_chunks_data_provider] Refresh() in 0.810000s
[2026-05-17 20:11:19.475] [39446] [debug] [scwx::qt::view::level2_product_view] Computing Sweep
[2026-05-17 20:11:19.475] [39446] [debug] [scwx::qt::view::level2_product_view] ComputeCoordinates()
[2026-05-17 20:11:19.475] [39449] [debug] [scwx::qt::view::level2_product_view] Computing Sweep
[2026-05-17 20:11:19.475] [39449] [debug] [scwx::qt::view::level2_product_view] ComputeCoordinates()
[2026-05-17 20:11:19.479] [39445] [debug] [scwx::qt::view::level2_product_view] Computing Sweep
[2026-05-17 20:11:19.479] [39445] [debug] [scwx::qt::view::level2_product_view] ComputeCoordinates()
[2026-05-17 20:11:19.480] [39450] [debug] [scwx::qt::view::level2_product_view] Computing Sweep
[2026-05-17 20:11:19.480] [39450] [debug] [scwx::qt::view::level2_product_view] ComputeCoordinates()
[2026-05-17 20:11:19.526] [39446] [debug] [scwx::qt::view::level2_product_view] Coordinates calculated in 0.050000s
[2026-05-17 20:11:19.540] [39446] [debug] [scwx::qt::view::level2_product_view] Vertices calculated in 0.010000s
[2026-05-17 20:11:19.558] [39449] [debug] [scwx::qt::view::level2_product_view] Coordinates calculated in 0.080000s
[2026-05-17 20:11:19.567] [39449] [debug] [scwx::qt::view::level2_product_view] Vertices calculated in 0.010000s
[2026-05-17 20:11:19.573] [39445] [debug] [scwx::qt::view::level2_product_view] Coordinates calculated in 0.090000s
[2026-05-17 20:11:19.575] [39450] [debug] [scwx::qt::view::level2_product_view] Coordinates calculated in 0.100000s
[2026-05-17 20:11:19.588] [39450] [debug] [scwx::qt::view::level2_product_view] Vertices calculated in 0.010000s
[2026-05-17 20:11:19.589] [39445] [debug] [scwx::qt::view::level2_product_view] Vertices calculated in 0.020000s
[2026-05-17 20:11:20.183] [39347] [debug] [scwx::qt::map::radar_product_layer] UpdateSweep()
[2026-05-17 20:11:20.186] [39347] [debug] [scwx::qt::map::radar_product_layer] Vertices buffered in 0.010000s
[2026-05-17 20:11:20.186] [39347] [debug] [scwx::qt::map::radar_product_layer] Data moments buffered in 0.000000s
[2026-05-17 20:11:20.188] [39347] [debug] [scwx::qt::map::radar_product_layer] UpdateSweep()
[2026-05-17 20:11:20.189] [39347] [debug] [scwx::qt::map::radar_product_layer] Vertices buffered in 0.000000s
[2026-05-17 20:11:20.189] [39347] [debug] [scwx::qt::map::radar_product_layer] Data moments buffered in 0.000000s
[2026-05-17 20:11:20.190] [39347] [debug] [scwx::qt::map::radar_product_layer] UpdateSweep()
[2026-05-17 20:11:20.191] [39347] [debug] [scwx::qt::map::radar_product_layer] Vertices buffered in 0.000000s
[2026-05-17 20:11:20.191] [39347] [debug] [scwx::qt::map::radar_product_layer] Data moments buffered in 0.000000s
[2026-05-17 20:11:20.192] [39347] [debug] [scwx::qt::map::radar_product_layer] UpdateSweep()
[2026-05-17 20:11:20.195] [39347] [debug] [scwx::qt::map::radar_product_layer] Vertices buffered in 0.010000s
[2026-05-17 20:11:20.196] [39347] [debug] [scwx::qt::map::radar_product_layer] Data moments buffered in 0.000000s
[2026-05-17 20:11:20.196] [39347] [debug] [scwx::qt::map::radar_product_layer] CFP moments buffered in 0.000000s
[2026-05-17 20:11:22.617] [43002] [debug] [scwx::provider::aws_level2_chunks_data_provider] Refresh() in 0.140000s
[2026-05-17 20:11:22.618] [39446] [debug] [scwx::qt::view::level2_product_view] Computing Sweep
[2026-05-17 20:11:22.618] [39446] [debug] [scwx::qt::view::level2_product_view] ComputeCoordinates()
[2026-05-17 20:11:22.643] [39446] [debug] [scwx::qt::view::level2_product_view] Coordinates calculated in 0.020000s
[2026-05-17 20:11:22.649] [39446] [debug] [scwx::qt::view::level2_product_view] Vertices calculated in 0.010000s
[2026-05-17 20:11:22.938] [39395] [debug] [scwx::provider::warnings_provider] Loading file: warnings_20260518_01.txt
[2026-05-17 20:11:23.183] [39347] [debug] [scwx::qt::map::radar_product_layer] UpdateSweep()
[2026-05-17 20:11:23.185] [39347] [debug] [scwx::qt::map::radar_product_layer] Vertices buffered in 0.010000s
[2026-05-17 20:11:23.185] [39347] [debug] [scwx::qt::map::radar_product_layer] Data moments buffered in 0.000000s
[2026-05-17 20:11:26.381] [39372] [debug] [scwx::provider::nws_api_provider] GetRadarStations
[2026-05-17 20:11:43.625] [43003] [debug] [scwx::provider::aws_level2_chunks_data_provider] Refresh() in 1.010000s
[2026-05-17 20:11:43.625] [39446] [debug] [scwx::qt::view::level2_product_view] Computing Sweep
[2026-05-17 20:11:43.626] [39446] [debug] [scwx::qt::view::level2_product_view] ComputeCoordinates()
[2026-05-17 20:11:43.650] [39446] [debug] [scwx::qt::view::level2_product_view] Coordinates calculated in 0.020000s
[2026-05-17 20:11:43.656] [39446] [debug] [scwx::qt::view::level2_product_view] Vertices calculated in 0.010000s
[2026-05-17 20:11:44.186] [39347] [debug] [scwx::qt::map::radar_product_layer] UpdateSweep()
[2026-05-17 20:11:44.188] [39347] [debug] [scwx::qt::map::radar_product_layer] Vertices buffered in 0.000000s
[2026-05-17 20:11:44.188] [39347] [debug] [scwx::qt::map::radar_product_layer] Data moments buffered in 0.000000s
[2026-05-17 20:12:04.358] [43002] [debug] [scwx::provider::aws_level2_chunks_data_provider] Refresh() in 0.730000s
[2026-05-17 20:12:08.141] [43003] [debug] [scwx::provider::aws_level2_chunks_data_provider] Refresh() in 0.140000s
[2026-05-17 20:12:09.017] [39394] [debug] [scwx::provider::warnings_provider] Loading file: warnings_20260518_01.txt
[2026-05-17 20:12:11.288] [43002] [debug] [scwx::provider::aws_level2_chunks_data_provider] Refresh() in 0.150000s
[2026-05-17 20:12:16.196] [39371] [debug] [scwx::network::ntp_client] Time offset updated: -0d 00:00:00.000968579
[2026-05-17 20:12:24.494] [39395] [debug] [scwx::provider::warnings_provider] Loading file: warnings_20260518_01.txt
[2026-05-17 20:12:26.479] [39372] [debug] [scwx::provider::nws_api_provider] GetRadarStations
[2026-05-17 20:12:32.267] [43003] [debug] [scwx::provider::aws_level2_chunks_data_provider] Refresh() in 0.980000s
[2026-05-17 20:12:36.146] [43002] [debug] [scwx::provider::aws_level2_chunks_data_provider] Refresh() in 0.150000s
[2026-05-17 20:12:39.292] [43003] [debug] [scwx::provider::aws_level2_chunks_data_provider] Refresh() in 0.140000s
[2026-05-17 20:12:43.145] [43002] [debug] [scwx::provider::aws_level2_chunks_data_provider] Refresh() in 0.150000s
[2026-05-17 20:12:47.146] [43003] [debug] [scwx::provider::aws_level2_chunks_data_provider] Refresh() in 0.150000s
[2026-05-17 20:12:50.284] [43002] [debug] [scwx::provider::aws_level2_chunks_data_provider] Refresh() in 0.140000s
[2026-05-17 20:13:10.601] [39394] [debug] [scwx::provider::warnings_provider] Loading file: warnings_20260518_01.txt
[2026-05-17 20:13:11.047] [43003] [debug] [scwx::provider::aws_level2_chunks_data_provider] Refresh() in 0.760000s
[2026-05-17 20:13:14.191] [43002] [debug] [scwx::provider::aws_level2_chunks_data_provider] Refresh() in 0.140000s
[2026-05-17 20:13:18.148] [43003] [debug] [scwx::provider::aws_level2_chunks_data_provider] Refresh() in 0.150000s
[2026-05-17 20:13:20.227] [39370] [debug] [scwx::network::ntp_client] Time offset updated: -0d 00:00:00.001617363
[2026-05-17 20:13:26.072] [39395] [debug] [scwx::provider::warnings_provider] Loading file: warnings_20260518_01.txt
[2026-05-17 20:13:26.568] [39372] [debug] [scwx::provider::nws_api_provider] GetRadarStations
[2026-05-17 20:13:39.013] [43002] [debug] [scwx::provider::aws_level2_chunks_data_provider] Refresh() in 0.860000s
[2026-05-17 20:13:39.014] [39445] [debug] [scwx::qt::view::level2_product_view] Computing Sweep
[2026-05-17 20:13:39.014] [39445] [debug] [scwx::qt::view::level2_product_view] ComputeCoordinates()
[2026-05-17 20:13:39.015] [39450] [debug] [scwx::qt::view::level2_product_view] Computing Sweep
[2026-05-17 20:13:39.015] [39450] [debug] [scwx::qt::view::level2_product_view] ComputeCoordinates()
[2026-05-17 20:13:39.018] [39449] [debug] [scwx::qt::view::level2_product_view] Computing Sweep
[2026-05-17 20:13:39.018] [39449] [debug] [scwx::qt::view::level2_product_view] ComputeCoordinates()
[2026-05-17 20:13:39.068] [39445] [debug] [scwx::qt::view::level2_product_view] Coordinates calculated in 0.060000s
[2026-05-17 20:13:39.082] [39445] [debug] [scwx::qt::view::level2_product_view] Vertices calculated in 0.010000s
[2026-05-17 20:13:39.086] [39449] [debug] [scwx::qt::view::level2_product_view] Coordinates calculated in 0.070000s
[2026-05-17 20:13:39.091] [39450] [debug] [scwx::qt::view::level2_product_view] Coordinates calculated in 0.070000s
[2026-05-17 20:13:39.097] [39449] [debug] [scwx::qt::view::level2_product_view] Vertices calculated in 0.010000s
[2026-05-17 20:13:39.100] [39450] [debug] [scwx::qt::view::level2_product_view] Vertices calculated in 0.010000s
[2026-05-17 20:13:39.251] [39347] [debug] [scwx::qt::map::radar_product_layer] UpdateSweep()
[2026-05-17 20:13:39.254] [39347] [debug] [scwx::qt::map::radar_product_layer] Vertices buffered in 0.000000s
[2026-05-17 20:13:39.255] [39347] [debug] [scwx::qt::map::radar_product_layer] Data moments buffered in 0.010000s
[2026-05-17 20:13:39.256] [39347] [debug] [scwx::qt::map::radar_product_layer] UpdateSweep()
[2026-05-17 20:13:39.257] [39347] [debug] [scwx::qt::map::radar_product_layer] Vertices buffered in 0.000000s
[2026-05-17 20:13:39.257] [39347] [debug] [scwx::qt::map::radar_product_layer] Data moments buffered in 0.000000s
[2026-05-17 20:13:39.259] [39347] [debug] [scwx::qt::map::radar_product_layer] UpdateSweep()
[2026-05-17 20:13:39.262] [39347] [debug] [scwx::qt::map::radar_product_layer] Vertices buffered in 0.000000s
[2026-05-17 20:13:39.262] [39347] [debug] [scwx::qt::map::radar_product_layer] Data moments buffered in 0.000000s
[2026-05-17 20:13:39.263] [39347] [debug] [scwx::qt::map::radar_product_layer] CFP moments buffered in 0.000000s
[2026-05-17 20:13:42.156] [43003] [debug] [scwx::provider::aws_level2_chunks_data_provider] Refresh() in 0.150000s
[2026-05-17 20:13:42.157] [39445] [debug] [scwx::qt::view::level2_product_view] Computing Sweep
[2026-05-17 20:13:42.157] [39445] [debug] [scwx::qt::view::level2_product_view] ComputeCoordinates()
[2026-05-17 20:13:42.160] [39449] [debug] [scwx::qt::view::level2_product_view] Computing Sweep
[2026-05-17 20:13:42.160] [39449] [debug] [scwx::qt::view::level2_product_view] ComputeCoordinates()
[2026-05-17 20:13:42.162] [39450] [debug] [scwx::qt::view::level2_product_view] Computing Sweep
[2026-05-17 20:13:42.162] [39450] [debug] [scwx::qt::view::level2_product_view] ComputeCoordinates()
[2026-05-17 20:13:42.210] [39445] [debug] [scwx::qt::view::level2_product_view] Coordinates calculated in 0.050000s
[2026-05-17 20:13:42.230] [39449] [debug] [scwx::qt::view::level2_product_view] Coordinates calculated in 0.070000s
[2026-05-17 20:13:42.237] [39450] [debug] [scwx::qt::view::level2_product_view] Coordinates calculated in 0.080000s
[2026-05-17 20:13:42.241] [39445] [debug] [scwx::qt::view::level2_product_view] Vertices calculated in 0.030000s
[2026-05-17 20:13:42.246] [39449] [debug] [scwx::qt::view::level2_product_view] Vertices calculated in 0.020000s
[2026-05-17 20:13:42.246] [39347] [debug] [scwx::qt::map::radar_product_layer] UpdateSweep()
[2026-05-17 20:13:42.249] [39450] [debug] [scwx::qt::view::level2_product_view] Vertices calculated in 0.010000s
[2026-05-17 20:13:42.250] [39347] [debug] [scwx::qt::map::radar_product_layer] Vertices buffered in 0.000000s
[2026-05-17 20:13:42.250] [39347] [debug] [scwx::qt::map::radar_product_layer] Data moments buffered in 0.000000s
[2026-05-17 20:13:42.251] [39347] [debug] [scwx::qt::map::radar_product_layer] CFP moments buffered in 0.000000s
[2026-05-17 20:13:42.255] [39347] [debug] [scwx::qt::map::radar_product_layer] UpdateSweep()
[2026-05-17 20:13:42.256] [39347] [debug] [scwx::qt::map::radar_product_layer] Vertices buffered in 0.000000s
[2026-05-17 20:13:42.256] [39347] [debug] [scwx::qt::map::radar_product_layer] Data moments buffered in 0.000000s
[2026-05-17 20:13:42.257] [39347] [debug] [scwx::qt::map::radar_product_layer] UpdateSweep()
[2026-05-17 20:13:42.258] [39347] [debug] [scwx::qt::map::radar_product_layer] Vertices buffered in 0.000000s
[2026-05-17 20:13:42.259] [39347] [debug] [scwx::qt::map::radar_product_layer] Data moments buffered in 0.000000s
[2026-05-17 20:13:45.309] [43002] [debug] [scwx::provider::aws_level2_chunks_data_provider] Refresh() in 0.150000s
[2026-05-17 20:13:45.309] [39445] [debug] [scwx::qt::view::level2_product_view] Computing Sweep
[2026-05-17 20:13:45.309] [39445] [debug] [scwx::qt::view::level2_product_view] ComputeCoordinates()
[2026-05-17 20:13:45.313] [39449] [debug] [scwx::qt::view::level2_product_view] Computing Sweep
[2026-05-17 20:13:45.313] [39449] [debug] [scwx::qt::view::level2_product_view] ComputeCoordinates()
[2026-05-17 20:13:45.315] [39450] [debug] [scwx::qt::view::level2_product_view] Computing Sweep
[2026-05-17 20:13:45.315] [39450] [debug] [scwx::qt::view::level2_product_view] ComputeCoordinates()
[2026-05-17 20:13:45.363] [39445] [debug] [scwx::qt::view::level2_product_view] Coordinates calculated in 0.050000s
[2026-05-17 20:13:45.385] [39449] [debug] [scwx::qt::view::level2_product_view] Coordinates calculated in 0.080000s
[2026-05-17 20:13:45.390] [39450] [debug] [scwx::qt::view::level2_product_view] Coordinates calculated in 0.070000s
[2026-05-17 20:13:45.393] [39445] [debug] [scwx::qt::view::level2_product_view] Vertices calculated in 0.030000s
[2026-05-17 20:13:45.399] [39449] [debug] [scwx::qt::view::level2_product_view] Vertices calculated in 0.010000s
[2026-05-17 20:13:45.401] [39450] [debug] [scwx::qt::view::level2_product_view] Vertices calculated in 0.010000s
[2026-05-17 20:13:46.246] [39347] [debug] [scwx::qt::map::radar_product_layer] UpdateSweep()
[2026-05-17 20:13:46.249] [39347] [debug] [scwx::qt::map::radar_product_layer] Vertices buffered in 0.000000s
[2026-05-17 20:13:46.249] [39347] [debug] [scwx::qt::map::radar_product_layer] Data moments buffered in 0.000000s
[2026-05-17 20:13:46.251] [39347] [debug] [scwx::qt::map::radar_product_layer] UpdateSweep()
[2026-05-17 20:13:46.251] [39347] [debug] [scwx::qt::map::radar_product_layer] Vertices buffered in 0.000000s
[2026-05-17 20:13:46.252] [39347] [debug] [scwx::qt::map::radar_product_layer] Data moments buffered in 0.000000s
[2026-05-17 20:13:46.253] [39347] [debug] [scwx::qt::map::radar_product_layer] UpdateSweep()
[2026-05-17 20:13:46.254] [39347] [debug] [scwx::qt::map::radar_product_layer] Vertices buffered in 0.000000s
[2026-05-17 20:13:46.254] [39347] [debug] [scwx::qt::map::radar_product_layer] Data moments buffered in 0.000000s
[2026-05-17 20:13:46.254] [39347] [debug] [scwx::qt::map::radar_product_layer] CFP moments buffered in 0.000000s
[2026-05-17 20:13:48.455] [43003] [debug] [scwx::provider::aws_level2_chunks_data_provider] Refresh() in 0.150000s
[2026-05-17 20:13:48.455] [39446] [debug] [scwx::qt::view::level2_product_view] Computing Sweep
[2026-05-17 20:13:48.455] [39446] [debug] [scwx::qt::view::level2_product_view] ComputeCoordinates()
[2026-05-17 20:13:48.481] [39446] [debug] [scwx::qt::view::level2_product_view] Coordinates calculated in 0.020000s
[2026-05-17 20:13:48.487] [39446] [debug] [scwx::qt::view::level2_product_view] Vertices calculated in 0.010000s
[2026-05-17 20:13:49.245] [39347] [debug] [scwx::qt::map::radar_product_layer] UpdateSweep()
[2026-05-17 20:13:49.247] [39347] [debug] [scwx::qt::map::radar_product_layer] Vertices buffered in 0.000000s
[2026-05-17 20:13:49.247] [39347] [debug] [scwx::qt::map::radar_product_layer] Data moments buffered in 0.000000s
[2026-05-17 20:14:09.121] [43002] [debug] [scwx::provider::aws_level2_chunks_data_provider] Refresh() in 0.660000s
[2026-05-17 20:14:09.121] [39446] [debug] [scwx::qt::view::level2_product_view] Computing Sweep
[2026-05-17 20:14:09.121] [39446] [debug] [scwx::qt::view::level2_product_view] ComputeCoordinates()
[2026-05-17 20:14:09.147] [39446] [debug] [scwx::qt::view::level2_product_view] Coordinates calculated in 0.030000s
[2026-05-17 20:14:09.153] [39446] [debug] [scwx::qt::view::level2_product_view] Vertices calculated in 0.000000s
[2026-05-17 20:14:09.245] [39347] [debug] [scwx::qt::map::radar_product_layer] UpdateSweep()
[2026-05-17 20:14:09.247] [39347] [debug] [scwx::qt::map::radar_product_layer] Vertices buffered in 0.000000s
[2026-05-17 20:14:09.248] [39347] [debug] [scwx::qt::map::radar_product_layer] Data moments buffered in 0.000000s
[2026-05-17 20:14:12.179] [39394] [debug] [scwx::provider::warnings_provider] Loading file: warnings_20260518_01.txt
[2026-05-17 20:14:12.311] [43003] [debug] [scwx::provider::aws_level2_chunks_data_provider] Refresh() in 0.190000s
[2026-05-17 20:14:24.255] [39371] [debug] [scwx::network::ntp_client] Time offset updated: -0d 00:00:00.003500580
[2026-05-17 20:14:26.674] [39372] [debug] [scwx::provider::nws_api_provider] GetRadarStations
[2026-05-17 20:14:27.652] [39395] [debug] [scwx::provider::warnings_provider] Loading file: warnings_20260518_01.txt
[2026-05-17 20:14:32.921] [43002] [debug] [scwx::provider::aws_level2_chunks_data_provider] Refresh() in 0.610000s
[2026-05-17 20:14:53.528] [43002] [debug] [scwx::provider::aws_level2_chunks_data_provider] Refresh() in 0.610000s
[2026-05-17 20:14:56.664] [43003] [debug] [scwx::provider::aws_level2_chunks_data_provider] Refresh() in 0.130000s
[2026-05-17 20:14:58.446] [39395] [debug] [scwx::provider::warnings_provider] Loading file: warnings_20260518_01.txt
[2026-05-17 20:15:13.904] [39394] [debug] [scwx::provider::warnings_provider] Loading file: warnings_20260518_01.txt
[2026-05-17 20:15:17.431] [43003] [debug] [scwx::provider::aws_level2_chunks_data_provider] Refresh() in 0.770000s
[2026-05-17 20:15:26.789] [39372] [debug] [scwx::provider::nws_api_provider] GetRadarStations
[2026-05-17 20:15:28.287] [39370] [debug] [scwx::network::ntp_client] Time offset updated: -0d 00:00:00.001441259
[2026-05-17 20:15:29.365] [39395] [debug] [scwx::provider::warnings_provider] Loading file: warnings_20260518_01.txt
[2026-05-17 20:15:38.072] [43003] [debug] [scwx::provider::aws_level2_chunks_data_provider] Refresh() in 0.640000s
[2026-05-17 20:15:43.151] [43002] [debug] [scwx::provider::aws_level2_chunks_data_provider] Refresh() in 0.150000s
[2026-05-17 20:15:46.301] [43003] [debug] [scwx::provider::aws_level2_chunks_data_provider] Refresh() in 0.150000s
[2026-05-17 20:15:50.149] [43002] [debug] [scwx::provider::aws_level2_chunks_data_provider] Refresh() in 0.150000s
[2026-05-17 20:16:05.997] [43004] [debug] [scwx::provider::aws_nexrad_data_provider] Refresh()
[2026-05-17 20:16:05.997] [43004] [debug] [scwx::provider::aws_nexrad_data_provider] ListObjects: UEX_NST_2026_05_18_
[2026-05-17 20:16:06.242] [43004] [debug] [scwx::provider::aws_nexrad_data_provider] Found 12 objects
[2026-05-17 20:16:06.242] [43004] [debug] [scwx::provider::aws_nexrad_data_provider] FindLatestKey()
[2026-05-17 20:16:06.997] [43001] [debug] [scwx::provider::aws_nexrad_data_provider] Refresh()
[2026-05-17 20:16:06.997] [43001] [debug] [scwx::provider::aws_nexrad_data_provider] ListObjects: 2026/05/18/KUEX/
[2026-05-17 20:16:07.244] [43001] [debug] [scwx::provider::aws_nexrad_data_provider] Found 14 objects
[2026-05-17 20:16:07.244] [43001] [debug] [scwx::provider::aws_nexrad_data_provider] FindLatestKey()
[2026-05-17 20:16:07.246] [42999] [debug] [scwx::provider::aws_nexrad_data_provider] FindKey: 2026-05-18 01:10:43 UTC
[2026-05-17 20:16:07.736] [42999] [debug] [scwx::wsr88d::ar2v_file] Loading Data
[2026-05-17 20:16:07.736] [42999] [debug] [scwx::wsr88d::ar2v_file] Filename:  AR2V0006.
[2026-05-17 20:16:07.736] [42999] [debug] [scwx::wsr88d::ar2v_file] Extension: 220
[2026-05-17 20:16:07.736] [42999] [debug] [scwx::wsr88d::ar2v_file] Date:      20592 (2026-05-18)
[2026-05-17 20:16:07.736] [42999] [debug] [scwx::wsr88d::ar2v_file] Time:      4243942 (01:10:43.942000000)
[2026-05-17 20:16:07.736] [42999] [debug] [scwx::wsr88d::ar2v_file] ICAO:      KUEX
[2026-05-17 20:16:08.394] [42996] [debug] [scwx::qt::manager::radar_product_manager] Level 2 product previously loaded, loading from cache
[2026-05-17 20:16:08.394] [42998] [debug] [scwx::qt::manager::radar_product_manager] Level 2 product previously loaded, loading from cache
[2026-05-17 20:16:08.394] [42997] [debug] [scwx::qt::manager::radar_product_manager] Level 2 product previously loaded, loading from cache
[2026-05-17 20:16:10.595] [43002] [debug] [scwx::provider::aws_level2_chunks_data_provider] Refresh() in 0.450000s
[2026-05-17 20:16:13.901] [88787] [debug] [scwx::wsr88d::ar2v_file] Loading Data
[2026-05-17 20:16:13.901] [88787] [debug] [scwx::wsr88d::ar2v_file] Filename:  AR2V0006.
[2026-05-17 20:16:13.901] [88787] [debug] [scwx::wsr88d::ar2v_file] Extension: 221
[2026-05-17 20:16:13.901] [88787] [debug] [scwx::wsr88d::ar2v_file] Date:      20592 (2026-05-18)
[2026-05-17 20:16:13.901] [88787] [debug] [scwx::wsr88d::ar2v_file] Time:      4565774 (01:16:05.774000000)
[2026-05-17 20:16:13.901] [88787] [debug] [scwx::wsr88d::ar2v_file] ICAO:      KUEX
[2026-05-17 20:16:14.165] [43003] [debug] [scwx::provider::aws_level2_chunks_data_provider] Refresh() in 0.570000s
[2026-05-17 20:16:14.166] [39449] [debug] [scwx::qt::view::level2_product_view] Computing Sweep
[2026-05-17 20:16:14.166] [39449] [debug] [scwx::qt::view::level2_product_view] ComputeCoordinates()
[2026-05-17 20:16:14.167] [39450] [debug] [scwx::qt::view::level2_product_view] Computing Sweep
[2026-05-17 20:16:14.167] [39450] [debug] [scwx::qt::view::level2_product_view] ComputeCoordinates()
[2026-05-17 20:16:14.168] [39445] [debug] [scwx::qt::view::level2_product_view] Computing Sweep
[2026-05-17 20:16:14.168] [39445] [debug] [scwx::qt::view::level2_product_view] ComputeCoordinates()
[2026-05-17 20:16:14.225] [39449] [debug] [scwx::qt::view::level2_product_view] Coordinates calculated in 0.060000s
[2026-05-17 20:16:14.240] [39450] [debug] [scwx::qt::view::level2_product_view] Coordinates calculated in 0.070000s
[2026-05-17 20:16:14.243] [39449] [debug] [scwx::qt::view::level2_product_view] Vertices calculated in 0.010000s
[2026-05-17 20:16:14.245] [39445] [debug] [scwx::qt::view::level2_product_view] Coordinates calculated in 0.080000s
[2026-05-17 20:16:14.249] [39347] [debug] [scwx::qt::map::radar_product_layer] UpdateSweep()
[2026-05-17 20:16:14.252] [39450] [debug] [scwx::qt::view::level2_product_view] Vertices calculated in 0.010000s
[2026-05-17 20:16:14.253] [39347] [debug] [scwx::qt::map::radar_product_layer] Vertices buffered in 0.000000s
[2026-05-17 20:16:14.253] [39347] [debug] [scwx::qt::map::radar_product_layer] Data moments buffered in 0.000000s
[2026-05-17 20:16:14.260] [39347] [debug] [scwx::qt::map::radar_product_layer] UpdateSweep()
[2026-05-17 20:16:14.261] [39445] [debug] [scwx::qt::view::level2_product_view] Vertices calculated in 0.010000s
[2026-05-17 20:16:14.261] [39347] [debug] [scwx::qt::map::radar_product_layer] Vertices buffered in 0.000000s
[2026-05-17 20:16:14.261] [39347] [debug] [scwx::qt::map::radar_product_layer] Data moments buffered in 0.000000s
[2026-05-17 20:16:15.249] [39347] [debug] [scwx::qt::map::radar_product_layer] UpdateSweep()
[2026-05-17 20:16:15.252] [39347] [debug] [scwx::qt::map::radar_product_layer] Vertices buffered in 0.000000s
[2026-05-17 20:16:15.252] [39347] [debug] [scwx::qt::map::radar_product_layer] Data moments buffered in 0.000000s
[2026-05-17 20:16:15.253] [39347] [debug] [scwx::qt::map::radar_product_layer] CFP moments buffered in 0.000000s
[2026-05-17 20:16:21.242] [43005] [debug] [scwx::provider::aws_nexrad_data_provider] Refresh()
[2026-05-17 20:16:21.242] [43005] [debug] [scwx::provider::aws_nexrad_data_provider] ListObjects: UEX_NST_2026_05_18_
[2026-05-17 20:16:21.448] [43005] [debug] [scwx::provider::aws_nexrad_data_provider] Found 13 objects
[2026-05-17 20:16:21.448] [43005] [debug] [scwx::provider::aws_nexrad_data_provider] FindLatestKey()
[2026-05-17 20:16:21.448] [39347] [debug] [scwx::qt::view::overlay_product_view] Load Product: NST, 2026-05-18 01:10:43 UTC, true
[2026-05-17 20:16:21.448] [39347] [debug] [scwx::qt::view::overlay_product_view] Load Product: NST, 2026-05-18 01:10:43 UTC, true
[2026-05-17 20:16:21.448] [39347] [debug] [scwx::qt::view::overlay_product_view] Load Product: NST, 2026-05-18 01:10:43 UTC, true
[2026-05-17 20:16:21.448] [39347] [debug] [scwx::qt::view::overlay_product_view] Load Product: NST, 2026-05-18 01:10:43 UTC, true
[2026-05-17 20:16:21.448] [39409] [debug] [scwx::qt::manager::radar_product_manager] LoadLevel3Data: 2026-05-18 01:10:43 UTC
[2026-05-17 20:16:21.448] [39437] [debug] [scwx::qt::manager::radar_product_manager] LoadLevel3Data: 2026-05-18 01:10:43 UTC
[2026-05-17 20:16:21.448] [39441] [debug] [scwx::qt::manager::radar_product_manager] LoadLevel3Data: 2026-05-18 01:10:43 UTC
[2026-05-17 20:16:21.448] [39433] [debug] [scwx::qt::manager::radar_product_manager] LoadLevel3Data: 2026-05-18 01:10:43 UTC
[2026-05-17 20:16:21.448] [42996] [debug] [scwx::provider::aws_nexrad_data_provider] FindKey: 2026-05-18 01:10:43 UTC
[2026-05-17 20:16:21.529] [42996] [debug] [scwx::wsr88d::level3_file] Loading Data
[2026-05-17 20:16:21.529] [42996] [debug] [scwx::wsr88d::level3_file] Data Type: SD
[2026-05-17 20:16:21.529] [42996] [debug] [scwx::wsr88d::level3_file] ICAO:      KGID
[2026-05-17 20:16:21.529] [42996] [debug] [scwx::wsr88d::level3_file] Date/Time: 180110
[2026-05-17 20:16:21.529] [42996] [debug] [scwx::wsr88d::level3_file] Category:  NST
[2026-05-17 20:16:21.529] [42996] [debug] [scwx::wsr88d::level3_file] Site ID:   UEX
[2026-05-17 20:16:21.529] [42996] [debug] [scwx::wsr88d::rpg::level3_message_factory] Found Message 58
[2026-05-17 20:16:21.529] [42996] [debug] [scwx::wsr88d::rpg::graphic_product_message] Loading Blocks
[2026-05-17 20:16:21.529] [42996] [debug] [scwx::wsr88d::rpg::graphic_product_message] Product symbology block valid: true
[2026-05-17 20:16:21.529] [42996] [debug] [scwx::wsr88d::rpg::graphic_product_message] Graphic alphanumeric block valid: true
[2026-05-17 20:16:21.529] [42996] [debug] [scwx::wsr88d::rpg::graphic_product_message] Tabular alphanumeric block valid: true
[2026-05-17 20:16:21.530] [42999] [debug] [scwx::qt::manager::radar_product_manager] Level 3 product previously loaded, loading from cache
[2026-05-17 20:16:21.530] [42998] [debug] [scwx::qt::manager::radar_product_manager] Level 3 product previously loaded, loading from cache
[2026-05-17 20:16:21.530] [42997] [debug] [scwx::qt::manager::radar_product_manager] Level 3 product previously loaded, loading from cache
[2026-05-17 20:16:26.919] [39372] [debug] [scwx::provider::nws_api_provider] GetRadarStations
[2026-05-17 20:16:30.759] [39395] [debug] [scwx::provider::warnings_provider] Loading file: warnings_20260518_01.txt
[2026-05-17 20:16:32.321] [39371] [debug] [scwx::network::ntp_client] Time offset updated: -0d 00:00:00.001939560
[2026-05-17 20:16:35.066] [43002] [debug] [scwx::provider::aws_level2_chunks_data_provider] Refresh() in 0.900000s
[2026-05-17 20:16:35.066] [39445] [debug] [scwx::qt::view::level2_product_view] Computing Sweep
[2026-05-17 20:16:35.066] [39445] [debug] [scwx::qt::view::level2_product_view] ComputeCoordinates()
[2026-05-17 20:16:35.066] [39446] [debug] [scwx::qt::view::level2_product_view] Computing Sweep
[2026-05-17 20:16:35.066] [39446] [debug] [scwx::qt::view::level2_product_view] ComputeCoordinates()
[2026-05-17 20:16:35.070] [39449] [debug] [scwx::qt::view::level2_product_view] Computing Sweep
[2026-05-17 20:16:35.070] [39449] [debug] [scwx::qt::view::level2_product_view] ComputeCoordinates()
[2026-05-17 20:16:35.070] [39450] [debug] [scwx::qt::view::level2_product_view] Computing Sweep
[2026-05-17 20:16:35.070] [39450] [debug] [scwx::qt::view::level2_product_view] ComputeCoordinates()
[2026-05-17 20:16:35.131] [39445] [debug] [scwx::qt::view::level2_product_view] Coordinates calculated in 0.060000s
[2026-05-17 20:16:35.146] [39445] [debug] [scwx::qt::view::level2_product_view] Vertices calculated in 0.020000s
[2026-05-17 20:16:35.180] [39449] [debug] [scwx::qt::view::level2_product_view] Coordinates calculated in 0.110000s
[2026-05-17 20:16:35.183] [39446] [debug] [scwx::qt::view::level2_product_view] Coordinates calculated in 0.110000s
[2026-05-17 20:16:35.183] [39450] [debug] [scwx::qt::view::level2_product_view] Coordinates calculated in 0.110000s
[2026-05-17 20:16:35.195] [39449] [debug] [scwx::qt::view::level2_product_view] Vertices calculated in 0.020000s
[2026-05-17 20:16:35.197] [39446] [debug] [scwx::qt::view::level2_product_view] Vertices calculated in 0.020000s
[2026-05-17 20:16:35.199] [39450] [debug] [scwx::qt::view::level2_product_view] Vertices calculated in 0.020000s
[2026-05-17 20:16:35.240] [39347] [debug] [scwx::qt::map::radar_product_layer] UpdateSweep()
[2026-05-17 20:16:35.243] [39347] [debug] [scwx::qt::map::radar_product_layer] Vertices buffered in 0.000000s
[2026-05-17 20:16:35.244] [39347] [debug] [scwx::qt::map::radar_product_layer] Data moments buffered in 0.000000s
[2026-05-17 20:16:35.246] [39347] [debug] [scwx::qt::map::radar_product_layer] UpdateSweep()
[2026-05-17 20:16:35.246] [39347] [debug] [scwx::qt::map::radar_product_layer] Vertices buffered in 0.000000s
[2026-05-17 20:16:35.247] [39347] [debug] [scwx::qt::map::radar_product_layer] Data moments buffered in 0.000000s
[2026-05-17 20:16:35.249] [39347] [debug] [scwx::qt::map::radar_product_layer] UpdateSweep()
[2026-05-17 20:16:35.249] [39347] [debug] [scwx::qt::map::radar_product_layer] Vertices buffered in 0.000000s
[2026-05-17 20:16:35.249] [39347] [debug] [scwx::qt::map::radar_product_layer] Data moments buffered in 0.000000s
[2026-05-17 20:16:35.251] [39347] [debug] [scwx::qt::map::radar_product_layer] UpdateSweep()
[2026-05-17 20:16:35.254] [39347] [debug] [scwx::qt::map::radar_product_layer] Vertices buffered in 0.000000s
[2026-05-17 20:16:35.254] [39347] [debug] [scwx::qt::map::radar_product_layer] Data moments buffered in 0.010000s
[2026-05-17 20:16:35.255] [39347] [debug] [scwx::qt::map::radar_product_layer] CFP moments buffered in 0.000000s
[2026-05-17 20:16:38.358] [43002] [debug] [scwx::provider::aws_level2_chunks_data_provider] Refresh() in 0.290000s
[2026-05-17 20:16:38.359] [39446] [debug] [scwx::qt::view::level2_product_view] Computing Sweep
[2026-05-17 20:16:38.359] [39446] [debug] [scwx::qt::view::level2_product_view] ComputeCoordinates()
[2026-05-17 20:16:38.384] [39446] [debug] [scwx::qt::view::level2_product_view] Coordinates calculated in 0.020000s
[2026-05-17 20:16:38.391] [39446] [debug] [scwx::qt::view::level2_product_view] Vertices calculated in 0.000000s
[2026-05-17 20:16:38.392] [39347] [debug] [scwx::qt::map::radar_product_layer] UpdateSweep()
[2026-05-17 20:16:38.393] [39347] [debug] [scwx::qt::map::radar_product_layer] Vertices buffered in 0.000000s
[2026-05-17 20:16:38.394] [39347] [debug] [scwx::qt::map::radar_product_layer] Data moments buffered in 0.000000s
[2026-05-17 20:16:46.250] [39394] [debug] [scwx::provider::warnings_provider] Loading file: warnings_20260518_01.txt
[2026-05-17 20:16:59.221] [43002] [debug] [scwx::provider::aws_level2_chunks_data_provider] Refresh() in 0.860000s
[2026-05-17 20:16:59.223] [39446] [debug] [scwx::qt::view::level2_product_view] Computing Sweep
[2026-05-17 20:16:59.223] [39446] [debug] [scwx::qt::view::level2_product_view] ComputeCoordinates()
[2026-05-17 20:16:59.250] [39446] [debug] [scwx::qt::view::level2_product_view] Coordinates calculated in 0.030000s
[2026-05-17 20:16:59.256] [39446] [debug] [scwx::qt::view::level2_product_view] Vertices calculated in 0.010000s
[2026-05-17 20:16:59.257] [39347] [debug] [scwx::qt::map::radar_product_layer] UpdateSweep()
[2026-05-17 20:16:59.259] [39347] [debug] [scwx::qt::map::radar_product_layer] Vertices buffered in 0.000000s
[2026-05-17 20:16:59.260] [39347] [debug] [scwx::qt::map::radar_product_layer] Data moments buffered in 0.000000s
[2026-05-17 20:17:02.450] [43003] [debug] [scwx::provider::aws_level2_chunks_data_provider] Refresh() in 0.230000s
[2026-05-17 20:17:17.028] [39394] [debug] [scwx::provider::warnings_provider] Loading file: warnings_20260518_01.txt
[2026-05-17 20:17:23.125] [43002] [debug] [scwx::provider::aws_level2_chunks_data_provider] Refresh() in 0.680000s
[2026-05-17 20:17:26.268] [43003] [debug] [scwx::provider::aws_level2_chunks_data_provider] Refresh() in 0.140000s
[2026-05-17 20:17:27.022] [39372] [debug] [scwx::provider::nws_api_provider] GetRadarStations
[2026-05-17 20:17:30.298] [43002] [debug] [scwx::provider::aws_level2_chunks_data_provider] Refresh() in 0.300000s
[2026-05-17 20:17:32.499] [39395] [debug] [scwx::provider::warnings_provider] Loading file: warnings_20260518_01.txt
[2026-05-17 20:17:36.357] [39370] [debug] [scwx::network::ntp_client] Time offset updated: 0d 00:00:00.001257536
[2026-05-17 20:17:47.966] [39394] [debug] [scwx::provider::warnings_provider] Loading file: warnings_20260518_01.txt
[2026-05-17 20:17:51.197] [43003] [debug] [scwx::provider::aws_level2_chunks_data_provider] Refresh() in 0.900000s
[2026-05-17 20:18:12.089] [43002] [debug] [scwx::provider::aws_level2_chunks_data_provider] Refresh() in 0.890000s
[2026-05-17 20:18:27.122] [39372] [debug] [scwx::provider::nws_api_provider] GetRadarStations
[2026-05-17 20:18:32.840] [43002] [debug] [scwx::provider::aws_level2_chunks_data_provider] Refresh() in 0.750000s
[2026-05-17 20:18:34.076] [39395] [debug] [scwx::provider::warnings_provider] Loading file: warnings_20260518_01.txt
[2026-05-17 20:18:35.996] [43003] [debug] [scwx::provider::aws_level2_chunks_data_provider] Refresh() in 0.160000s
[2026-05-17 20:18:40.414] [39371] [debug] [scwx::network::ntp_client] Time offset updated: -0d 00:00:00.013673962
[2026-05-17 20:18:49.557] [39394] [debug] [scwx::provider::warnings_provider] Loading file: warnings_20260518_01.txt
[2026-05-17 20:18:56.910] [43002] [debug] [scwx::provider::aws_level2_chunks_data_provider] Refresh() in 0.910000s
[2026-05-17 20:18:56.911] [39449] [debug] [scwx::qt::view::level2_product_view] Computing Sweep
[2026-05-17 20:18:56.911] [39449] [debug] [scwx::qt::view::level2_product_view] ComputeCoordinates()
[2026-05-17 20:18:56.912] [39445] [debug] [scwx::qt::view::level2_product_view] Computing Sweep
[2026-05-17 20:18:56.912] [39445] [debug] [scwx::qt::view::level2_product_view] ComputeCoordinates()
[2026-05-17 20:18:56.913] [39450] [debug] [scwx::qt::view::level2_product_view] Computing Sweep
[2026-05-17 20:18:56.913] [39450] [debug] [scwx::qt::view::level2_product_view] ComputeCoordinates()
[2026-05-17 20:18:56.966] [39449] [debug] [scwx::qt::view::level2_product_view] Coordinates calculated in 0.060000s
[2026-05-17 20:18:56.974] [39449] [debug] [scwx::qt::view::level2_product_view] Vertices calculated in 0.000000s
[2026-05-17 20:18:56.986] [39445] [debug] [scwx::qt::view::level2_product_view] Coordinates calculated in 0.080000s
[2026-05-17 20:18:56.987] [39450] [debug] [scwx::qt::view::level2_product_view] Coordinates calculated in 0.080000s
[2026-05-17 20:18:57.000] [39450] [debug] [scwx::qt::view::level2_product_view] Vertices calculated in 0.010000s
[2026-05-17 20:18:57.001] [39445] [debug] [scwx::qt::view::level2_product_view] Vertices calculated in 0.010000s
[2026-05-17 20:18:57.223] [39347] [debug] [scwx::qt::map::radar_product_layer] UpdateSweep()
[2026-05-17 20:18:57.225] [39347] [debug] [scwx::qt::map::radar_product_layer] Vertices buffered in 0.010000s
[2026-05-17 20:18:57.226] [39347] [debug] [scwx::qt::map::radar_product_layer] Data moments buffered in 0.000000s
[2026-05-17 20:18:57.228] [39347] [debug] [scwx::qt::map::radar_product_layer] UpdateSweep()
[2026-05-17 20:18:57.228] [39347] [debug] [scwx::qt::map::radar_product_layer] Vertices buffered in 0.000000s
[2026-05-17 20:18:57.228] [39347] [debug] [scwx::qt::map::radar_product_layer] Data moments buffered in 0.000000s
[2026-05-17 20:18:57.230] [39347] [debug] [scwx::qt::map::radar_product_layer] UpdateSweep()
[2026-05-17 20:18:57.233] [39347] [debug] [scwx::qt::map::radar_product_layer] Vertices buffered in 0.000000s
[2026-05-17 20:18:57.233] [39347] [debug] [scwx::qt::map::radar_product_layer] Data moments buffered in 0.000000s
[2026-05-17 20:18:57.233] [39347] [debug] [scwx::qt::map::radar_product_layer] CFP moments buffered in 0.000000s
[2026-05-17 20:19:05.015] [39395] [debug] [scwx::provider::warnings_provider] Loading file: warnings_20260518_01.txt
[2026-05-17 20:19:17.840] [43003] [debug] [scwx::provider::aws_level2_chunks_data_provider] Refresh() in 0.930000s
[2026-05-17 20:19:17.841] [39445] [debug] [scwx::qt::view::level2_product_view] Computing Sweep
[2026-05-17 20:19:17.841] [39445] [debug] [scwx::qt::view::level2_product_view] ComputeCoordinates()
[2026-05-17 20:19:17.841] [39446] [debug] [scwx::qt::view::level2_product_view] Computing Sweep
[2026-05-17 20:19:17.841] [39446] [debug] [scwx::qt::view::level2_product_view] ComputeCoordinates()
[2026-05-17 20:19:17.845] [39449] [debug] [scwx::qt::view::level2_product_view] Computing Sweep
[2026-05-17 20:19:17.845] [39449] [debug] [scwx::qt::view::level2_product_view] ComputeCoordinates()
[2026-05-17 20:19:17.848] [39450] [debug] [scwx::qt::view::level2_product_view] Computing Sweep
[2026-05-17 20:19:17.848] [39450] [debug] [scwx::qt::view::level2_product_view] ComputeCoordinates()
[2026-05-17 20:19:17.896] [39445] [debug] [scwx::qt::view::level2_product_view] Coordinates calculated in 0.060000s
[2026-05-17 20:19:17.921] [39445] [debug] [scwx::qt::view::level2_product_view] Vertices calculated in 0.020000s
[2026-05-17 20:19:17.941] [39446] [debug] [scwx::qt::view::level2_product_view] Coordinates calculated in 0.100000s
[2026-05-17 20:19:17.941] [39449] [debug] [scwx::qt::view::level2_product_view] Coordinates calculated in 0.090000s
[2026-05-17 20:19:17.947] [39450] [debug] [scwx::qt::view::level2_product_view] Coordinates calculated in 0.100000s
[2026-05-17 20:19:17.955] [39446] [debug] [scwx::qt::view::level2_product_view] Vertices calculated in 0.020000s
[2026-05-17 20:19:17.956] [39449] [debug] [scwx::qt::view::level2_product_view] Vertices calculated in 0.020000s
[2026-05-17 20:19:17.959] [39450] [debug] [scwx::qt::view::level2_product_view] Vertices calculated in 0.010000s
[2026-05-17 20:19:18.212] [39347] [debug] [scwx::qt::map::radar_product_layer] UpdateSweep()
[2026-05-17 20:19:18.214] [39347] [debug] [scwx::qt::map::radar_product_layer] Vertices buffered in 0.000000s
[2026-05-17 20:19:18.215] [39347] [debug] [scwx::qt::map::radar_product_layer] Data moments buffered in 0.010000s
[2026-05-17 20:19:18.217] [39347] [debug] [scwx::qt::map::radar_product_layer] UpdateSweep()
[2026-05-17 20:19:18.217] [39347] [debug] [scwx::qt::map::radar_product_layer] Vertices buffered in 0.000000s
[2026-05-17 20:19:18.217] [39347] [debug] [scwx::qt::map::radar_product_layer] Data moments buffered in 0.000000s
[2026-05-17 20:19:18.219] [39347] [debug] [scwx::qt::map::radar_product_layer] UpdateSweep()
[2026-05-17 20:19:18.219] [39347] [debug] [scwx::qt::map::radar_product_layer] Vertices buffered in 0.000000s
[2026-05-17 20:19:18.219] [39347] [debug] [scwx::qt::map::radar_product_layer] Data moments buffered in 0.000000s
[2026-05-17 20:19:18.221] [39347] [debug] [scwx::qt::map::radar_product_layer] UpdateSweep()
[2026-05-17 20:19:18.224] [39347] [debug] [scwx::qt::map::radar_product_layer] Vertices buffered in 0.000000s
[2026-05-17 20:19:18.224] [39347] [debug] [scwx::qt::map::radar_product_layer] Data moments buffered in 0.000000s
[2026-05-17 20:19:18.224] [39347] [debug] [scwx::qt::map::radar_product_layer] CFP moments buffered in 0.000000s
[2026-05-17 20:19:20.485] [39394] [debug] [scwx::provider::warnings_provider] Loading file: warnings_20260518_01.txt
[2026-05-17 20:19:27.240] [39372] [debug] [scwx::provider::nws_api_provider] GetRadarStations
[2026-05-17 20:19:38.457] [43003] [debug] [scwx::provider::aws_level2_chunks_data_provider] Refresh() in 0.620000s
[2026-05-17 20:19:38.458] [39446] [debug] [scwx::qt::view::level2_product_view] Computing Sweep
[2026-05-17 20:19:38.458] [39446] [debug] [scwx::qt::view::level2_product_view] ComputeCoordinates()
[2026-05-17 20:19:38.484] [39446] [debug] [scwx::qt::view::level2_product_view] Coordinates calculated in 0.020000s
[2026-05-17 20:19:38.490] [39446] [debug] [scwx::qt::view::level2_product_view] Vertices calculated in 0.010000s
[2026-05-17 20:19:39.200] [39347] [debug] [scwx::qt::map::radar_product_layer] UpdateSweep()
[2026-05-17 20:19:39.202] [39347] [debug] [scwx::qt::map::radar_product_layer] Vertices buffered in 0.000000s
[2026-05-17 20:19:39.202] [39347] [debug] [scwx::qt::map::radar_product_layer] Data moments buffered in 0.000000s
[2026-05-17 20:19:44.449] [39370] [debug] [scwx::network::ntp_client] Time offset updated: -0d 00:00:00.001404741
[2026-05-17 20:19:51.256] [39394] [debug] [scwx::provider::warnings_provider] Loading file: warnings_20260518_01.txt
[2026-05-17 20:19:59.125] [43002] [debug] [scwx::provider::aws_level2_chunks_data_provider] Refresh() in 0.670000s
[2026-05-17 20:20:03.062] [43003] [debug] [scwx::provider::aws_level2_chunks_data_provider] Refresh() in 0.060000s
[2026-05-17 20:20:06.211] [43003] [debug] [scwx::provider::aws_level2_chunks_data_provider] Refresh() in 0.150000s
[2026-05-17 20:20:06.745] [39395] [debug] [scwx::provider::warnings_provider] Loading file: warnings_20260518_01.txt
[2026-05-17 20:20:14.331] [43002] [debug] [scwx::provider::aws_level2_chunks_data_provider] Refresh() in 0.330000s
[2026-05-17 20:20:18.281] [43002] [debug] [scwx::provider::aws_level2_chunks_data_provider] Refresh() in 0.280000s
[2026-05-17 20:20:27.359] [39372] [debug] [scwx::provider::nws_api_provider] GetRadarStations
[2026-05-17 20:20:39.122] [43003] [debug] [scwx::provider::aws_level2_chunks_data_provider] Refresh() in 0.840000s
[2026-05-17 20:20:48.481] [39371] [debug] [scwx::network::ntp_client] Time offset updated: -0d 00:00:00.000505789
[2026-05-17 20:20:52.820] [39394] [debug] [scwx::provider::warnings_provider] Loading file: warnings_20260518_01.txt
[2026-05-17 20:20:59.752] [43002] [debug] [scwx::provider::aws_level2_chunks_data_provider] Refresh() in 0.630000s
[2026-05-17 20:21:08.301] [39395] [debug] [scwx::provider::warnings_provider] Loading file: warnings_20260518_01.txt
[2026-05-17 20:21:20.000] [43000] [debug] [scwx::provider::aws_nexrad_data_provider] Refresh()
[2026-05-17 20:21:20.000] [43000] [debug] [scwx::provider::aws_nexrad_data_provider] ListObjects: 2026/05/18/KUEX/
[2026-05-17 20:21:20.208] [43000] [debug] [scwx::provider::aws_nexrad_data_provider] Found 15 objects
[2026-05-17 20:21:20.208] [43000] [debug] [scwx::provider::aws_nexrad_data_provider] FindLatestKey()
[2026-05-17 20:21:20.208] [42996] [debug] [scwx::provider::aws_nexrad_data_provider] FindKey: 2026-05-18 01:16:05 UTC
[2026-05-17 20:21:20.233] [43003] [debug] [scwx::provider::aws_level2_chunks_data_provider] Refresh() in 0.480000s
[2026-05-17 20:21:20.686] [42996] [debug] [scwx::wsr88d::ar2v_file] Loading Data
[2026-05-17 20:21:20.686] [42996] [debug] [scwx::wsr88d::ar2v_file] Filename:  AR2V0006.
[2026-05-17 20:21:20.686] [42996] [debug] [scwx::wsr88d::ar2v_file] Extension: 221
[2026-05-17 20:21:20.686] [42996] [debug] [scwx::wsr88d::ar2v_file] Date:      20592 (2026-05-18)
[2026-05-17 20:21:20.686] [42996] [debug] [scwx::wsr88d::ar2v_file] Time:      4565774 (01:16:05.774000000)
[2026-05-17 20:21:20.686] [42996] [debug] [scwx::wsr88d::ar2v_file] ICAO:      KUEX
[2026-05-17 20:21:21.354] [42999] [debug] [scwx::qt::manager::radar_product_manager] Level 2 product previously loaded, loading from cache
[2026-05-17 20:21:21.354] [42998] [debug] [scwx::qt::manager::radar_product_manager] Level 2 product previously loaded, loading from cache
[2026-05-17 20:21:21.354] [42997] [debug] [scwx::qt::manager::radar_product_manager] Level 2 product previously loaded, loading from cache
[2026-05-17 20:21:23.555] [92001] [debug] [scwx::wsr88d::ar2v_file] Loading Data
[2026-05-17 20:21:23.555] [92001] [debug] [scwx::wsr88d::ar2v_file] Filename:  AR2V0006.
[2026-05-17 20:21:23.555] [92001] [debug] [scwx::wsr88d::ar2v_file] Extension: 222
[2026-05-17 20:21:23.555] [92001] [debug] [scwx::wsr88d::ar2v_file] Date:      20592 (2026-05-18)
[2026-05-17 20:21:23.555] [92001] [debug] [scwx::wsr88d::ar2v_file] Time:      4880545 (01:21:20.545000000)
[2026-05-17 20:21:23.555] [92001] [debug] [scwx::wsr88d::ar2v_file] ICAO:      KUEX
[2026-05-17 20:21:23.556] [43002] [debug] [scwx::provider::aws_level2_chunks_data_provider] Refresh() in 0.330000s
[2026-05-17 20:21:27.475] [39372] [debug] [scwx::provider::nws_api_provider] GetRadarStations
[2026-05-17 20:21:28.001] [43005] [debug] [scwx::provider::aws_nexrad_data_provider] Refresh()
[2026-05-17 20:21:28.001] [43005] [debug] [scwx::provider::aws_nexrad_data_provider] ListObjects: UEX_NST_2026_05_18_
[2026-05-17 20:21:28.215] [43005] [debug] [scwx::provider::aws_nexrad_data_provider] Found 13 objects
[2026-05-17 20:21:28.215] [43005] [debug] [scwx::provider::aws_nexrad_data_provider] FindLatestKey()
[2026-05-17 20:21:39.113] [39395] [debug] [scwx::provider::warnings_provider] Loading file: warnings_20260518_01.txt
[2026-05-17 20:21:43.215] [43005] [debug] [scwx::provider::aws_nexrad_data_provider] Refresh()
[2026-05-17 20:21:43.215] [43005] [debug] [scwx::provider::aws_nexrad_data_provider] ListObjects: UEX_NST_2026_05_18_
[2026-05-17 20:21:43.408] [43005] [debug] [scwx::provider::aws_nexrad_data_provider] Found 14 objects
[2026-05-17 20:21:43.408] [43005] [debug] [scwx::provider::aws_nexrad_data_provider] FindLatestKey()
[2026-05-17 20:21:43.408] [39347] [debug] [scwx::qt::view::overlay_product_view] Load Product: NST, 2026-05-18 01:16:05 UTC, true
[2026-05-17 20:21:43.408] [39347] [debug] [scwx::qt::view::overlay_product_view] Load Product: NST, 2026-05-18 01:16:05 UTC, true
[2026-05-17 20:21:43.408] [39347] [debug] [scwx::qt::view::overlay_product_view] Load Product: NST, 2026-05-18 01:16:05 UTC, true
[2026-05-17 20:21:43.408] [39347] [debug] [scwx::qt::view::overlay_product_view] Load Product: NST, 2026-05-18 01:16:05 UTC, true
[2026-05-17 20:21:43.408] [39409] [debug] [scwx::qt::manager::radar_product_manager] LoadLevel3Data: 2026-05-18 01:16:05 UTC
[2026-05-17 20:21:43.408] [39433] [debug] [scwx::qt::manager::radar_product_manager] LoadLevel3Data: 2026-05-18 01:16:05 UTC
[2026-05-17 20:21:43.408] [39437] [debug] [scwx::qt::manager::radar_product_manager] LoadLevel3Data: 2026-05-18 01:16:05 UTC
[2026-05-17 20:21:43.408] [39441] [debug] [scwx::qt::manager::radar_product_manager] LoadLevel3Data: 2026-05-18 01:16:05 UTC
[2026-05-17 20:21:43.408] [42996] [debug] [scwx::provider::aws_nexrad_data_provider] FindKey: 2026-05-18 01:16:05 UTC
[2026-05-17 20:21:43.489] [42996] [debug] [scwx::wsr88d::level3_file] Loading Data
[2026-05-17 20:21:43.489] [42996] [debug] [scwx::wsr88d::level3_file] Data Type: SD
[2026-05-17 20:21:43.489] [42996] [debug] [scwx::wsr88d::level3_file] ICAO:      KGID
[2026-05-17 20:21:43.489] [42996] [debug] [scwx::wsr88d::level3_file] Date/Time: 180116
[2026-05-17 20:21:43.489] [42996] [debug] [scwx::wsr88d::level3_file] Category:  NST
[2026-05-17 20:21:43.489] [42996] [debug] [scwx::wsr88d::level3_file] Site ID:   UEX
[2026-05-17 20:21:43.489] [42996] [debug] [scwx::wsr88d::rpg::level3_message_factory] Found Message 58
[2026-05-17 20:21:43.489] [42996] [debug] [scwx::wsr88d::rpg::graphic_product_message] Loading Blocks
[2026-05-17 20:21:43.489] [42996] [debug] [scwx::wsr88d::rpg::graphic_product_message] Product symbology block valid: true
[2026-05-17 20:21:43.489] [42996] [debug] [scwx::wsr88d::rpg::graphic_product_message] Graphic alphanumeric block valid: true
[2026-05-17 20:21:43.489] [42996] [debug] [scwx::wsr88d::rpg::graphic_product_message] Tabular alphanumeric block valid: true
[2026-05-17 20:21:43.490] [42999] [debug] [scwx::qt::manager::radar_product_manager] Level 3 product previously loaded, loading from cache
[2026-05-17 20:21:43.490] [42998] [debug] [scwx::qt::manager::radar_product_manager] Level 3 product previously loaded, loading from cache
[2026-05-17 20:21:43.490] [42997] [debug] [scwx::qt::manager::radar_product_manager] Level 3 product previously loaded, loading from cache
[2026-05-17 20:21:44.592] [43003] [debug] [scwx::provider::aws_level2_chunks_data_provider] Refresh() in 1.030000s
[2026-05-17 20:21:44.593] [39446] [debug] [scwx::qt::view::level2_product_view] Computing Sweep
[2026-05-17 20:21:44.593] [39446] [debug] [scwx::qt::view::level2_product_view] ComputeCoordinates()
[2026-05-17 20:21:44.595] [39445] [debug] [scwx::qt::view::level2_product_view] Computing Sweep
[2026-05-17 20:21:44.595] [39445] [debug] [scwx::qt::view::level2_product_view] ComputeCoordinates()
[2026-05-17 20:21:44.599] [39449] [debug] [scwx::qt::view::level2_product_view] Computing Sweep
[2026-05-17 20:21:44.599] [39449] [debug] [scwx::qt::view::level2_product_view] ComputeCoordinates()
[2026-05-17 20:21:44.602] [39450] [debug] [scwx::qt::view::level2_product_view] Computing Sweep
[2026-05-17 20:21:44.602] [39450] [debug] [scwx::qt::view::level2_product_view] ComputeCoordinates()
[2026-05-17 20:21:44.660] [39446] [debug] [scwx::qt::view::level2_product_view] Coordinates calculated in 0.070000s
[2026-05-17 20:21:44.690] [39449] [debug] [scwx::qt::view::level2_product_view] Coordinates calculated in 0.090000s
[2026-05-17 20:21:44.694] [39446] [debug] [scwx::qt::view::level2_product_view] Vertices calculated in 0.040000s
[2026-05-17 20:21:44.695] [39347] [debug] [scwx::qt::map::radar_product_layer] UpdateSweep()
[2026-05-17 20:21:44.700] [39347] [debug] [scwx::qt::map::radar_product_layer] Vertices buffered in 0.000000s
[2026-05-17 20:21:44.700] [39347] [debug] [scwx::qt::map::radar_product_layer] Data moments buffered in 0.000000s
[2026-05-17 20:21:44.701] [39445] [debug] [scwx::qt::view::level2_product_view] Coordinates calculated in 0.100000s
[2026-05-17 20:21:44.701] [39450] [debug] [scwx::qt::view::level2_product_view] Coordinates calculated in 0.100000s
[2026-05-17 20:21:44.712] [39449] [debug] [scwx::qt::view::level2_product_view] Vertices calculated in 0.020000s
[2026-05-17 20:21:44.717] [39450] [debug] [scwx::qt::view::level2_product_view] Vertices calculated in 0.020000s
[2026-05-17 20:21:44.718] [39445] [debug] [scwx::qt::view::level2_product_view] Vertices calculated in 0.020000s
[2026-05-17 20:21:45.156] [39347] [debug] [scwx::qt::map::radar_product_layer] UpdateSweep()
[2026-05-17 20:21:45.158] [39347] [debug] [scwx::qt::map::radar_product_layer] Vertices buffered in 0.000000s
[2026-05-17 20:21:45.159] [39347] [debug] [scwx::qt::map::radar_product_layer] Data moments buffered in 0.000000s
[2026-05-17 20:21:45.160] [39347] [debug] [scwx::qt::map::radar_product_layer] UpdateSweep()
[2026-05-17 20:21:45.161] [39347] [debug] [scwx::qt::map::radar_product_layer] Vertices buffered in 0.000000s
[2026-05-17 20:21:45.161] [39347] [debug] [scwx::qt::map::radar_product_layer] Data moments buffered in 0.000000s
[2026-05-17 20:21:45.164] [39347] [debug] [scwx::qt::map::radar_product_layer] UpdateSweep()
[2026-05-17 20:21:45.167] [39347] [debug] [scwx::qt::map::radar_product_layer] Vertices buffered in 0.010000s
[2026-05-17 20:21:45.167] [39347] [debug] [scwx::qt::map::radar_product_layer] Data moments buffered in 0.000000s
[2026-05-17 20:21:45.168] [39347] [debug] [scwx::qt::map::radar_product_layer] CFP moments buffered in 0.000000s
[2026-05-17 20:21:52.517] [39370] [debug] [scwx::network::ntp_client] Time offset updated: 0d 00:00:00.001037385
[2026-05-17 20:21:54.582] [39394] [debug] [scwx::provider::warnings_provider] Loading file: warnings_20260518_01.txt
[2026-05-17 20:22:05.255] [43003] [debug] [scwx::provider::aws_level2_chunks_data_provider] Refresh() in 0.670000s
[2026-05-17 20:22:05.256] [39446] [debug] [scwx::qt::view::level2_product_view] Computing Sweep
[2026-05-17 20:22:05.256] [39446] [debug] [scwx::qt::view::level2_product_view] ComputeCoordinates()
[2026-05-17 20:22:05.282] [39446] [debug] [scwx::qt::view::level2_product_view] Coordinates calculated in 0.020000s
[2026-05-17 20:22:05.288] [39446] [debug] [scwx::qt::view::level2_product_view] Vertices calculated in 0.010000s
[2026-05-17 20:22:05.288] [39347] [debug] [scwx::qt::map::radar_product_layer] UpdateSweep()
[2026-05-17 20:22:05.290] [39347] [debug] [scwx::qt::map::radar_product_layer] Vertices buffered in 0.000000s
[2026-05-17 20:22:05.290] [39347] [debug] [scwx::qt::map::radar_product_layer] Data moments buffered in 0.000000s
[2026-05-17 20:22:10.048] [39395] [debug] [scwx::provider::warnings_provider] Loading file: warnings_20260518_01.txt
[2026-05-17 20:22:25.541] [39394] [debug] [scwx::provider::warnings_provider] Loading file: warnings_20260518_01.txt
[2026-05-17 20:22:26.151] [43002] [debug] [scwx::provider::aws_level2_chunks_data_provider] Refresh() in 0.890000s
[2026-05-17 20:22:27.569] [39372] [debug] [scwx::provider::nws_api_provider] GetRadarStations
[2026-05-17 20:22:29.300] [43003] [debug] [scwx::provider::aws_level2_chunks_data_provider] Refresh() in 0.150000s
[2026-05-17 20:22:33.137] [43002] [debug] [scwx::provider::aws_level2_chunks_data_provider] Refresh() in 0.140000s
[2026-05-17 20:22:36.287] [43002] [debug] [scwx::provider::aws_level2_chunks_data_provider] Refresh() in 0.150000s
[2026-05-17 20:22:40.143] [43003] [debug] [scwx::provider::aws_level2_chunks_data_provider] Refresh() in 0.140000s
[2026-05-17 20:22:41.032] [39395] [debug] [scwx::provider::warnings_provider] Loading file: warnings_20260518_01.txt
[2026-05-17 20:22:44.144] [43003] [debug] [scwx::provider::aws_level2_chunks_data_provider] Refresh() in 0.150000s
[2026-05-17 20:22:48.139] [43002] [debug] [scwx::provider::aws_level2_chunks_data_provider] Refresh() in 0.140000s
[2026-05-17 20:22:52.148] [43003] [debug] [scwx::provider::aws_level2_chunks_data_provider] Refresh() in 0.150000s
[2026-05-17 20:22:56.256] [43003] [debug] [scwx::provider::aws_level2_chunks_data_provider] Refresh() in 0.260000s
[2026-05-17 20:22:56.507] [39394] [debug] [scwx::provider::warnings_provider] Loading file: warnings_20260518_01.txt
[2026-05-17 20:22:56.556] [39371] [debug] [scwx::network::ntp_client] Time offset updated: 0d 00:00:00.001676629
[2026-05-17 20:23:11.979] [39395] [debug] [scwx::provider::warnings_provider] Loading file: warnings_20260518_01.txt
[2026-05-17 20:23:17.188] [43003] [debug] [scwx::provider::aws_level2_chunks_data_provider] Refresh() in 0.930000s
[2026-05-17 20:23:20.336] [43003] [debug] [scwx::provider::aws_level2_chunks_data_provider] Refresh() in 0.150000s
[2026-05-17 20:23:27.442] [39394] [debug] [scwx::provider::warnings_provider] Loading file: warnings_20260518_01.txt
[2026-05-17 20:23:27.669] [39372] [debug] [scwx::provider::nws_api_provider] GetRadarStations
[2026-05-17 20:23:41.080] [43003] [debug] [scwx::provider::aws_level2_chunks_data_provider] Refresh() in 0.740000s
[2026-05-17 20:23:42.923] [39395] [debug] [scwx::provider::warnings_provider] Loading file: warnings_20260518_01.txt
[2026-05-17 20:23:44.263] [43003] [debug] [scwx::provider::aws_level2_chunks_data_provider] Refresh() in 0.180000s
[2026-05-17 20:23:58.521] [39394] [debug] [scwx::provider::warnings_provider] Loading file: warnings_20260518_01.txt
[2026-05-17 20:24:00.602] [39370] [debug] [scwx::network::ntp_client] Time offset updated: -0d 00:00:00.012809047
[2026-05-17 20:24:04.944] [43002] [debug] [scwx::provider::aws_level2_chunks_data_provider] Refresh() in 0.680000s
[2026-05-17 20:24:10.299] [43003] [debug] [scwx::provider::aws_level2_chunks_data_provider] Refresh() in 0.290000s
[2026-05-17 20:24:27.775] [39372] [debug] [scwx::provider::nws_api_provider] GetRadarStations
[2026-05-17 20:24:29.310] [39394] [debug] [scwx::provider::warnings_provider] Loading file: warnings_20260518_01.txt
[2026-05-17 20:24:34.411] [43003] [debug] [scwx::provider::aws_level2_chunks_data_provider] Refresh() in 4.110000s
[2026-05-17 20:24:34.411] [39445] [debug] [scwx::qt::view::level2_product_view] Computing Sweep
[2026-05-17 20:24:34.411] [39445] [debug] [scwx::qt::view::level2_product_view] ComputeCoordinates()
[2026-05-17 20:24:34.412] [39449] [debug] [scwx::qt::view::level2_product_view] Computing Sweep
[2026-05-17 20:24:34.412] [39449] [debug] [scwx::qt::view::level2_product_view] ComputeCoordinates()
[2026-05-17 20:24:34.414] [39450] [debug] [scwx::qt::view::level2_product_view] Computing Sweep
[2026-05-17 20:24:34.414] [39450] [debug] [scwx::qt::view::level2_product_view] ComputeCoordinates()
[2026-05-17 20:24:34.458] [39445] [debug] [scwx::qt::view::level2_product_view] Coordinates calculated in 0.050000s
[2026-05-17 20:24:34.471] [39445] [debug] [scwx::qt::view::level2_product_view] Vertices calculated in 0.010000s
[2026-05-17 20:24:34.483] [39449] [debug] [scwx::qt::view::level2_product_view] Coordinates calculated in 0.070000s
[2026-05-17 20:24:34.490] [39450] [debug] [scwx::qt::view::level2_product_view] Coordinates calculated in 0.070000s
[2026-05-17 20:24:34.493] [39449] [debug] [scwx::qt::view::level2_product_view] Vertices calculated in 0.010000s
[2026-05-17 20:24:34.499] [39450] [debug] [scwx::qt::view::level2_product_view] Vertices calculated in 0.010000s
[2026-05-17 20:24:35.144] [39347] [debug] [scwx::qt::map::radar_product_layer] UpdateSweep()
[2026-05-17 20:24:35.147] [39347] [debug] [scwx::qt::map::radar_product_layer] Vertices buffered in 0.010000s
[2026-05-17 20:24:35.147] [39347] [debug] [scwx::qt::map::radar_product_layer] Data moments buffered in 0.000000s
[2026-05-17 20:24:35.149] [39347] [debug] [scwx::qt::map::radar_product_layer] UpdateSweep()
[2026-05-17 20:24:35.150] [39347] [debug] [scwx::qt::map::radar_product_layer] Vertices buffered in 0.000000s
[2026-05-17 20:24:35.150] [39347] [debug] [scwx::qt::map::radar_product_layer] Data moments buffered in 0.000000s
[2026-05-17 20:24:35.151] [39347] [debug] [scwx::qt::map::radar_product_layer] UpdateSweep()
[2026-05-17 20:24:35.154] [39347] [debug] [scwx::qt::map::radar_product_layer] Vertices buffered in 0.000000s
[2026-05-17 20:24:35.154] [39347] [debug] [scwx::qt::map::radar_product_layer] Data moments buffered in 0.010000s
[2026-05-17 20:24:35.155] [39347] [debug] [scwx::qt::map::radar_product_layer] CFP moments buffered in 0.000000s
[2026-05-17 20:24:37.816] [43002] [debug] [scwx::provider::aws_level2_chunks_data_provider] Refresh() in 0.410000s
[2026-05-17 20:24:37.817] [39446] [debug] [scwx::qt::view::level2_product_view] Computing Sweep
[2026-05-17 20:24:37.817] [39446] [debug] [scwx::qt::view::level2_product_view] ComputeCoordinates()
[2026-05-17 20:24:37.843] [39446] [debug] [scwx::qt::view::level2_product_view] Coordinates calculated in 0.020000s
[2026-05-17 20:24:37.849] [39446] [debug] [scwx::qt::view::level2_product_view] Vertices calculated in 0.010000s
[2026-05-17 20:24:38.144] [39347] [debug] [scwx::qt::map::radar_product_layer] UpdateSweep()
[2026-05-17 20:24:38.146] [39347] [debug] [scwx::qt::map::radar_product_layer] Vertices buffered in 0.010000s
[2026-05-17 20:24:38.146] [39347] [debug] [scwx::qt::map::radar_product_layer] Data moments buffered in 0.000000s
[2026-05-17 20:24:44.798] [39395] [debug] [scwx::provider::warnings_provider] Loading file: warnings_20260518_01.txt
[2026-05-17 20:24:58.666] [43003] [debug] [scwx::provider::aws_level2_chunks_data_provider] Refresh() in 0.850000s
[2026-05-17 20:24:58.667] [39446] [debug] [scwx::qt::view::level2_product_view] Computing Sweep
[2026-05-17 20:24:58.667] [39446] [debug] [scwx::qt::view::level2_product_view] ComputeCoordinates()
[2026-05-17 20:24:58.694] [39446] [debug] [scwx::qt::view::level2_product_view] Coordinates calculated in 0.020000s
[2026-05-17 20:24:58.700] [39446] [debug] [scwx::qt::view::level2_product_view] Vertices calculated in 0.010000s
[2026-05-17 20:24:59.144] [39347] [debug] [scwx::qt::map::radar_product_layer] UpdateSweep()
[2026-05-17 20:24:59.145] [39347] [debug] [scwx::qt::map::radar_product_layer] Vertices buffered in 0.010000s
[2026-05-17 20:24:59.146] [39347] [debug] [scwx::qt::map::radar_product_layer] Data moments buffered in 0.000000s
[2026-05-17 20:25:00.272] [39394] [debug] [scwx::provider::warnings_provider] Loading file: warnings_20260518_01.txt
[2026-05-17 20:25:04.633] [39371] [debug] [scwx::network::ntp_client] Time offset updated: -0d 00:00:00.002945757
[2026-05-17 20:25:19.465] [43002] [debug] [scwx::provider::aws_level2_chunks_data_provider] Refresh() in 0.800000s
[2026-05-17 20:25:24.142] [43002] [debug] [scwx::provider::aws_level2_chunks_data_provider] Refresh() in 0.140000s
[2026-05-17 20:25:27.368] [43003] [debug] [scwx::provider::aws_level2_chunks_data_provider] Refresh() in 0.230000s
[2026-05-17 20:25:27.892] [39372] [debug] [scwx::provider::nws_api_provider] GetRadarStations
[2026-05-17 20:25:31.208] [39394] [debug] [scwx::provider::warnings_provider] Loading file: warnings_20260518_01.txt
[2026-05-17 20:25:47.986] [39395] [debug] [scwx::provider::warnings_provider] Loading file: warnings_20260518_01.txt
[2026-05-17 20:25:48.247] [43002] [debug] [scwx::provider::aws_level2_chunks_data_provider] Refresh() in 0.880000s
[2026-05-17 20:25:51.490] [43003] [debug] [scwx::provider::aws_level2_chunks_data_provider] Refresh() in 0.240000s
[2026-05-17 20:25:56.162] [43002] [debug] [scwx::provider::aws_level2_chunks_data_provider] Refresh() in 0.160000s
[2026-05-17 20:26:01.148] [43002] [debug] [scwx::provider::aws_level2_chunks_data_provider] Refresh() in 0.150000s
[2026-05-17 20:26:03.477] [39394] [debug] [scwx::provider::warnings_provider] Loading file: warnings_20260518_01.txt
[2026-05-17 20:26:04.292] [43003] [debug] [scwx::provider::aws_level2_chunks_data_provider] Refresh() in 0.140000s
[2026-05-17 20:26:08.152] [43002] [debug] [scwx::provider::aws_level2_chunks_data_provider] Refresh() in 0.150000s
[2026-05-17 20:26:08.668] [39370] [debug] [scwx::network::ntp_client] Time offset updated: -0d 00:00:00.002104841
[2026-05-17 20:26:27.989] [39372] [debug] [scwx::provider::nws_api_provider] GetRadarStations
[2026-05-17 20:26:27.999] [43001] [debug] [scwx::provider::aws_nexrad_data_provider] Refresh()
[2026-05-17 20:26:27.999] [43001] [debug] [scwx::provider::aws_nexrad_data_provider] ListObjects: 2026/05/18/KUEX/
[2026-05-17 20:26:28.217] [43001] [debug] [scwx::provider::aws_nexrad_data_provider] Found 15 objects
[2026-05-17 20:26:28.217] [43001] [debug] [scwx::provider::aws_nexrad_data_provider] FindLatestKey()
[2026-05-17 20:26:28.788] [43003] [debug] [scwx::provider::aws_level2_chunks_data_provider] Refresh() in 0.640000s
[2026-05-17 20:26:31.947] [43003] [debug] [scwx::provider::aws_level2_chunks_data_provider] Refresh() in 0.160000s
[2026-05-17 20:26:34.262] [39395] [debug] [scwx::provider::warnings_provider] Loading file: warnings_20260518_01.txt
[2026-05-17 20:26:43.217] [43000] [debug] [scwx::provider::aws_nexrad_data_provider] Refresh()
[2026-05-17 20:26:43.217] [43000] [debug] [scwx::provider::aws_nexrad_data_provider] ListObjects: 2026/05/18/KUEX/
[2026-05-17 20:26:43.431] [43000] [debug] [scwx::provider::aws_nexrad_data_provider] Found 16 objects
[2026-05-17 20:26:43.431] [43000] [debug] [scwx::provider::aws_nexrad_data_provider] FindLatestKey()
[2026-05-17 20:26:43.431] [42999] [debug] [scwx::provider::aws_nexrad_data_provider] FindKey: 2026-05-18 01:21:20 UTC
[2026-05-17 20:26:43.893] [42999] [debug] [scwx::wsr88d::ar2v_file] Loading Data
[2026-05-17 20:26:43.893] [42999] [debug] [scwx::wsr88d::ar2v_file] Filename:  AR2V0006.
[2026-05-17 20:26:43.893] [42999] [debug] [scwx::wsr88d::ar2v_file] Extension: 222
[2026-05-17 20:26:43.893] [42999] [debug] [scwx::wsr88d::ar2v_file] Date:      20592 (2026-05-18)
[2026-05-17 20:26:43.893] [42999] [debug] [scwx::wsr88d::ar2v_file] Time:      4880545 (01:21:20.545000000)
[2026-05-17 20:26:43.893] [42999] [debug] [scwx::wsr88d::ar2v_file] ICAO:      KUEX
[2026-05-17 20:26:44.511] [42996] [debug] [scwx::qt::manager::radar_product_manager] Level 2 product previously loaded, loading from cache
[2026-05-17 20:26:44.511] [42997] [debug] [scwx::qt::manager::radar_product_manager] Level 2 product previously loaded, loading from cache
[2026-05-17 20:26:44.511] [42998] [debug] [scwx::qt::manager::radar_product_manager] Level 2 product previously loaded, loading from cache
[2026-05-17 20:26:49.749] [39394] [debug] [scwx::provider::warnings_provider] Loading file: warnings_20260518_01.txt
[2026-05-17 20:26:52.447] [43003] [debug] [scwx::provider::aws_level2_chunks_data_provider] Refresh() in 0.500000s
[2026-05-17 20:26:55.759] [94880] [debug] [scwx::wsr88d::ar2v_file] Loading Data
[2026-05-17 20:26:55.759] [94880] [debug] [scwx::wsr88d::ar2v_file] Filename:  AR2V0006.
[2026-05-17 20:26:55.759] [94880] [debug] [scwx::wsr88d::ar2v_file] Extension: 223
[2026-05-17 20:26:55.759] [94880] [debug] [scwx::wsr88d::ar2v_file] Date:      20592 (2026-05-18)
[2026-05-17 20:26:55.759] [94880] [debug] [scwx::wsr88d::ar2v_file] Time:      5211267 (01:26:51.267000000)
[2026-05-17 20:26:55.759] [94880] [debug] [scwx::wsr88d::ar2v_file] ICAO:      KUEX
[2026-05-17 20:26:55.886] [43002] [debug] [scwx::provider::aws_level2_chunks_data_provider] Refresh() in 0.440000s
[2026-05-17 20:26:55.887] [39445] [debug] [scwx::qt::view::level2_product_view] Computing Sweep
[2026-05-17 20:26:55.887] [39445] [debug] [scwx::qt::view::level2_product_view] ComputeCoordinates()
[2026-05-17 20:26:55.890] [39449] [debug] [scwx::qt::view::level2_product_view] Computing Sweep
[2026-05-17 20:26:55.890] [39449] [debug] [scwx::qt::view::level2_product_view] ComputeCoordinates()
[2026-05-17 20:26:55.893] [39450] [debug] [scwx::qt::view::level2_product_view] Computing Sweep
[2026-05-17 20:26:55.893] [39450] [debug] [scwx::qt::view::level2_product_view] ComputeCoordinates()
[2026-05-17 20:26:55.946] [39445] [debug] [scwx::qt::view::level2_product_view] Coordinates calculated in 0.060000s
[2026-05-17 20:26:55.964] [39449] [debug] [scwx::qt::view::level2_product_view] Coordinates calculated in 0.070000s
[2026-05-17 20:26:55.966] [39450] [debug] [scwx::qt::view::level2_product_view] Coordinates calculated in 0.080000s
[2026-05-17 20:26:55.972] [39445] [debug] [scwx::qt::view::level2_product_view] Vertices calculated in 0.020000s
[2026-05-17 20:26:55.975] [39449] [debug] [scwx::qt::view::level2_product_view] Vertices calculated in 0.020000s
[2026-05-17 20:26:55.978] [39450] [debug] [scwx::qt::view::level2_product_view] Vertices calculated in 0.010000s
[2026-05-17 20:26:56.138] [39347] [debug] [scwx::qt::map::radar_product_layer] UpdateSweep()
[2026-05-17 20:26:56.141] [39347] [debug] [scwx::qt::map::radar_product_layer] Vertices buffered in 0.000000s
[2026-05-17 20:26:56.141] [39347] [debug] [scwx::qt::map::radar_product_layer] Data moments buffered in 0.000000s
[2026-05-17 20:26:56.143] [39347] [debug] [scwx::qt::map::radar_product_layer] UpdateSweep()
[2026-05-17 20:26:56.143] [39347] [debug] [scwx::qt::map::radar_product_layer] Vertices buffered in 0.000000s
[2026-05-17 20:26:56.144] [39347] [debug] [scwx::qt::map::radar_product_layer] Data moments buffered in 0.000000s
[2026-05-17 20:26:56.145] [39347] [debug] [scwx::qt::map::radar_product_layer] UpdateSweep()
[2026-05-17 20:26:56.148] [39347] [debug] [scwx::qt::map::radar_product_layer] Vertices buffered in 0.000000s
[2026-05-17 20:26:56.148] [39347] [debug] [scwx::qt::map::radar_product_layer] Data moments buffered in 0.000000s
[2026-05-17 20:26:56.149] [39347] [debug] [scwx::qt::map::radar_product_layer] CFP moments buffered in 0.000000s
[2026-05-17 20:27:05.225] [39395] [debug] [scwx::provider::warnings_provider] Loading file: warnings_20260518_01.txt
[2026-05-17 20:27:12.701] [39371] [debug] [scwx::network::ntp_client] Time offset updated: -0d 00:00:00.002167668
[2026-05-17 20:27:16.864] [43003] [debug] [scwx::provider::aws_level2_chunks_data_provider] Refresh() in 0.970000s
[2026-05-17 20:27:16.864] [39446] [debug] [scwx::qt::view::level2_product_view] Computing Sweep
[2026-05-17 20:27:16.864] [39446] [debug] [scwx::qt::view::level2_product_view] ComputeCoordinates()
[2026-05-17 20:27:16.865] [39449] [debug] [scwx::qt::view::level2_product_view] Computing Sweep
[2026-05-17 20:27:16.865] [39449] [debug] [scwx::qt::view::level2_product_view] ComputeCoordinates()
[2026-05-17 20:27:16.866] [39450] [debug] [scwx::qt::view::level2_product_view] Computing Sweep
[2026-05-17 20:27:16.866] [39450] [debug] [scwx::qt::view::level2_product_view] ComputeCoordinates()
[2026-05-17 20:27:16.867] [39445] [debug] [scwx::qt::view::level2_product_view] Computing Sweep
[2026-05-17 20:27:16.867] [39445] [debug] [scwx::qt::view::level2_product_view] ComputeCoordinates()
[2026-05-17 20:27:16.936] [39446] [debug] [scwx::qt::view::level2_product_view] Coordinates calculated in 0.080000s
[2026-05-17 20:27:16.949] [39449] [debug] [scwx::qt::view::level2_product_view] Coordinates calculated in 0.080000s
[2026-05-17 20:27:16.956] [39446] [debug] [scwx::qt::view::level2_product_view] Vertices calculated in 0.020000s
[2026-05-17 20:27:16.958] [39449] [debug] [scwx::qt::view::level2_product_view] Vertices calculated in 0.010000s
[2026-05-17 20:27:16.959] [39445] [debug] [scwx::qt::view::level2_product_view] Coordinates calculated in 0.090000s
[2026-05-17 20:27:16.965] [39450] [debug] [scwx::qt::view::level2_product_view] Coordinates calculated in 0.100000s
[2026-05-17 20:27:16.972] [39445] [debug] [scwx::qt::view::level2_product_view] Vertices calculated in 0.010000s
[2026-05-17 20:27:16.975] [39450] [debug] [scwx::qt::view::level2_product_view] Vertices calculated in 0.010000s
[2026-05-17 20:27:17.000] [43004] [debug] [scwx::provider::aws_nexrad_data_provider] Refresh()
[2026-05-17 20:27:17.000] [43004] [debug] [scwx::provider::aws_nexrad_data_provider] ListObjects: UEX_NST_2026_05_18_
[2026-05-17 20:27:17.138] [39347] [debug] [scwx::qt::map::radar_product_layer] UpdateSweep()
[2026-05-17 20:27:17.141] [39347] [debug] [scwx::qt::map::radar_product_layer] Vertices buffered in 0.000000s
[2026-05-17 20:27:17.141] [39347] [debug] [scwx::qt::map::radar_product_layer] Data moments buffered in 0.000000s
[2026-05-17 20:27:17.143] [39347] [debug] [scwx::qt::map::radar_product_layer] UpdateSweep()
[2026-05-17 20:27:17.143] [39347] [debug] [scwx::qt::map::radar_product_layer] Vertices buffered in 0.000000s
[2026-05-17 20:27:17.144] [39347] [debug] [scwx::qt::map::radar_product_layer] Data moments buffered in 0.000000s
[2026-05-17 20:27:17.145] [39347] [debug] [scwx::qt::map::radar_product_layer] UpdateSweep()
[2026-05-17 20:27:17.145] [39347] [debug] [scwx::qt::map::radar_product_layer] Vertices buffered in 0.000000s
[2026-05-17 20:27:17.145] [39347] [debug] [scwx::qt::map::radar_product_layer] Data moments buffered in 0.000000s
[2026-05-17 20:27:17.147] [39347] [debug] [scwx::qt::map::radar_product_layer] UpdateSweep()
[2026-05-17 20:27:17.149] [39347] [debug] [scwx::qt::map::radar_product_layer] Vertices buffered in 0.000000s
[2026-05-17 20:27:17.150] [39347] [debug] [scwx::qt::map::radar_product_layer] Data moments buffered in 0.000000s
[2026-05-17 20:27:17.151] [39347] [debug] [scwx::qt::map::radar_product_layer] CFP moments buffered in 0.000000s
[2026-05-17 20:27:17.204] [43004] [debug] [scwx::provider::aws_nexrad_data_provider] Found 15 objects
[2026-05-17 20:27:17.204] [43004] [debug] [scwx::provider::aws_nexrad_data_provider] FindLatestKey()
[2026-05-17 20:27:17.262] [39347] [debug] [scwx::qt::view::overlay_product_view] Load Product: NST, 2026-05-18 01:21:20 UTC, true
[2026-05-17 20:27:17.262] [39347] [debug] [scwx::qt::view::overlay_product_view] Load Product: NST, 2026-05-18 01:21:20 UTC, true
[2026-05-17 20:27:17.262] [39347] [debug] [scwx::qt::view::overlay_product_view] Load Product: NST, 2026-05-18 01:21:20 UTC, true
[2026-05-17 20:27:17.262] [39347] [debug] [scwx::qt::view::overlay_product_view] Load Product: NST, 2026-05-18 01:21:20 UTC, true
[2026-05-17 20:27:17.262] [39433] [debug] [scwx::qt::manager::radar_product_manager] LoadLevel3Data: 2026-05-18 01:21:20 UTC
[2026-05-17 20:27:17.262] [39409] [debug] [scwx::qt::manager::radar_product_manager] LoadLevel3Data: 2026-05-18 01:21:20 UTC
[2026-05-17 20:27:17.262] [39437] [debug] [scwx::qt::manager::radar_product_manager] LoadLevel3Data: 2026-05-18 01:21:20 UTC
[2026-05-17 20:27:17.262] [39441] [debug] [scwx::qt::manager::radar_product_manager] LoadLevel3Data: 2026-05-18 01:21:20 UTC
[2026-05-17 20:27:17.262] [42999] [debug] [scwx::provider::aws_nexrad_data_provider] FindKey: 2026-05-18 01:21:20 UTC
[2026-05-17 20:27:17.337] [42999] [debug] [scwx::wsr88d::level3_file] Loading Data
[2026-05-17 20:27:17.337] [42999] [debug] [scwx::wsr88d::level3_file] Data Type: SD
[2026-05-17 20:27:17.337] [42999] [debug] [scwx::wsr88d::level3_file] ICAO:      KGID
[2026-05-17 20:27:17.337] [42999] [debug] [scwx::wsr88d::level3_file] Date/Time: 180121
[2026-05-17 20:27:17.337] [42999] [debug] [scwx::wsr88d::level3_file] Category:  NST
[2026-05-17 20:27:17.337] [42999] [debug] [scwx::wsr88d::level3_file] Site ID:   UEX
[2026-05-17 20:27:17.337] [42999] [debug] [scwx::wsr88d::rpg::level3_message_factory] Found Message 58
[2026-05-17 20:27:17.337] [42999] [debug] [scwx::wsr88d::rpg::graphic_product_message] Loading Blocks
[2026-05-17 20:27:17.337] [42999] [debug] [scwx::wsr88d::rpg::graphic_product_message] Product symbology block valid: true
[2026-05-17 20:27:17.337] [42999] [debug] [scwx::wsr88d::rpg::graphic_product_message] Graphic alphanumeric block valid: true
[2026-05-17 20:27:17.337] [42999] [debug] [scwx::wsr88d::rpg::graphic_product_message] Tabular alphanumeric block valid: true
[2026-05-17 20:27:17.338] [42996] [debug] [scwx::qt::manager::radar_product_manager] Level 3 product previously loaded, loading from cache
[2026-05-17 20:27:17.338] [42998] [debug] [scwx::qt::manager::radar_product_manager] Level 3 product previously loaded, loading from cache
[2026-05-17 20:27:17.338] [42997] [debug] [scwx::qt::manager::radar_product_manager] Level 3 product previously loaded, loading from cache
[2026-05-17 20:27:20.728] [39394] [debug] [scwx::provider::warnings_provider] Loading file: warnings_20260518_01.txt
[2026-05-17 20:27:28.082] [39372] [debug] [scwx::provider::nws_api_provider] GetRadarStations
[2026-05-17 20:27:32.017] [39347] [debug] [scwx::qt::map::radar_site_layer] Deinitialize()
[2026-05-17 20:27:32.018] [39347] [debug] [scwx::qt::map::overlay_layer] Deinitialize()
[2026-05-17 20:27:32.018] [39347] [debug] [scwx::qt::map::marker_layer] Deinitialize()
[2026-05-17 20:27:32.018] [39347] [debug] [scwx::qt::map::color_table_layer] Deinitialize()
[2026-05-17 20:27:32.018] [39347] [debug] [scwx::qt::map::radar_product_layer] Deinitialize()
[2026-05-17 20:27:32.027] [39347] [debug] [scwx::qt::map::radar_site_layer] Deinitialize()
[2026-05-17 20:27:32.028] [39347] [debug] [scwx::qt::map::overlay_layer] Deinitialize()
[2026-05-17 20:27:32.028] [39347] [debug] [scwx::qt::map::marker_layer] Deinitialize()
[2026-05-17 20:27:32.028] [39347] [debug] [scwx::qt::map::color_table_layer] Deinitialize()
[2026-05-17 20:27:32.028] [39347] [debug] [scwx::qt::map::radar_product_layer] Deinitialize()
[2026-05-17 20:27:32.035] [39347] [debug] [scwx::qt::map::radar_site_layer] Deinitialize()
[2026-05-17 20:27:32.035] [39347] [debug] [scwx::qt::map::alert_layer] Deinitialize: Marine
[2026-05-17 20:27:32.036] [39347] [debug] [scwx::qt::map::overlay_layer] Deinitialize()
[2026-05-17 20:27:32.036] [39347] [debug] [scwx::qt::map::marker_layer] Deinitialize()
[2026-05-17 20:27:32.036] [39347] [debug] [scwx::qt::map::color_table_layer] Deinitialize()
[2026-05-17 20:27:32.036] [39347] [debug] [scwx::qt::map::radar_product_layer] Deinitialize()
[2026-05-17 20:27:32.043] [39347] [debug] [scwx::qt::map::radar_site_layer] Deinitialize()
[2026-05-17 20:27:32.044] [39347] [debug] [scwx::qt::map::alert_layer] Deinitialize: Tornado
[2026-05-17 20:27:32.045] [39347] [debug] [scwx::qt::map::overlay_layer] Deinitialize()
[2026-05-17 20:27:32.045] [39347] [debug] [scwx::qt::map::alert_layer] Deinitialize: Severe Thunderstorm
[2026-05-17 20:27:32.050] [39347] [debug] [scwx::qt::map::radar_product_layer] Deinitialize()
[2026-05-17 20:27:32.050] [39347] [debug] [scwx::qt::map::marker_layer] Deinitialize()
[2026-05-17 20:27:32.050] [39347] [debug] [scwx::qt::map::color_table_layer] Deinitialize()
[2026-05-17 20:27:32.055] [39347] [debug] [scwx::qt::manager::radar_product_manager] Disabling refresh: KUEX, L2
[2026-05-17 20:27:32.055] [39347] [debug] [scwx::qt::manager::radar_product_manager] Disabling refresh: KUEX, L2
[2026-05-17 20:27:32.055] [39347] [debug] [scwx::qt::manager::radar_product_manager] Disabling refresh: KUEX, L3, N0B
[2026-05-17 20:27:32.055] [39347] [debug] [scwx::qt::manager::radar_product_manager] Disabling refresh: KUEX, L3, NST
[2026-05-17 20:27:32.055] [43000] [debug] [scwx::qt::manager::radar_product_manager] [KUEX, L2] Data refresh timer cancelled
[2026-05-17 20:27:32.055] [43003] [debug] [scwx::qt::manager::radar_product_manager] [KUEX, L2] Data refresh timer cancelled
[2026-05-17 20:27:32.055] [43004] [debug] [scwx::qt::manager::radar_product_manager] [KUEX, L3, NST] Data refresh timer cancelled
[2026-05-17 20:27:32.263] [39358] [debug] [scwx::qt::model::alert_proxy_model] Alert update timer cancelled
[2026-05-17 20:27:32.265] [39347] [info] [scwx::qt::manager::marker_manager] Saving location marker settings
[2026-05-17 20:27:32.265] [39347] [info] [scwx::qt::model::layer_model] Saving layer settings
[2026-05-17 20:27:32.265] [39347] [info] [scwx::qt::manager::placefile_manager] Saving placefile settings
[2026-05-17 20:27:32.266] [39347] [info] [scwx::qt::model::radar_site_model] Saving presets
[2026-05-17 20:27:32.269] [39347] [debug] [scwx::qt::manager::thread_manager] Stopping threads
[2026-05-17 20:27:32.269] [39347] [debug] [scwx::qt::manager::task_manager] Shutdown
[2026-05-17 20:27:32.269] [39371] [debug] [scwx::network::ntp_client] Poll timer cancelled
