[2026-05-20 22:36:01.204] [268388] [info] [scwx::qt::manager::log_manager] Removing old log file: supercell-wx.7262.log
[2026-05-20 22:36:01.204] [268388] [info] [scwx::main] Supercell Wx v0.5.6.1384 (8814d5a344)
[2026-05-20 22:36:01.204] [268388] [info] [scwx::main] Qt version 6.10.1
[2026-05-20 22:36:01.204] [268388] [info] [scwx::main] Running on Arch Linux
[2026-05-20 22:36:01.322] [268388] [info] [scwx::qt::config::radar_site] Loading radar sites from ":/res/config/radar_sites.json"...
[2026-05-20 22:36:01.326] [268388] [debug] [scwx::qt::config::county_database] Loading database
[2026-05-20 22:36:01.330] [268388] [debug] [scwx::qt::manager::task_manager] Initialize
[2026-05-20 22:36:01.376] [268420] [info] [scwx::network::ntp_client] Using NTP server: time.nist.gov
[2026-05-20 22:36:01.405] [268420] [debug] [scwx::network::ntp_client] Time offset updated: -0d 00:00:00.000502922
[2026-05-20 22:36:01.405] [268422] [debug] [scwx::provider::nws_api_provider] GetRadarStations
[2026-05-20 22:36:01.408] [268388] [info] [scwx::qt::manager::settings_manager] Loading settings
[2026-05-20 22:36:01.409] [268388] [debug] [scwx::qt::manager::settings_manager] Validating settings
[2026-05-20 22:36:01.439] [268388] [debug] [scwx::qt::manager::font_manager] LoadFontResource: iMWritingMono Nerd Font:Regular
[2026-05-20 22:36:01.440] [268388] [debug] [scwx::qt::manager::font_manager] Found matching font: iMWritingMono Nerd Font:Regular (/usr/share/fonts/TTF/iMWritingMonoNerdFont-Regular.ttf) 0
[2026-05-20 22:36:01.443] [268388] [debug] [scwx::qt::types::imgui_font] Creating Font: iMWritingMonoNerdFont-Regular.ttf
[2026-05-20 22:36:01.445] [268388] [debug] [scwx::qt::manager::font_manager] LoadFontResource: Inconsolata:Regular
[2026-05-20 22:36:01.446] [268388] [debug] [scwx::qt::manager::font_manager] Found matching font: Inconsolata:Regular (/home/ayaya/.cache/Supercell Wx/fonts/Inconsolata-Regular.ttf) 0
[2026-05-20 22:36:01.446] [268388] [debug] [scwx::qt::types::imgui_font] Creating Font: Inconsolata-Regular.ttf
[2026-05-20 22:36:01.446] [268388] [debug] [scwx::qt::manager::font_manager] LoadFontResource: Roboto Flex:Regular
[2026-05-20 22:36:01.448] [268388] [debug] [scwx::qt::manager::font_manager] Found matching font: Roboto Flex:Regular (/home/ayaya/.cache/Supercell Wx/fonts/RobotoFlex-Regular.ttf) 0
[2026-05-20 22:36:01.448] [268388] [debug] [scwx::qt::types::imgui_font] Creating Font: RobotoFlex-Regular.ttf
[2026-05-20 22:36:01.448] [268388] [debug] [scwx::qt::util::texture_atlas] Loading image: :/res/icons/flaticon/cardinal-point-24.png
[2026-05-20 22:36:01.448] [268388] [debug] [scwx::qt::util::texture_atlas] Loading image: :/res/icons/flaticon/compass-24.png
[2026-05-20 22:36:01.448] [268388] [debug] [scwx::qt::util::texture_atlas] Loading image: :/res/textures/images/crosshairs-24.png
[2026-05-20 22:36:01.448] [268388] [debug] [scwx::qt::util::texture_atlas] Loading image: :/res/textures/images/cursor-17.png
[2026-05-20 22:36:01.448] [268388] [debug] [scwx::qt::util::texture_atlas] Loading image: :/res/textures/images/dot.svg
[2026-05-20 22:36:01.451] [268388] [debug] [scwx::qt::util::texture_atlas] Loading image: :/res/icons/font-awesome-6/briefcase-solid.svg
[2026-05-20 22:36:01.451] [268388] [debug] [scwx::qt::util::texture_atlas] Loading image: :/res/icons/font-awesome-6/building-columns-solid.svg
[2026-05-20 22:36:01.451] [268388] [debug] [scwx::qt::util::texture_atlas] Loading image: :/res/icons/font-awesome-6/building-solid.svg
[2026-05-20 22:36:01.451] [268388] [debug] [scwx::qt::util::texture_atlas] Loading image: :/res/icons/font-awesome-6/caravan-solid.svg
[2026-05-20 22:36:01.451] [268388] [debug] [scwx::qt::util::texture_atlas] Loading image: :/res/icons/font-awesome-6/location-crosshairs-solid.svg
[2026-05-20 22:36:01.451] [268388] [debug] [scwx::qt::util::texture_atlas] Loading image: :/res/icons/font-awesome-6/house-solid-white.svg
[2026-05-20 22:36:01.451] [268388] [debug] [scwx::qt::util::texture_atlas] Loading image: :/res/textures/images/location-marker.svg
[2026-05-20 22:36:01.452] [268388] [debug] [scwx::qt::util::texture_atlas] Loading image: :/res/icons/font-awesome-6/location-pin.svg
[2026-05-20 22:36:01.452] [268388] [debug] [scwx::qt::util::texture_atlas] Loading image: :/res/icons/font-awesome-6/star-solid-white.svg
[2026-05-20 22:36:01.452] [268388] [debug] [scwx::qt::util::texture_atlas] Loading image: :/res/icons/font-awesome-6/tent-solid.svg
[2026-05-20 22:36:01.452] [268388] [debug] [scwx::qt::util::texture_atlas] Loading image: :/res/textures/images/mapbox-logo.svg
[2026-05-20 22:36:01.452] [268388] [debug] [scwx::qt::util::texture_atlas] Loading image: :/res/textures/images/maptiler-logo.svg
[2026-05-20 22:36:01.452] [268388] [debug] [scwx::qt::util::texture_atlas] Loading image: :/res/textures/lines/default-1x7.png
[2026-05-20 22:36:01.452] [268388] [debug] [scwx::qt::util::texture_atlas] Loading image: :/res/textures/lines/test-pattern.png
[2026-05-20 22:36:01.452] [268388] [debug] [scwx::qt::util::texture_atlas] Building 2048x2048 texture atlas
[2026-05-20 22:36:01.455] [268388] [debug] [scwx::qt::util::texture_atlas] Texture atlas built in 0.010000s
[2026-05-20 22:36:01.456] [268388] [info] [scwx::main] Loaded palette file '/home/ayaya/.local/share/Supercell Wx/theme.conf'
[2026-05-20 22:36:01.545] [268388] [info] [qt] [qt.multimedia.ffmpeg] Using Qt multimedia with FFmpeg version 7.1.2 LGPL version 2.1 or later
[2026-05-20 22:36:01.573] [268440] [debug] [scwx::qt::manager::media_manager] Creating QMediaDevices
[2026-05-20 22:36:01.573] [268440] [debug] [scwx::qt::manager::media_manager] Creating QMediaPlayer
[2026-05-20 22:36:01.573] [268388] [debug] [scwx::qt::manager::thread_manager] Creating thread: position_manager
[2026-05-20 22:36:01.573] [268440] [debug] [scwx::qt::manager::media_manager] Creating QAudioOutput
[2026-05-20 22:36:01.575] [268388] [debug] [scwx::qt::manager::position_manager] Available sources: nmea, geoclue2
[2026-05-20 22:36:01.575] [268441] [warning] [qt] [qt.positioning.geoclue2] Neither desktopId plugin parameter nor QGuiApplication::desktopFileName has been set. Please consider setting one of the two.
[2026-05-20 22:36:01.575] [268441] [debug] [scwx::qt::manager::position_manager] Using position source: geoclue2
[2026-05-20 22:36:01.576] [268440] [debug] [scwx::qt::manager::media_manager] Audio device: USB Audio Speakers
[2026-05-20 22:36:01.576] [268441] [warning] [qt] [qt.positioning.geoclue2] Already stopped
[2026-05-20 22:36:01.593] [268388] [info] [scwx::qt::model::layer_model] Reading layer settings
[2026-05-20 22:36:01.613] [268388] [info] [scwx::qt::model::radar_site_model] Reading presets
[2026-05-20 22:36:01.632] [268388] [debug] [scwx::qt::map::alert_layer] Initializing handler
[2026-05-20 22:36:01.636] [268388] [debug] [scwx::qt::manager::radar_product_manager] UpdateAvailableProducts()
[2026-05-20 22:36:01.636] [268460] [debug] [scwx::provider::aws_level3_data_provider] ListProducts()
[2026-05-20 22:36:01.637] [268461] [debug] [scwx::provider::aws_level3_data_provider] ListProducts()
[2026-05-20 22:36:01.649] [268462] [debug] [scwx::provider::aws_level3_data_provider] ListProducts()
[2026-05-20 22:36:01.650] [268463] [debug] [scwx::provider::aws_level3_data_provider] ListProducts()
[2026-05-20 22:36:01.769] [268388] [debug] [scwx::qt::main::main_window] Selecting radar product: L2, REF
[2026-05-20 22:36:01.771] [268388] [debug] [scwx::qt::main::main_window] Selecting radar product: L2, VEL
[2026-05-20 22:36:01.771] [268464] [debug] [scwx::provider::aws_nexrad_data_provider] Refresh()
[2026-05-20 22:36:01.771] [268464] [debug] [scwx::provider::aws_nexrad_data_provider] ListObjects: 2026/05/20/KINX/
[2026-05-20 22:36:01.773] [268388] [debug] [scwx::qt::main::main_window] Selecting radar product: L2, RHO
[2026-05-20 22:36:01.774] [268388] [debug] [scwx::qt::main::main_window] Selecting radar product: L2, ZDR
[2026-05-20 22:36:01.776] [268388] [debug] [scwx::qt::manager::timeline_manager] SetRadarSite: KINX
[2026-05-20 22:36:01.776] [268388] [debug] [scwx::qt::manager::timeline_manager] Time updated: Live
[2026-05-20 22:36:01.776] [268388] [debug] [scwx::qt::manager::alert_manager] SetRadarSite: KINX
[2026-05-20 22:36:01.776] [268388] [debug] [scwx::qt::manager::placefile_manager] SetRadarSite: KINX
[2026-05-20 22:36:01.776] [268388] [debug] [scwx::qt::main::application] Application initialization finished
[2026-05-20 22:36:01.776] [268446] [info] [scwx::qt::manager::placefile_manager] Reading placefile settings
[2026-05-20 22:36:01.776] [268445] [debug] [scwx::qt::manager::text_event_manager] Start Refresh
[2026-05-20 22:36:01.776] [268447] [info] [scwx::qt::manager::marker_manager] Reading location marker settings
[2026-05-20 22:36:01.776] [268447] [debug] [scwx::qt::manager::marker_manager] 0 location marker entries
[2026-05-20 22:36:01.776] [268447] [debug] [scwx::qt::util::texture_atlas] Building 2048x2048 texture atlas
[2026-05-20 22:36:01.777] [268446] [info] [scwx::qt::manager::placefile_manager] AddUrl: http://placefilenation.com/Placefiles/spcday1.php
[2026-05-20 22:36:01.777] [268446] [info] [scwx::qt::manager::placefile_manager] AddUrl: http://placefilenation.com/Placefiles/spcday2.php
[2026-05-20 22:36:01.777] [268446] [info] [scwx::qt::manager::placefile_manager] AddUrl: http://placefilenation.com/Placefiles/spcday3.php
[2026-05-20 22:36:01.777] [268446] [info] [scwx::qt::manager::placefile_manager] AddUrl: https://placefiles.supercellwx.net/wxfanatic/day1tornadoprob.php
[2026-05-20 22:36:01.777] [268446] [info] [scwx::qt::manager::placefile_manager] AddUrl: https://placefiles.supercellwx.net/wxfanatic/day1windprob.php
[2026-05-20 22:36:01.777] [268446] [info] [scwx::qt::manager::placefile_manager] AddUrl: https://placefiles.supercellwx.net/wxfanatic/day1hailprob.php
[2026-05-20 22:36:01.777] [268446] [info] [scwx::qt::manager::placefile_manager] AddUrl: https://placefiles.supercellwx.net/wxfanatic/downRadarStatus.txt
[2026-05-20 22:36:01.777] [268446] [info] [scwx::qt::manager::placefile_manager] AddUrl: http://placefilenation.com/Placefiles/mcd.php
[2026-05-20 22:36:01.777] [268446] [info] [scwx::qt::manager::placefile_manager] AddUrl: http://placefilenation.com/Placefiles/mping_300min.php
[2026-05-20 22:36:01.779] [268446] [info] [scwx::qt::manager::placefile_manager] AddUrl: http://placefilenation.com/Placefiles/mping_30min.php
[2026-05-20 22:36:01.779] [268446] [info] [scwx::qt::manager::placefile_manager] AddUrl: https://placefilenation.com/Placefiles/gusts.php
[2026-05-20 22:36:01.779] [268446] [info] [scwx::qt::manager::placefile_manager] AddUrl: https://www.spotternetwork.org/feeds/gr-all-no.txt
[2026-05-20 22:36:01.779] [268446] [info] [scwx::qt::manager::placefile_manager] AddUrl: https://placefiles.supercellwx.net/wxfanatic/alarmRadarStatus.txt
[2026-05-20 22:36:01.779] [268446] [info] [scwx::qt::manager::placefile_manager] AddUrl: http://placefiles.redteamwx.com/WG.php
[2026-05-20 22:36:01.779] [268446] [info] [scwx::qt::manager::placefile_manager] AddUrl: https://www.freelightning.com/placefiles/SPC_Mesoscale_Discussions.php
[2026-05-20 22:36:01.779] [268446] [info] [scwx::qt::manager::placefile_manager] AddUrl: https://www.freelightning.com/hub/placefile.php?request=10306|10557|107118581|10259|10303|10689|0|254292|1
[2026-05-20 22:36:01.779] [268446] [info] [scwx::qt::manager::placefile_manager] AddUrl: https://www.freelightning.com/hub/placefile.php?request=10521|10816|107118581|10219|10321|10379|0|254292|2
[2026-05-20 22:36:01.780] [268447] [debug] [scwx::qt::util::texture_atlas] Texture atlas built in 0.000000s
[2026-05-20 22:36:01.787] [268388] [debug] [scwx::qt::map::map_widget] initializeGL()
[2026-05-20 22:36:01.789] [268388] [info] [scwx::qt::gl::gl_context] GLAD initialization complete: OpenGL 4.6
[2026-05-20 22:36:01.789] [268388] [info] [scwx::qt::gl::gl_context] OpenGL Version: 4.6 (Compatibility Profile) Mesa 26.0.6-arch1.1
[2026-05-20 22:36:01.789] [268388] [info] [scwx::qt::gl::gl_context] OpenGL Vendor: AMD
[2026-05-20 22:36:01.789] [268388] [info] [scwx::qt::gl::gl_context] OpenGL Renderer: AMD Radeon RX 6800 (radeonsi, navi21, ACO, DRM 3.64, 7.0.5-arch1-1)
[2026-05-20 22:36:01.789] [268388] [debug] [scwx::qt::map::map_widget] Resetting map
[2026-05-20 22:36:01.794] [268388] [debug] [scwx::qt::map::map_widget] Updating style: Custom
[2026-05-20 22:36:01.798] [268568] [info] [qt] [mbgl] {unknown}[General]: GPU Identifier: AMD Radeon RX 6800 (radeonsi, navi21, ACO, DRM 3.64, 7.0.5-arch1-1)
[2026-05-20 22:36:01.813] [268388] [debug] [scwx::qt::map::map_widget] initializeGL()
[2026-05-20 22:36:01.813] [268388] [debug] [scwx::qt::map::map_widget] Resetting map
[2026-05-20 22:36:01.813] [268388] [debug] [scwx::qt::map::map_widget] Updating style: Custom
[2026-05-20 22:36:01.816] [268388] [debug] [scwx::qt::map::map_widget] initializeGL()
[2026-05-20 22:36:01.816] [268388] [debug] [scwx::qt::map::map_widget] Resetting map
[2026-05-20 22:36:01.816] [268388] [debug] [scwx::qt::map::map_widget] Updating style: Custom
[2026-05-20 22:36:01.818] [268388] [debug] [scwx::qt::map::map_widget] initializeGL()
[2026-05-20 22:36:01.818] [268388] [debug] [scwx::qt::map::map_widget] Resetting map
[2026-05-20 22:36:01.818] [268388] [debug] [scwx::qt::map::map_widget] Updating style: Custom
[2026-05-20 22:36:01.859] [268568] [warning] [qt] [mbgl] {unknown}[ParseStyle]: source must have tiles
[2026-05-20 22:36:01.865] [268388] [debug] [scwx::qt::map::map_widget] Add Layers
[2026-05-20 22:36:01.866] [268388] [debug] [scwx::qt::map::radar_range_layer] Add()
[2026-05-20 22:36:01.869] [268388] [debug] [scwx::qt::map::marker_layer] Initialize()
[2026-05-20 22:36:01.873] [268388] [debug] [scwx::qt::gl::shader_program] Load()
[2026-05-20 22:36:01.873] [268388] [debug] [scwx::qt::gl::shader_program] Loading vertex shader: :/gl/geo_texture2d.vert
[2026-05-20 22:36:01.873] [268388] [debug] [scwx::qt::gl::shader_program] Loading geometry shader: :/gl/threshold.geom
[2026-05-20 22:36:01.873] [268388] [debug] [scwx::qt::gl::shader_program] Loading fragment shader: :/gl/texture2d_array.frag
[2026-05-20 22:36:01.876] [268388] [debug] [scwx::qt::map::marker_layer] ReloadMarkers()
[2026-05-20 22:36:01.876] [268388] [debug] [scwx::qt::map::overlay_layer] Initialize()
[2026-05-20 22:36:01.876] [268388] [debug] [scwx::qt::gl::shader_program] Load()
[2026-05-20 22:36:01.876] [268388] [debug] [scwx::qt::gl::shader_program] Loading vertex shader: :/gl/color.vert
[2026-05-20 22:36:01.876] [268388] [debug] [scwx::qt::gl::shader_program] Loading fragment shader: :/gl/color.frag
[2026-05-20 22:36:01.877] [268388] [debug] [scwx::qt::gl::shader_program] Load()
[2026-05-20 22:36:01.877] [268388] [debug] [scwx::qt::gl::shader_program] Loading vertex shader: :/gl/texture2d_array.vert
[2026-05-20 22:36:01.877] [268388] [debug] [scwx::qt::gl::shader_program] Loading geometry shader: :/gl/threshold.geom
[2026-05-20 22:36:01.877] [268388] [debug] [scwx::qt::gl::shader_program] Loading fragment shader: :/gl/texture2d_array.frag
[2026-05-20 22:36:01.879] [268469] [debug] [scwx::provider::aws_nexrad_data_provider] Refresh()
[2026-05-20 22:36:01.879] [268469] [debug] [scwx::provider::aws_nexrad_data_provider] ListObjects: INX_NST_2026_05_20_
[2026-05-20 22:36:01.901] [268388] [debug] [scwx::qt::util::texture_atlas] Loading image: :/res/textures/images/dot.svg
[2026-05-20 22:36:01.901] [268388] [debug] [scwx::qt::util::texture_atlas] Building 2048x2048 texture atlas
[2026-05-20 22:36:01.904] [268388] [debug] [scwx::qt::util::texture_atlas] Texture atlas built in 0.010000s
[2026-05-20 22:36:01.904] [268388] [debug] [scwx::qt::map::color_table_layer] Initialize()
[2026-05-20 22:36:01.904] [268388] [debug] [scwx::qt::gl::shader_program] Load()
[2026-05-20 22:36:01.904] [268388] [debug] [scwx::qt::gl::shader_program] Loading vertex shader: :/gl/texture1d.vert
[2026-05-20 22:36:01.904] [268388] [debug] [scwx::qt::gl::shader_program] Loading fragment shader: :/gl/texture1d.frag
[2026-05-20 22:36:01.905] [268388] [debug] [scwx::qt::map::radar_product_layer] Initialize()
[2026-05-20 22:36:01.905] [268388] [debug] [scwx::qt::gl::shader_program] Load()
[2026-05-20 22:36:01.905] [268388] [debug] [scwx::qt::gl::shader_program] Loading vertex shader: :/gl/radar.vert
[2026-05-20 22:36:01.905] [268388] [debug] [scwx::qt::gl::shader_program] Loading fragment shader: :/gl/radar.frag
[2026-05-20 22:36:01.914] [268388] [debug] [scwx::qt::map::radar_product_layer] UpdateColorTable()
[2026-05-20 22:36:01.914] [268388] [debug] [scwx::qt::map::radar_site_layer] Initialize()
[2026-05-20 22:36:01.918] [268388] [debug] [scwx::qt::gl::shader_program] Load()
[2026-05-20 22:36:01.918] [268388] [debug] [scwx::qt::gl::shader_program] Loading vertex shader: :/gl/geo_texture2d.vert
[2026-05-20 22:36:01.918] [268388] [debug] [scwx::qt::gl::shader_program] Loading geometry shader: :/gl/threshold.geom
[2026-05-20 22:36:01.918] [268388] [debug] [scwx::qt::gl::shader_program] Loading fragment shader: :/gl/color.frag
[2026-05-20 22:36:01.926] [268568] [warning] [qt] [mbgl] {unknown}[ParseStyle]: source must have tiles
[2026-05-20 22:36:01.927] [268388] [debug] [scwx::qt::map::map_widget] Add Layers
[2026-05-20 22:36:01.927] [268388] [debug] [scwx::qt::map::radar_range_layer] Add()
[2026-05-20 22:36:01.931] [268388] [debug] [scwx::qt::map::marker_layer] Initialize()
[2026-05-20 22:36:01.931] [268388] [debug] [scwx::qt::map::marker_layer] ReloadMarkers()
[2026-05-20 22:36:01.931] [268388] [debug] [scwx::qt::map::overlay_layer] Initialize()
[2026-05-20 22:36:01.931] [268388] [debug] [scwx::qt::util::texture_atlas] Loading image: :/res/textures/images/dot.svg
[2026-05-20 22:36:01.932] [268388] [debug] [scwx::qt::util::texture_atlas] Building 2048x2048 texture atlas
[2026-05-20 22:36:01.934] [268388] [debug] [scwx::qt::util::texture_atlas] Texture atlas built in 0.010000s
[2026-05-20 22:36:01.934] [268388] [debug] [scwx::qt::map::color_table_layer] Initialize()
[2026-05-20 22:36:01.934] [268388] [debug] [scwx::qt::map::radar_product_layer] Initialize()
[2026-05-20 22:36:01.934] [268388] [debug] [scwx::qt::map::radar_product_layer] UpdateColorTable()
[2026-05-20 22:36:01.934] [268388] [debug] [scwx::qt::map::radar_site_layer] Initialize()
[2026-05-20 22:36:01.959] [268568] [warning] [qt] [mbgl] {unknown}[ParseStyle]: source must have tiles
[2026-05-20 22:36:01.959] [268388] [debug] [scwx::qt::map::map_widget] Add Layers
[2026-05-20 22:36:01.960] [268388] [debug] [scwx::qt::map::radar_range_layer] Add()
[2026-05-20 22:36:01.962] [268388] [debug] [scwx::qt::map::marker_layer] Initialize()
[2026-05-20 22:36:01.962] [268388] [debug] [scwx::qt::map::marker_layer] ReloadMarkers()
[2026-05-20 22:36:01.962] [268388] [debug] [scwx::qt::map::overlay_layer] Initialize()
[2026-05-20 22:36:01.962] [268388] [debug] [scwx::qt::util::texture_atlas] Loading image: :/res/textures/images/dot.svg
[2026-05-20 22:36:01.963] [268388] [debug] [scwx::qt::util::texture_atlas] Building 2048x2048 texture atlas
[2026-05-20 22:36:01.964] [268388] [debug] [scwx::qt::util::texture_atlas] Texture atlas built in 0.010000s
[2026-05-20 22:36:01.965] [268388] [debug] [scwx::qt::map::color_table_layer] Initialize()
[2026-05-20 22:36:01.965] [268388] [debug] [scwx::qt::map::radar_product_layer] Initialize()
[2026-05-20 22:36:01.965] [268388] [debug] [scwx::qt::map::radar_product_layer] UpdateColorTable()
[2026-05-20 22:36:01.965] [268388] [debug] [scwx::qt::map::alert_layer] Initialize: Marine
[2026-05-20 22:36:01.967] [268388] [debug] [scwx::qt::map::radar_site_layer] Initialize()
[2026-05-20 22:36:02.029] [268464] [debug] [scwx::provider::aws_nexrad_data_provider] Found 232 objects
[2026-05-20 22:36:02.029] [268464] [debug] [scwx::provider::aws_nexrad_data_provider] ListObjects: 2026/05/21/KINX/
[2026-05-20 22:36:02.037] [268568] [warning] [qt] [mbgl] {unknown}[ParseStyle]: source must have tiles
[2026-05-20 22:36:02.038] [268388] [debug] [scwx::qt::map::map_widget] Add Layers
[2026-05-20 22:36:02.038] [268388] [debug] [scwx::qt::map::radar_range_layer] Add()
[2026-05-20 22:36:02.043] [268388] [debug] [scwx::qt::map::marker_layer] Initialize()
[2026-05-20 22:36:02.043] [268388] [debug] [scwx::qt::map::marker_layer] ReloadMarkers()
[2026-05-20 22:36:02.043] [268388] [debug] [scwx::qt::map::alert_layer] Initialize: Severe Thunderstorm
[2026-05-20 22:36:02.043] [268388] [debug] [scwx::qt::map::alert_layer] Initialize: Tornado
[2026-05-20 22:36:02.043] [268388] [debug] [scwx::qt::map::overlay_layer] Initialize()
[2026-05-20 22:36:02.043] [268388] [debug] [scwx::qt::util::texture_atlas] Loading image: :/res/textures/images/dot.svg
[2026-05-20 22:36:02.043] [268388] [debug] [scwx::qt::util::texture_atlas] Building 2048x2048 texture atlas
[2026-05-20 22:36:02.045] [268388] [debug] [scwx::qt::util::texture_atlas] Texture atlas built in 0.000000s
[2026-05-20 22:36:02.045] [268388] [debug] [scwx::qt::map::color_table_layer] Initialize()
[2026-05-20 22:36:02.045] [268388] [debug] [scwx::qt::map::radar_product_layer] Initialize()
[2026-05-20 22:36:02.045] [268388] [debug] [scwx::qt::map::radar_product_layer] UpdateColorTable()
[2026-05-20 22:36:02.046] [268388] [debug] [scwx::qt::map::radar_site_layer] Initialize()
[2026-05-20 22:36:02.093] [268464] [debug] [scwx::provider::aws_nexrad_data_provider] Found 27 objects
[2026-05-20 22:36:02.093] [268464] [debug] [scwx::provider::aws_nexrad_data_provider] FindLatestKey()
[2026-05-20 22:36:02.103] [268461] [debug] [scwx::provider::aws_nexrad_data_provider] FindKey: 2026-05-21 03:20:37 UTC
[2026-05-20 22:36:02.120] [268469] [debug] [scwx::provider::aws_nexrad_data_provider] Found 123 objects
[2026-05-20 22:36:02.120] [268469] [debug] [scwx::provider::aws_nexrad_data_provider] ListObjects: INX_NST_2026_05_21_
[2026-05-20 22:36:02.178] [268469] [debug] [scwx::provider::aws_nexrad_data_provider] Found 0 objects
[2026-05-20 22:36:02.178] [268469] [debug] [scwx::provider::aws_nexrad_data_provider] FindLatestKey()
[2026-05-20 22:36:02.181] [268388] [debug] [scwx::qt::view::overlay_product_view] Load Product: NST, 2026-05-20 14:33:16 UTC, true
[2026-05-20 22:36:02.181] [268388] [debug] [scwx::qt::view::overlay_product_view] Load Product: NST, 2026-05-20 14:33:16 UTC, true
[2026-05-20 22:36:02.181] [268388] [debug] [scwx::qt::view::overlay_product_view] Load Product: NST, 2026-05-20 14:33:16 UTC, true
[2026-05-20 22:36:02.181] [268388] [debug] [scwx::qt::view::overlay_product_view] Load Product: NST, 2026-05-20 14:33:16 UTC, true
[2026-05-20 22:36:02.181] [268476] [debug] [scwx::qt::manager::radar_product_manager] LoadLevel3Data: 2026-05-20 14:33:16 UTC
[2026-05-20 22:36:02.181] [268459] [debug] [scwx::qt::manager::radar_product_manager] LoadLevel3Data: 2026-05-20 14:33:16 UTC
[2026-05-20 22:36:02.181] [268484] [debug] [scwx::qt::manager::radar_product_manager] LoadLevel3Data: 2026-05-20 14:33:16 UTC
[2026-05-20 22:36:02.181] [268480] [debug] [scwx::qt::manager::radar_product_manager] LoadLevel3Data: 2026-05-20 14:33:16 UTC
[2026-05-20 22:36:02.286] [268634] [debug] [scwx::provider::aws_nexrad_data_provider] ListObjects: 2026/05/21/KINX/
[2026-05-20 22:36:02.435] [268633] [debug] [scwx::wsr88d::ar2v_file] Loading Data
[2026-05-20 22:36:02.435] [268633] [debug] [scwx::wsr88d::ar2v_file] Filename:  AR2V0006.
[2026-05-20 22:36:02.435] [268633] [debug] [scwx::wsr88d::ar2v_file] Extension: 256
[2026-05-20 22:36:02.435] [268633] [debug] [scwx::wsr88d::ar2v_file] Date:      20595 (2026-05-21)
[2026-05-20 22:36:02.435] [268633] [debug] [scwx::wsr88d::ar2v_file] Time:      12560301 (03:29:20.301000000)
[2026-05-20 22:36:02.435] [268633] [debug] [scwx::wsr88d::ar2v_file] ICAO:      KINX
[2026-05-20 22:36:02.481] [268634] [debug] [scwx::provider::aws_nexrad_data_provider] Found 27 objects
[2026-05-20 22:36:02.481] [268634] [debug] [scwx::provider::aws_nexrad_data_provider] FindKey: 2026-05-21 03:20:37 UTC
[2026-05-20 22:36:02.501] [268461] [debug] [scwx::wsr88d::ar2v_file] Loading Data
[2026-05-20 22:36:02.501] [268461] [debug] [scwx::wsr88d::ar2v_file] Filename:  AR2V0006.
[2026-05-20 22:36:02.501] [268461] [debug] [scwx::wsr88d::ar2v_file] Extension: 255
[2026-05-20 22:36:02.501] [268461] [debug] [scwx::wsr88d::ar2v_file] Date:      20595 (2026-05-21)
[2026-05-20 22:36:02.501] [268461] [debug] [scwx::wsr88d::ar2v_file] Time:      12037661 (03:20:37.661000000)
[2026-05-20 22:36:02.501] [268461] [debug] [scwx::wsr88d::ar2v_file] ICAO:      KINX
[2026-05-20 22:36:02.994] [268634] [debug] [scwx::wsr88d::ar2v_file] Loading Data
[2026-05-20 22:36:02.994] [268634] [debug] [scwx::wsr88d::ar2v_file] Filename:  AR2V0006.
[2026-05-20 22:36:02.994] [268634] [debug] [scwx::wsr88d::ar2v_file] Extension: 255
[2026-05-20 22:36:02.994] [268634] [debug] [scwx::wsr88d::ar2v_file] Date:      20595 (2026-05-21)
[2026-05-20 22:36:02.994] [268634] [debug] [scwx::wsr88d::ar2v_file] Time:      12037661 (03:20:37.661000000)
[2026-05-20 22:36:02.994] [268634] [debug] [scwx::wsr88d::ar2v_file] ICAO:      KINX
[2026-05-20 22:36:03.162] [268461] [debug] [scwx::qt::manager::radar_product_manager] Initialize()
[2026-05-20 22:36:03.194] [268461] [debug] [scwx::qt::manager::radar_product_manager] Coordinates (0.5 degree) calculated in 0.040000s
[2026-05-20 22:36:03.224] [268461] [debug] [scwx::qt::manager::radar_product_manager] Coordinates (0.5 degree smooth) calculated in 0.030000s
[2026-05-20 22:36:03.239] [268461] [debug] [scwx::qt::manager::radar_product_manager] Coordinates (1 degree) calculated in 0.010000s
[2026-05-20 22:36:03.254] [268461] [debug] [scwx::qt::manager::radar_product_manager] Coordinates (1 degree smooth) calculated in 0.020000s
[2026-05-20 22:36:03.254] [268461] [debug] [scwx::provider::aws_nexrad_data_provider] FindKey: 2026-05-20 14:33:16 UTC
[2026-05-20 22:36:03.255] [268462] [debug] [scwx::qt::manager::radar_product_manager] Level 2 product previously loaded, loading from cache
[2026-05-20 22:36:03.255] [268463] [debug] [scwx::qt::manager::radar_product_manager] Level 2 product previously loaded, loading from cache
[2026-05-20 22:36:03.255] [268460] [debug] [scwx::qt::manager::radar_product_manager] Level 2 product previously loaded, loading from cache
[2026-05-20 22:36:03.360] [268461] [debug] [scwx::wsr88d::level3_file] Loading Data
[2026-05-20 22:36:03.360] [268461] [debug] [scwx::wsr88d::level3_file] Data Type: SD
[2026-05-20 22:36:03.360] [268461] [debug] [scwx::wsr88d::level3_file] ICAO:      KTSA
[2026-05-20 22:36:03.360] [268461] [debug] [scwx::wsr88d::level3_file] Date/Time: 201433
[2026-05-20 22:36:03.360] [268461] [debug] [scwx::wsr88d::level3_file] Category:  NST
[2026-05-20 22:36:03.360] [268461] [debug] [scwx::wsr88d::level3_file] Site ID:   INX
[2026-05-20 22:36:03.360] [268461] [debug] [scwx::wsr88d::rpg::level3_message_factory] Found Message 58
[2026-05-20 22:36:03.360] [268461] [debug] [scwx::wsr88d::rpg::graphic_product_message] Loading Blocks
[2026-05-20 22:36:03.360] [268461] [debug] [scwx::wsr88d::rpg::graphic_product_message] Graphic alphanumeric block valid: true
[2026-05-20 22:36:03.360] [268461] [debug] [scwx::wsr88d::rpg::graphic_product_message] Tabular alphanumeric block valid: true
[2026-05-20 22:36:03.360] [268461] [debug] [scwx::wsr88d::rpg::storm_tracking_information_message] No storm text present
[2026-05-20 22:36:03.360] [268462] [debug] [scwx::qt::manager::radar_product_manager] Level 3 product previously loaded, loading from cache
[2026-05-20 22:36:03.360] [268463] [debug] [scwx::qt::manager::radar_product_manager] Level 3 product previously loaded, loading from cache
[2026-05-20 22:36:03.360] [268460] [debug] [scwx::qt::manager::radar_product_manager] Level 3 product previously loaded, loading from cache
[2026-05-20 22:36:04.526] [268445] [debug] [scwx::provider::warnings_provider] Loading file: warnings_20260518_03.txt
[2026-05-20 22:36:04.554] [268445] [debug] [scwx::provider::warnings_provider] Loading file: warnings_20260518_04.txt
[2026-05-20 22:36:04.569] [268445] [debug] [scwx::provider::warnings_provider] Loading file: warnings_20260518_05.txt
[2026-05-20 22:36:04.573] [268445] [debug] [scwx::provider::warnings_provider] Loading file: warnings_20260518_06.txt
[2026-05-20 22:36:04.575] [268445] [debug] [scwx::provider::warnings_provider] Loading file: warnings_20260518_07.txt
[2026-05-20 22:36:04.578] [268445] [debug] [scwx::provider::warnings_provider] Loading file: warnings_20260518_08.txt
[2026-05-20 22:36:04.583] [268445] [debug] [scwx::provider::warnings_provider] Loading file: warnings_20260518_09.txt
[2026-05-20 22:36:04.702] [268445] [debug] [scwx::provider::warnings_provider] Loading file: warnings_20260518_11.txt
[2026-05-20 22:36:04.706] [268445] [debug] [scwx::provider::warnings_provider] Loading file: warnings_20260518_12.txt
[2026-05-20 22:36:04.710] [268445] [debug] [scwx::provider::warnings_provider] Loading file: warnings_20260518_13.txt
[2026-05-20 22:36:04.713] [268445] [debug] [scwx::provider::warnings_provider] Loading file: warnings_20260518_14.txt
[2026-05-20 22:36:04.783] [268445] [debug] [scwx::provider::warnings_provider] Loading file: warnings_20260518_15.txt
[2026-05-20 22:36:04.790] [268445] [debug] [scwx::provider::warnings_provider] Loading file: warnings_20260518_16.txt
[2026-05-20 22:36:04.799] [268445] [debug] [scwx::provider::warnings_provider] Loading file: warnings_20260518_17.txt
[2026-05-20 22:36:04.831] [268445] [debug] [scwx::provider::warnings_provider] Loading file: warnings_20260518_18.txt
[2026-05-20 22:36:04.927] [268445] [debug] [scwx::provider::warnings_provider] Loading file: warnings_20260518_19.txt
[2026-05-20 22:36:04.968] [268445] [debug] [scwx::provider::warnings_provider] Loading file: warnings_20260518_20.txt
[2026-05-20 22:36:05.013] [268445] [debug] [scwx::provider::warnings_provider] Loading file: warnings_20260518_21.txt
[2026-05-20 22:36:05.063] [268445] [debug] [scwx::provider::warnings_provider] Loading file: warnings_20260518_22.txt
[2026-05-20 22:36:05.114] [268445] [debug] [scwx::provider::warnings_provider] Loading file: warnings_20260518_23.txt
[2026-05-20 22:36:05.153] [268445] [debug] [scwx::provider::warnings_provider] Loading file: warnings_20260519_00.txt
[2026-05-20 22:36:05.186] [268445] [debug] [scwx::provider::warnings_provider] Loading file: warnings_20260519_01.txt
[2026-05-20 22:36:05.212] [268445] [debug] [scwx::provider::warnings_provider] Loading file: warnings_20260519_02.txt
[2026-05-20 22:36:05.232] [268445] [debug] [scwx::provider::warnings_provider] Loading file: warnings_20260519_03.txt
[2026-05-20 22:36:05.246] [268445] [debug] [scwx::provider::warnings_provider] Loading file: warnings_20260519_04.txt
[2026-05-20 22:36:05.260] [268445] [debug] [scwx::provider::warnings_provider] Loading file: warnings_20260519_05.txt
[2026-05-20 22:36:05.267] [268445] [debug] [scwx::provider::warnings_provider] Loading file: warnings_20260519_06.txt
[2026-05-20 22:36:05.322] [268445] [debug] [scwx::provider::warnings_provider] Loading file: warnings_20260519_07.txt
[2026-05-20 22:36:05.326] [268445] [debug] [scwx::provider::warnings_provider] Loading file: warnings_20260519_08.txt
[2026-05-20 22:36:05.328] [268445] [debug] [scwx::provider::warnings_provider] Loading file: warnings_20260519_09.txt
[2026-05-20 22:36:05.361] [268445] [debug] [scwx::provider::warnings_provider] Loading file: warnings_20260519_10.txt
[2026-05-20 22:36:05.449] [268445] [debug] [scwx::provider::warnings_provider] Loading file: warnings_20260519_11.txt
[2026-05-20 22:36:05.454] [268445] [debug] [scwx::provider::warnings_provider] Loading file: warnings_20260519_12.txt
[2026-05-20 22:36:05.455] [268445] [debug] [scwx::provider::warnings_provider] Loading file: warnings_20260519_13.txt
[2026-05-20 22:36:05.491] [268445] [debug] [scwx::provider::warnings_provider] Loading file: warnings_20260519_14.txt
[2026-05-20 22:36:05.601] [268445] [debug] [scwx::provider::warnings_provider] Loading file: warnings_20260519_15.txt
[2026-05-20 22:36:05.607] [268445] [debug] [scwx::provider::warnings_provider] Loading file: warnings_20260519_16.txt
[2026-05-20 22:36:05.612] [268445] [debug] [scwx::provider::warnings_provider] Loading file: warnings_20260519_17.txt
[2026-05-20 22:36:05.664] [268445] [debug] [scwx::provider::warnings_provider] Loading file: warnings_20260519_18.txt
[2026-05-20 22:36:05.744] [268445] [debug] [scwx::provider::warnings_provider] Loading file: warnings_20260519_19.txt
[2026-05-20 22:36:05.756] [268445] [debug] [scwx::provider::warnings_provider] Loading file: warnings_20260519_20.txt
[2026-05-20 22:36:05.777] [268445] [debug] [scwx::provider::warnings_provider] Loading file: warnings_20260519_21.txt
[2026-05-20 22:36:05.808] [268445] [debug] [scwx::provider::warnings_provider] Loading file: warnings_20260519_22.txt
[2026-05-20 22:36:05.880] [268445] [debug] [scwx::provider::warnings_provider] Loading file: warnings_20260519_23.txt
[2026-05-20 22:36:05.899] [268445] [debug] [scwx::provider::warnings_provider] Loading file: warnings_20260520_00.txt
[2026-05-20 22:36:06.175] [268445] [debug] [scwx::provider::warnings_provider] Loading file: warnings_20260520_01.txt
[2026-05-20 22:36:06.185] [268445] [debug] [scwx::provider::warnings_provider] Loading file: warnings_20260520_02.txt
[2026-05-20 22:36:06.195] [268445] [debug] [scwx::provider::warnings_provider] Loading file: warnings_20260520_03.txt
[2026-05-20 22:36:06.206] [268445] [debug] [scwx::provider::warnings_provider] Loading file: warnings_20260520_04.txt
[2026-05-20 22:36:06.211] [268445] [debug] [scwx::provider::warnings_provider] Loading file: warnings_20260520_05.txt
[2026-05-20 22:36:06.214] [268445] [debug] [scwx::provider::warnings_provider] Loading file: warnings_20260520_06.txt
[2026-05-20 22:36:06.216] [268445] [debug] [scwx::provider::warnings_provider] Loading file: warnings_20260520_07.txt
[2026-05-20 22:36:06.217] [268445] [debug] [scwx::provider::warnings_provider] Loading file: warnings_20260520_08.txt
[2026-05-20 22:36:06.281] [268445] [debug] [scwx::provider::warnings_provider] Loading file: warnings_20260520_09.txt
[2026-05-20 22:36:06.285] [268445] [debug] [scwx::provider::warnings_provider] Loading file: warnings_20260520_10.txt
[2026-05-20 22:36:06.418] [268445] [debug] [scwx::provider::warnings_provider] Loading file: warnings_20260520_11.txt
[2026-05-20 22:36:06.422] [268445] [debug] [scwx::provider::warnings_provider] Loading file: warnings_20260520_12.txt
[2026-05-20 22:36:06.426] [268445] [debug] [scwx::provider::warnings_provider] Loading file: warnings_20260520_13.txt
[2026-05-20 22:36:06.428] [268445] [debug] [scwx::provider::warnings_provider] Loading file: warnings_20260520_14.txt
[2026-05-20 22:36:06.434] [268445] [debug] [scwx::provider::warnings_provider] Loading file: warnings_20260520_16.txt
[2026-05-20 22:36:06.463] [268445] [debug] [scwx::provider::warnings_provider] Loading file: warnings_20260520_17.txt
[2026-05-20 22:36:06.541] [268445] [debug] [scwx::provider::warnings_provider] Loading file: warnings_20260520_18.txt
[2026-05-20 22:36:06.560] [268445] [debug] [scwx::provider::warnings_provider] Loading file: warnings_20260520_19.txt
[2026-05-20 22:36:06.570] [268445] [debug] [scwx::provider::warnings_provider] Loading file: warnings_20260520_20.txt
[2026-05-20 22:36:06.612] [268445] [debug] [scwx::provider::warnings_provider] Loading file: warnings_20260520_21.txt
[2026-05-20 22:36:06.677] [268445] [debug] [scwx::provider::warnings_provider] Loading file: warnings_20260520_22.txt
[2026-05-20 22:36:06.697] [268445] [debug] [scwx::provider::warnings_provider] Loading file: warnings_20260520_23.txt
[2026-05-20 22:36:06.706] [268445] [debug] [scwx::provider::warnings_provider] Loading file: warnings_20260521_00.txt
[2026-05-20 22:36:06.749] [268445] [debug] [scwx::provider::warnings_provider] Loading file: warnings_20260521_01.txt
[2026-05-20 22:36:06.813] [268445] [debug] [scwx::provider::warnings_provider] Loading file: warnings_20260521_02.txt
[2026-05-20 22:36:06.893] [268467] [debug] [scwx::provider::aws_level2_chunks_data_provider] Refresh() in 5.120000s
[2026-05-20 22:36:06.893] [268457] [debug] [scwx::qt::view::level2_product_view] Computing Sweep
[2026-05-20 22:36:06.893] [268457] [debug] [scwx::qt::view::level2_product_view] ComputeCoordinates()
[2026-05-20 22:36:06.894] [268474] [debug] [scwx::qt::view::level2_product_view] Computing Sweep
[2026-05-20 22:36:06.894] [268474] [debug] [scwx::qt::view::level2_product_view] ComputeCoordinates()
[2026-05-20 22:36:06.894] [268478] [debug] [scwx::qt::view::level2_product_view] Computing Sweep
[2026-05-20 22:36:06.894] [268478] [debug] [scwx::qt::view::level2_product_view] ComputeCoordinates()
[2026-05-20 22:36:06.895] [268482] [debug] [scwx::qt::view::level2_product_view] Computing Sweep
[2026-05-20 22:36:06.895] [268482] [debug] [scwx::qt::view::level2_product_view] ComputeCoordinates()
[2026-05-20 22:36:06.961] [268457] [debug] [scwx::qt::view::level2_product_view] Coordinates calculated in 0.060000s
[2026-05-20 22:36:06.990] [268478] [debug] [scwx::qt::view::level2_product_view] Coordinates calculated in 0.090000s
[2026-05-20 22:36:06.993] [268474] [debug] [scwx::qt::view::level2_product_view] Coordinates calculated in 0.090000s
[2026-05-20 22:36:06.996] [268457] [debug] [scwx::qt::view::level2_product_view] Vertices calculated in 0.040000s
[2026-05-20 22:36:06.999] [268482] [debug] [scwx::qt::view::level2_product_view] Coordinates calculated in 0.100000s
[2026-05-20 22:36:07.004] [268388] [debug] [scwx::qt::map::radar_product_layer] UpdateColorTable()
[2026-05-20 22:36:07.004] [268388] [debug] [scwx::qt::map::radar_product_layer] UpdateSweep()
[2026-05-20 22:36:07.010] [268388] [debug] [scwx::qt::map::radar_product_layer] Vertices buffered in 0.000000s
[2026-05-20 22:36:07.010] [268388] [debug] [scwx::qt::map::radar_product_layer] Data moments buffered in 0.000000s
[2026-05-20 22:36:07.011] [268388] [debug] [scwx::qt::map::radar_product_layer] CFP moments buffered in 0.000000s
[2026-05-20 22:36:07.016] [268478] [debug] [scwx::qt::view::level2_product_view] Vertices calculated in 0.030000s
[2026-05-20 22:36:07.017] [268474] [debug] [scwx::qt::view::level2_product_view] Vertices calculated in 0.030000s
[2026-05-20 22:36:07.018] [268482] [debug] [scwx::qt::view::level2_product_view] Vertices calculated in 0.020000s
[2026-05-20 22:36:07.021] [268388] [debug] [scwx::qt::map::radar_product_layer] UpdateColorTable()
[2026-05-20 22:36:07.021] [268388] [debug] [scwx::qt::map::radar_product_layer] UpdateSweep()
[2026-05-20 22:36:07.025] [268388] [debug] [scwx::qt::map::radar_product_layer] Vertices buffered in 0.010000s
[2026-05-20 22:36:07.026] [268388] [debug] [scwx::qt::map::radar_product_layer] Data moments buffered in 0.000000s
[2026-05-20 22:36:07.026] [268388] [debug] [scwx::qt::map::radar_product_layer] UpdateColorTable()
[2026-05-20 22:36:07.026] [268388] [debug] [scwx::qt::map::radar_product_layer] UpdateSweep()
[2026-05-20 22:36:07.030] [268388] [debug] [scwx::qt::map::radar_product_layer] Vertices buffered in 0.000000s
[2026-05-20 22:36:07.031] [268388] [debug] [scwx::qt::map::radar_product_layer] Data moments buffered in 0.000000s
[2026-05-20 22:36:07.031] [268388] [debug] [scwx::qt::map::radar_product_layer] UpdateColorTable()
[2026-05-20 22:36:07.032] [268388] [debug] [scwx::qt::map::radar_product_layer] UpdateSweep()
[2026-05-20 22:36:07.036] [268388] [debug] [scwx::qt::map::radar_product_layer] Vertices buffered in 0.010000s
[2026-05-20 22:36:07.037] [268388] [debug] [scwx::qt::map::radar_product_layer] Data moments buffered in 0.000000s
[2026-05-20 22:36:10.038] [268466] [debug] [scwx::provider::aws_level2_chunks_data_provider] Refresh() in 0.140000s
[2026-05-20 22:36:15.156] [268467] [debug] [scwx::provider::aws_level2_chunks_data_provider] Refresh() in 0.160000s
[2026-05-20 22:36:21.154] [268467] [debug] [scwx::provider::aws_level2_chunks_data_provider] Refresh() in 0.160000s
[2026-05-20 22:36:41.715] [268466] [debug] [scwx::provider::aws_level2_chunks_data_provider] Refresh() in 0.560000s
[2026-05-20 22:37:01.553] [268422] [debug] [scwx::provider::nws_api_provider] GetRadarStations
[2026-05-20 22:37:02.291] [268467] [debug] [scwx::provider::aws_level2_chunks_data_provider] Refresh() in 0.570000s
[2026-05-20 22:37:05.436] [268421] [debug] [scwx::network::ntp_client] Time offset updated: 0d 00:00:00.001632257
[2026-05-20 22:37:22.834] [268466] [debug] [scwx::provider::aws_level2_chunks_data_provider] Refresh() in 0.550000s
[2026-05-20 22:37:43.371] [268466] [debug] [scwx::provider::aws_level2_chunks_data_provider] Refresh() in 0.530000s
[2026-05-20 22:37:53.999] [268465] [debug] [scwx::provider::aws_nexrad_data_provider] Refresh()
[2026-05-20 22:37:53.999] [268465] [debug] [scwx::provider::aws_nexrad_data_provider] ListObjects: 2026/05/21/KINX/
[2026-05-20 22:37:54.195] [268465] [debug] [scwx::provider::aws_nexrad_data_provider] Found 27 objects
[2026-05-20 22:37:54.195] [268465] [debug] [scwx::provider::aws_nexrad_data_provider] FindLatestKey()
[2026-05-20 22:38:01.651] [268422] [debug] [scwx::provider::nws_api_provider] GetRadarStations
[2026-05-20 22:38:02.178] [268468] [debug] [scwx::provider::aws_nexrad_data_provider] Refresh()
[2026-05-20 22:38:02.178] [268468] [debug] [scwx::provider::aws_nexrad_data_provider] ListObjects: INX_NST_2026_05_20_
[2026-05-20 22:38:02.447] [268468] [debug] [scwx::provider::aws_nexrad_data_provider] Found 123 objects
[2026-05-20 22:38:02.447] [268468] [debug] [scwx::provider::aws_nexrad_data_provider] ListObjects: INX_NST_2026_05_21_
[2026-05-20 22:38:02.509] [268468] [debug] [scwx::provider::aws_nexrad_data_provider] Found 0 objects
[2026-05-20 22:38:02.509] [268468] [debug] [scwx::provider::aws_nexrad_data_provider] FindLatestKey()
[2026-05-20 22:38:04.240] [268466] [debug] [scwx::provider::aws_level2_chunks_data_provider] Refresh() in 0.870000s
[2026-05-20 22:38:07.592] [270029] [debug] [scwx::wsr88d::ar2v_file] Loading Data
[2026-05-20 22:38:07.592] [270029] [debug] [scwx::wsr88d::ar2v_file] Filename:  AR2V0006.
[2026-05-20 22:38:07.592] [270029] [debug] [scwx::wsr88d::ar2v_file] Extension: 257
[2026-05-20 22:38:07.592] [270029] [debug] [scwx::wsr88d::ar2v_file] Date:      20595 (2026-05-21)
[2026-05-20 22:38:07.592] [270029] [debug] [scwx::wsr88d::ar2v_file] Time:      13082707 (03:38:02.707000000)
[2026-05-20 22:38:07.592] [270029] [debug] [scwx::wsr88d::ar2v_file] ICAO:      KINX
[2026-05-20 22:38:07.594] [268467] [debug] [scwx::provider::aws_level2_chunks_data_provider] Refresh() in 0.360000s
[2026-05-20 22:38:09.195] [268464] [debug] [scwx::provider::aws_nexrad_data_provider] Refresh()
[2026-05-20 22:38:09.195] [268464] [debug] [scwx::provider::aws_nexrad_data_provider] ListObjects: 2026/05/21/KINX/
[2026-05-20 22:38:09.381] [268464] [debug] [scwx::provider::aws_nexrad_data_provider] Found 28 objects
[2026-05-20 22:38:09.381] [268464] [debug] [scwx::provider::aws_nexrad_data_provider] FindLatestKey()
[2026-05-20 22:38:09.381] [268462] [debug] [scwx::provider::aws_nexrad_data_provider] FindKey: 2026-05-21 03:29:20 UTC
[2026-05-20 22:38:09.468] [268420] [debug] [scwx::network::ntp_client] Time offset updated: 0d 00:00:00.000144264
[2026-05-20 22:38:09.812] [268462] [debug] [scwx::wsr88d::ar2v_file] Loading Data
[2026-05-20 22:38:09.812] [268462] [debug] [scwx::wsr88d::ar2v_file] Filename:  AR2V0006.
[2026-05-20 22:38:09.812] [268462] [debug] [scwx::wsr88d::ar2v_file] Extension: 256
[2026-05-20 22:38:09.812] [268462] [debug] [scwx::wsr88d::ar2v_file] Date:      20595 (2026-05-21)
[2026-05-20 22:38:09.812] [268462] [debug] [scwx::wsr88d::ar2v_file] Time:      12560301 (03:29:20.301000000)
[2026-05-20 22:38:09.812] [268462] [debug] [scwx::wsr88d::ar2v_file] ICAO:      KINX
[2026-05-20 22:38:10.397] [268461] [debug] [scwx::qt::manager::radar_product_manager] Level 2 product previously loaded, loading from cache
[2026-05-20 22:38:10.397] [268460] [debug] [scwx::qt::manager::radar_product_manager] Level 2 product previously loaded, loading from cache
[2026-05-20 22:38:10.397] [268463] [debug] [scwx::qt::manager::radar_product_manager] Level 2 product previously loaded, loading from cache
[2026-05-20 22:38:28.018] [268466] [debug] [scwx::provider::aws_level2_chunks_data_provider] Refresh() in 0.420000s
[2026-05-20 22:38:28.019] [268486] [debug] [scwx::qt::view::level2_product_view] Computing Sweep
[2026-05-20 22:38:28.019] [268486] [debug] [scwx::qt::view::level2_product_view] ComputeCoordinates()
[2026-05-20 22:38:28.020] [268491] [debug] [scwx::qt::view::level2_product_view] Computing Sweep
[2026-05-20 22:38:28.020] [268491] [debug] [scwx::qt::view::level2_product_view] ComputeCoordinates()
[2026-05-20 22:38:28.024] [268490] [debug] [scwx::qt::view::level2_product_view] Computing Sweep
[2026-05-20 22:38:28.024] [268490] [debug] [scwx::qt::view::level2_product_view] ComputeCoordinates()
[2026-05-20 22:38:28.074] [268486] [debug] [scwx::qt::view::level2_product_view] Coordinates calculated in 0.060000s
[2026-05-20 22:38:28.101] [268486] [debug] [scwx::qt::view::level2_product_view] Vertices calculated in 0.020000s
[2026-05-20 22:38:28.110] [268490] [debug] [scwx::qt::view::level2_product_view] Coordinates calculated in 0.080000s
[2026-05-20 22:38:28.113] [268491] [debug] [scwx::qt::view::level2_product_view] Coordinates calculated in 0.100000s
[2026-05-20 22:38:28.127] [268490] [debug] [scwx::qt::view::level2_product_view] Vertices calculated in 0.020000s
[2026-05-20 22:38:28.131] [268491] [debug] [scwx::qt::view::level2_product_view] Vertices calculated in 0.010000s
[2026-05-20 22:38:28.788] [268388] [debug] [scwx::qt::map::radar_product_layer] UpdateSweep()
[2026-05-20 22:38:28.792] [268388] [debug] [scwx::qt::map::radar_product_layer] Vertices buffered in 0.000000s
[2026-05-20 22:38:28.794] [268388] [debug] [scwx::qt::map::radar_product_layer] Data moments buffered in 0.010000s
[2026-05-20 22:38:28.795] [268388] [debug] [scwx::qt::map::radar_product_layer] UpdateSweep()
[2026-05-20 22:38:28.796] [268388] [debug] [scwx::qt::map::radar_product_layer] Vertices buffered in 0.000000s
[2026-05-20 22:38:28.797] [268388] [debug] [scwx::qt::map::radar_product_layer] Data moments buffered in 0.000000s
[2026-05-20 22:38:28.798] [268388] [debug] [scwx::qt::map::radar_product_layer] UpdateSweep()
[2026-05-20 22:38:28.802] [268388] [debug] [scwx::qt::map::radar_product_layer] Vertices buffered in 0.000000s
[2026-05-20 22:38:28.803] [268388] [debug] [scwx::qt::map::radar_product_layer] Data moments buffered in 0.010000s
[2026-05-20 22:38:28.804] [268388] [debug] [scwx::qt::map::radar_product_layer] CFP moments buffered in 0.000000s
[2026-05-20 22:38:31.212] [268467] [debug] [scwx::provider::aws_level2_chunks_data_provider] Refresh() in 0.190000s
[2026-05-20 22:38:31.213] [268486] [debug] [scwx::qt::view::level2_product_view] Computing Sweep
[2026-05-20 22:38:31.213] [268486] [debug] [scwx::qt::view::level2_product_view] ComputeCoordinates()
[2026-05-20 22:38:31.214] [268490] [debug] [scwx::qt::view::level2_product_view] Computing Sweep
[2026-05-20 22:38:31.214] [268490] [debug] [scwx::qt::view::level2_product_view] ComputeCoordinates()
[2026-05-20 22:38:31.215] [268491] [debug] [scwx::qt::view::level2_product_view] Computing Sweep
[2026-05-20 22:38:31.215] [268491] [debug] [scwx::qt::view::level2_product_view] ComputeCoordinates()
[2026-05-20 22:38:31.255] [268486] [debug] [scwx::qt::view::level2_product_view] Coordinates calculated in 0.040000s
[2026-05-20 22:38:31.285] [268486] [debug] [scwx::qt::view::level2_product_view] Vertices calculated in 0.030000s
[2026-05-20 22:38:31.287] [268491] [debug] [scwx::qt::view::level2_product_view] Coordinates calculated in 0.070000s
[2026-05-20 22:38:31.291] [268490] [debug] [scwx::qt::view::level2_product_view] Coordinates calculated in 0.070000s
[2026-05-20 22:38:31.302] [268491] [debug] [scwx::qt::view::level2_product_view] Vertices calculated in 0.010000s
[2026-05-20 22:38:31.303] [268490] [debug] [scwx::qt::view::level2_product_view] Vertices calculated in 0.010000s
[2026-05-20 22:38:31.781] [268388] [debug] [scwx::qt::map::radar_product_layer] UpdateSweep()
[2026-05-20 22:38:31.786] [268388] [debug] [scwx::qt::map::radar_product_layer] Vertices buffered in 0.010000s
[2026-05-20 22:38:31.787] [268388] [debug] [scwx::qt::map::radar_product_layer] Data moments buffered in 0.000000s
[2026-05-20 22:38:31.788] [268388] [debug] [scwx::qt::map::radar_product_layer] UpdateSweep()
[2026-05-20 22:38:31.789] [268388] [debug] [scwx::qt::map::radar_product_layer] Vertices buffered in 0.000000s
[2026-05-20 22:38:31.789] [268388] [debug] [scwx::qt::map::radar_product_layer] Data moments buffered in 0.000000s
[2026-05-20 22:38:31.790] [268388] [debug] [scwx::qt::map::radar_product_layer] UpdateSweep()
[2026-05-20 22:38:31.794] [268388] [debug] [scwx::qt::map::radar_product_layer] Vertices buffered in 0.010000s
[2026-05-20 22:38:31.795] [268388] [debug] [scwx::qt::map::radar_product_layer] Data moments buffered in 0.000000s
[2026-05-20 22:38:31.795] [268388] [debug] [scwx::qt::map::radar_product_layer] CFP moments buffered in 0.000000s
[2026-05-20 22:38:43.418] [268466] [debug] [scwx::provider::aws_level2_chunks_data_provider] Refresh() in 0.420000s
[2026-05-20 22:38:43.419] [268486] [debug] [scwx::qt::view::level2_product_view] Computing Sweep
[2026-05-20 22:38:43.419] [268486] [debug] [scwx::qt::view::level2_product_view] ComputeCoordinates()
[2026-05-20 22:38:43.419] [268490] [debug] [scwx::qt::view::level2_product_view] Computing Sweep
[2026-05-20 22:38:43.419] [268490] [debug] [scwx::qt::view::level2_product_view] ComputeCoordinates()
[2026-05-20 22:38:43.423] [268491] [debug] [scwx::qt::view::level2_product_view] Computing Sweep
[2026-05-20 22:38:43.423] [268491] [debug] [scwx::qt::view::level2_product_view] ComputeCoordinates()
[2026-05-20 22:38:43.472] [268486] [debug] [scwx::qt::view::level2_product_view] Coordinates calculated in 0.050000s
[2026-05-20 22:38:43.495] [268491] [debug] [scwx::qt::view::level2_product_view] Coordinates calculated in 0.070000s
[2026-05-20 22:38:43.497] [268490] [debug] [scwx::qt::view::level2_product_view] Coordinates calculated in 0.080000s
[2026-05-20 22:38:43.500] [268486] [debug] [scwx::qt::view::level2_product_view] Vertices calculated in 0.030000s
[2026-05-20 22:38:43.512] [268490] [debug] [scwx::qt::view::level2_product_view] Vertices calculated in 0.010000s
[2026-05-20 22:38:43.512] [268491] [debug] [scwx::qt::view::level2_product_view] Vertices calculated in 0.010000s
[2026-05-20 22:38:43.770] [268388] [debug] [scwx::qt::map::radar_product_layer] UpdateSweep()
[2026-05-20 22:38:43.774] [268388] [debug] [scwx::qt::map::radar_product_layer] Vertices buffered in 0.010000s
[2026-05-20 22:38:43.776] [268388] [debug] [scwx::qt::map::radar_product_layer] Data moments buffered in 0.000000s
[2026-05-20 22:38:43.777] [268388] [debug] [scwx::qt::map::radar_product_layer] UpdateSweep()
[2026-05-20 22:38:43.778] [268388] [debug] [scwx::qt::map::radar_product_layer] Vertices buffered in 0.000000s
[2026-05-20 22:38:43.778] [268388] [debug] [scwx::qt::map::radar_product_layer] Data moments buffered in 0.000000s
[2026-05-20 22:38:43.779] [268388] [debug] [scwx::qt::map::radar_product_layer] UpdateSweep()
[2026-05-20 22:38:43.783] [268388] [debug] [scwx::qt::map::radar_product_layer] Vertices buffered in 0.010000s
[2026-05-20 22:38:43.784] [268388] [debug] [scwx::qt::map::radar_product_layer] Data moments buffered in 0.000000s
[2026-05-20 22:38:43.784] [268388] [debug] [scwx::qt::map::radar_product_layer] CFP moments buffered in 0.000000s
[2026-05-20 22:38:53.404] [268467] [debug] [scwx::provider::aws_level2_chunks_data_provider] Refresh() in 0.410000s
[2026-05-20 22:38:53.405] [268486] [debug] [scwx::qt::view::level2_product_view] Computing Sweep
[2026-05-20 22:38:53.405] [268486] [debug] [scwx::qt::view::level2_product_view] ComputeCoordinates()
[2026-05-20 22:38:53.406] [268491] [debug] [scwx::qt::view::level2_product_view] Computing Sweep
[2026-05-20 22:38:53.406] [268491] [debug] [scwx::qt::view::level2_product_view] ComputeCoordinates()
[2026-05-20 22:38:53.406] [268490] [debug] [scwx::qt::view::level2_product_view] Computing Sweep
[2026-05-20 22:38:53.406] [268490] [debug] [scwx::qt::view::level2_product_view] ComputeCoordinates()
[2026-05-20 22:38:53.456] [268486] [debug] [scwx::qt::view::level2_product_view] Coordinates calculated in 0.050000s
[2026-05-20 22:38:53.476] [268490] [debug] [scwx::qt::view::level2_product_view] Coordinates calculated in 0.070000s
[2026-05-20 22:38:53.482] [268491] [debug] [scwx::qt::view::level2_product_view] Coordinates calculated in 0.070000s
[2026-05-20 22:38:53.488] [268486] [debug] [scwx::qt::view::level2_product_view] Vertices calculated in 0.030000s
[2026-05-20 22:38:53.491] [268490] [debug] [scwx::qt::view::level2_product_view] Vertices calculated in 0.010000s
[2026-05-20 22:38:53.496] [268491] [debug] [scwx::qt::view::level2_product_view] Vertices calculated in 0.020000s
[2026-05-20 22:38:53.764] [268388] [debug] [scwx::qt::map::radar_product_layer] UpdateSweep()
[2026-05-20 22:38:53.769] [268388] [debug] [scwx::qt::map::radar_product_layer] Vertices buffered in 0.000000s
[2026-05-20 22:38:53.770] [268388] [debug] [scwx::qt::map::radar_product_layer] Data moments buffered in 0.000000s
[2026-05-20 22:38:53.771] [268388] [debug] [scwx::qt::map::radar_product_layer] UpdateSweep()
[2026-05-20 22:38:53.772] [268388] [debug] [scwx::qt::map::radar_product_layer] Vertices buffered in 0.000000s
[2026-05-20 22:38:53.773] [268388] [debug] [scwx::qt::map::radar_product_layer] Data moments buffered in 0.000000s
[2026-05-20 22:38:53.773] [268388] [debug] [scwx::qt::map::radar_product_layer] UpdateSweep()
[2026-05-20 22:38:53.778] [268388] [debug] [scwx::qt::map::radar_product_layer] Vertices buffered in 0.000000s
[2026-05-20 22:38:53.778] [268388] [debug] [scwx::qt::map::radar_product_layer] Data moments buffered in 0.000000s
[2026-05-20 22:38:53.779] [268388] [debug] [scwx::qt::map::radar_product_layer] CFP moments buffered in 0.000000s
[2026-05-20 22:39:01.773] [268422] [debug] [scwx::provider::nws_api_provider] GetRadarStations
[2026-05-20 22:39:13.500] [268421] [debug] [scwx::network::ntp_client] Time offset updated: 0d 00:00:00.002318692
[2026-05-20 22:39:13.853] [268466] [debug] [scwx::provider::aws_level2_chunks_data_provider] Refresh() in 0.450000s
[2026-05-20 22:39:13.854] [268486] [debug] [scwx::qt::view::level2_product_view] Computing Sweep
[2026-05-20 22:39:13.854] [268486] [debug] [scwx::qt::view::level2_product_view] ComputeCoordinates()
[2026-05-20 22:39:13.858] [268490] [debug] [scwx::qt::view::level2_product_view] Computing Sweep
[2026-05-20 22:39:13.858] [268490] [debug] [scwx::qt::view::level2_product_view] ComputeCoordinates()
[2026-05-20 22:39:13.861] [268491] [debug] [scwx::qt::view::level2_product_view] Computing Sweep
[2026-05-20 22:39:13.861] [268491] [debug] [scwx::qt::view::level2_product_view] ComputeCoordinates()
[2026-05-20 22:39:13.911] [268486] [debug] [scwx::qt::view::level2_product_view] Coordinates calculated in 0.050000s
[2026-05-20 22:39:13.935] [268491] [debug] [scwx::qt::view::level2_product_view] Coordinates calculated in 0.080000s
[2026-05-20 22:39:13.935] [268490] [debug] [scwx::qt::view::level2_product_view] Coordinates calculated in 0.080000s
[2026-05-20 22:39:13.946] [268486] [debug] [scwx::qt::view::level2_product_view] Vertices calculated in 0.040000s
[2026-05-20 22:39:13.952] [268490] [debug] [scwx::qt::view::level2_product_view] Vertices calculated in 0.010000s
[2026-05-20 22:39:13.955] [268491] [debug] [scwx::qt::view::level2_product_view] Vertices calculated in 0.020000s
[2026-05-20 22:39:14.743] [268388] [debug] [scwx::qt::map::radar_product_layer] UpdateSweep()
[2026-05-20 22:39:14.747] [268388] [debug] [scwx::qt::map::radar_product_layer] Vertices buffered in 0.000000s
[2026-05-20 22:39:14.748] [268388] [debug] [scwx::qt::map::radar_product_layer] Data moments buffered in 0.000000s
[2026-05-20 22:39:14.750] [268388] [debug] [scwx::qt::map::radar_product_layer] UpdateSweep()
[2026-05-20 22:39:14.751] [268388] [debug] [scwx::qt::map::radar_product_layer] Vertices buffered in 0.000000s
[2026-05-20 22:39:14.751] [268388] [debug] [scwx::qt::map::radar_product_layer] Data moments buffered in 0.000000s
[2026-05-20 22:39:14.752] [268388] [debug] [scwx::qt::map::radar_product_layer] UpdateSweep()
[2026-05-20 22:39:14.756] [268388] [debug] [scwx::qt::map::radar_product_layer] Vertices buffered in 0.010000s
[2026-05-20 22:39:14.757] [268388] [debug] [scwx::qt::map::radar_product_layer] Data moments buffered in 0.000000s
[2026-05-20 22:39:14.757] [268388] [debug] [scwx::qt::map::radar_product_layer] CFP moments buffered in 0.000000s
[2026-05-20 22:39:18.185] [268467] [debug] [scwx::provider::aws_level2_chunks_data_provider] Refresh() in 0.190000s
[2026-05-20 22:39:18.185] [268486] [debug] [scwx::qt::view::level2_product_view] Computing Sweep
[2026-05-20 22:39:18.185] [268486] [debug] [scwx::qt::view::level2_product_view] ComputeCoordinates()
[2026-05-20 22:39:18.185] [268490] [debug] [scwx::qt::view::level2_product_view] Computing Sweep
[2026-05-20 22:39:18.185] [268490] [debug] [scwx::qt::view::level2_product_view] ComputeCoordinates()
[2026-05-20 22:39:18.185] [268491] [debug] [scwx::qt::view::level2_product_view] Computing Sweep
[2026-05-20 22:39:18.185] [268491] [debug] [scwx::qt::view::level2_product_view] ComputeCoordinates()
[2026-05-20 22:39:18.245] [268486] [debug] [scwx::qt::view::level2_product_view] Coordinates calculated in 0.060000s
[2026-05-20 22:39:18.255] [268491] [debug] [scwx::qt::view::level2_product_view] Coordinates calculated in 0.070000s
[2026-05-20 22:39:18.261] [268490] [debug] [scwx::qt::view::level2_product_view] Coordinates calculated in 0.070000s
[2026-05-20 22:39:18.277] [268490] [debug] [scwx::qt::view::level2_product_view] Vertices calculated in 0.020000s
[2026-05-20 22:39:18.279] [268486] [debug] [scwx::qt::view::level2_product_view] Vertices calculated in 0.030000s
[2026-05-20 22:39:18.280] [268491] [debug] [scwx::qt::view::level2_product_view] Vertices calculated in 0.020000s
[2026-05-20 22:39:18.735] [268388] [debug] [scwx::qt::map::radar_product_layer] UpdateSweep()
[2026-05-20 22:39:18.740] [268388] [debug] [scwx::qt::map::radar_product_layer] Vertices buffered in 0.000000s
[2026-05-20 22:39:18.741] [268388] [debug] [scwx::qt::map::radar_product_layer] Data moments buffered in 0.000000s
[2026-05-20 22:39:18.742] [268388] [debug] [scwx::qt::map::radar_product_layer] UpdateSweep()
[2026-05-20 22:39:18.743] [268388] [debug] [scwx::qt::map::radar_product_layer] Vertices buffered in 0.010000s
[2026-05-20 22:39:18.744] [268388] [debug] [scwx::qt::map::radar_product_layer] Data moments buffered in 0.000000s
[2026-05-20 22:39:18.744] [268388] [debug] [scwx::qt::map::radar_product_layer] UpdateSweep()
[2026-05-20 22:39:18.749] [268388] [debug] [scwx::qt::map::radar_product_layer] Vertices buffered in 0.000000s
[2026-05-20 22:39:18.749] [268388] [debug] [scwx::qt::map::radar_product_layer] Data moments buffered in 0.000000s
[2026-05-20 22:39:18.750] [268388] [debug] [scwx::qt::map::radar_product_layer] CFP moments buffered in 0.000000s
[2026-05-20 22:39:30.584] [268466] [debug] [scwx::provider::aws_level2_chunks_data_provider] Refresh() in 0.590000s
[2026-05-20 22:39:30.585] [268487] [debug] [scwx::qt::view::level2_product_view] Computing Sweep
[2026-05-20 22:39:30.585] [268487] [debug] [scwx::qt::view::level2_product_view] ComputeCoordinates()
[2026-05-20 22:39:30.611] [268487] [debug] [scwx::qt::view::level2_product_view] Coordinates calculated in 0.020000s
[2026-05-20 22:39:30.622] [268487] [debug] [scwx::qt::view::level2_product_view] Vertices calculated in 0.010000s
[2026-05-20 22:39:30.726] [268388] [debug] [scwx::qt::map::radar_product_layer] UpdateSweep()
[2026-05-20 22:39:30.729] [268388] [debug] [scwx::qt::map::radar_product_layer] Vertices buffered in 0.000000s
[2026-05-20 22:39:30.730] [268388] [debug] [scwx::qt::map::radar_product_layer] Data moments buffered in 0.000000s
[2026-05-20 22:39:51.150] [268467] [debug] [scwx::provider::aws_level2_chunks_data_provider] Refresh() in 0.560000s
[2026-05-20 22:39:51.150] [268487] [debug] [scwx::qt::view::level2_product_view] Computing Sweep
[2026-05-20 22:39:51.150] [268487] [debug] [scwx::qt::view::level2_product_view] ComputeCoordinates()
[2026-05-20 22:39:51.178] [268487] [debug] [scwx::qt::view::level2_product_view] Coordinates calculated in 0.030000s
[2026-05-20 22:39:51.189] [268487] [debug] [scwx::qt::view::level2_product_view] Vertices calculated in 0.010000s
[2026-05-20 22:39:51.709] [268388] [debug] [scwx::qt::map::radar_product_layer] UpdateSweep()
[2026-05-20 22:39:51.712] [268388] [debug] [scwx::qt::map::radar_product_layer] Vertices buffered in 0.000000s
[2026-05-20 22:39:51.713] [268388] [debug] [scwx::qt::map::radar_product_layer] Data moments buffered in 0.010000s
[2026-05-20 22:39:54.214] [268467] [debug] [scwx::provider::aws_level2_chunks_data_provider] Refresh() in 0.070000s
[2026-05-20 22:39:57.365] [268467] [debug] [scwx::provider::aws_level2_chunks_data_provider] Refresh() in 0.150000s
[2026-05-20 22:40:01.885] [268422] [debug] [scwx::provider::nws_api_provider] GetRadarStations
[2026-05-20 22:40:02.509] [268469] [debug] [scwx::provider::aws_nexrad_data_provider] Refresh()
[2026-05-20 22:40:02.509] [268469] [debug] [scwx::provider::aws_nexrad_data_provider] ListObjects: INX_NST_2026_05_20_
[2026-05-20 22:40:02.777] [268469] [debug] [scwx::provider::aws_nexrad_data_provider] Found 123 objects
[2026-05-20 22:40:02.777] [268469] [debug] [scwx::provider::aws_nexrad_data_provider] ListObjects: INX_NST_2026_05_21_
[2026-05-20 22:40:02.843] [268469] [debug] [scwx::provider::aws_nexrad_data_provider] Found 0 objects
[2026-05-20 22:40:02.843] [268469] [debug] [scwx::provider::aws_nexrad_data_provider] FindLatestKey()
[2026-05-20 22:40:10.338] [268466] [debug] [scwx::provider::aws_level2_chunks_data_provider] Refresh() in 0.340000s
[2026-05-20 22:40:13.596] [268467] [debug] [scwx::provider::aws_level2_chunks_data_provider] Refresh() in 0.260000s
[2026-05-20 22:40:17.531] [268420] [debug] [scwx::network::ntp_client] Time offset updated: 0d 00:00:00.000664873
[2026-05-20 22:40:34.256] [268466] [debug] [scwx::provider::aws_level2_chunks_data_provider] Refresh() in 0.660000s
[2026-05-20 22:40:45.428] [268467] [debug] [scwx::provider::aws_level2_chunks_data_provider] Refresh() in 0.430000s
[2026-05-20 22:40:55.404] [268466] [debug] [scwx::provider::aws_level2_chunks_data_provider] Refresh() in 0.410000s
[2026-05-20 22:41:01.991] [268422] [debug] [scwx::provider::nws_api_provider] GetRadarStations
[2026-05-20 22:41:16.026] [268467] [debug] [scwx::provider::aws_level2_chunks_data_provider] Refresh() in 0.620000s
[2026-05-20 22:41:19.165] [268467] [debug] [scwx::provider::aws_level2_chunks_data_provider] Refresh() in 0.140000s
[2026-05-20 22:41:21.563] [268421] [debug] [scwx::network::ntp_client] Time offset updated: -0d 00:00:00.000686303
[2026-05-20 22:41:23.140] [268466] [debug] [scwx::provider::aws_level2_chunks_data_provider] Refresh() in 0.140000s
[2026-05-20 22:41:28.061] [268467] [debug] [scwx::provider::aws_level2_chunks_data_provider] Refresh() in 0.060000s
[2026-05-20 22:41:31.146] [268467] [debug] [scwx::provider::aws_level2_chunks_data_provider] Refresh() in 0.090000s
[2026-05-20 22:41:34.290] [268467] [debug] [scwx::provider::aws_level2_chunks_data_provider] Refresh() in 0.140000s
[2026-05-20 22:41:45.526] [268466] [debug] [scwx::provider::aws_level2_chunks_data_provider] Refresh() in 0.530000s
[2026-05-20 22:42:02.103] [268422] [debug] [scwx::provider::nws_api_provider] GetRadarStations
[2026-05-20 22:42:02.843] [268468] [debug] [scwx::provider::aws_nexrad_data_provider] Refresh()
[2026-05-20 22:42:02.843] [268468] [debug] [scwx::provider::aws_nexrad_data_provider] ListObjects: INX_NST_2026_05_20_
[2026-05-20 22:42:03.105] [268468] [debug] [scwx::provider::aws_nexrad_data_provider] Found 123 objects
[2026-05-20 22:42:03.105] [268468] [debug] [scwx::provider::aws_nexrad_data_provider] ListObjects: INX_NST_2026_05_21_
[2026-05-20 22:42:03.174] [268468] [debug] [scwx::provider::aws_nexrad_data_provider] Found 0 objects
[2026-05-20 22:42:03.174] [268468] [debug] [scwx::provider::aws_nexrad_data_provider] FindLatestKey()
[2026-05-20 22:42:06.037] [268467] [debug] [scwx::provider::aws_level2_chunks_data_provider] Refresh() in 0.510000s
[2026-05-20 22:42:25.602] [268420] [debug] [scwx::network::ntp_client] Time offset updated: 0d 00:00:00.002378239
[2026-05-20 22:42:26.703] [268466] [debug] [scwx::provider::aws_level2_chunks_data_provider] Refresh() in 0.660000s
[2026-05-20 22:42:47.307] [268466] [debug] [scwx::provider::aws_level2_chunks_data_provider] Refresh() in 0.610000s
[2026-05-20 22:42:50.471] [268466] [debug] [scwx::provider::aws_level2_chunks_data_provider] Refresh() in 0.160000s
[2026-05-20 22:43:02.203] [268422] [debug] [scwx::provider::nws_api_provider] GetRadarStations
[2026-05-20 22:43:10.928] [268466] [debug] [scwx::provider::aws_level2_chunks_data_provider] Refresh() in 0.460000s
[2026-05-20 22:43:10.977] [268490] [debug] [scwx::qt::view::level2_product_view] Computing Sweep
[2026-05-20 22:43:10.977] [268490] [debug] [scwx::qt::view::level2_product_view] ComputeCoordinates()
[2026-05-20 22:43:10.978] [268486] [debug] [scwx::qt::view::level2_product_view] Computing Sweep
[2026-05-20 22:43:10.978] [268486] [debug] [scwx::qt::view::level2_product_view] ComputeCoordinates()
[2026-05-20 22:43:10.979] [268491] [debug] [scwx::qt::view::level2_product_view] Computing Sweep
[2026-05-20 22:43:10.979] [268491] [debug] [scwx::qt::view::level2_product_view] ComputeCoordinates()
[2026-05-20 22:43:11.056] [268490] [debug] [scwx::qt::view::level2_product_view] Coordinates calculated in 0.080000s
[2026-05-20 22:43:11.061] [268491] [debug] [scwx::qt::view::level2_product_view] Coordinates calculated in 0.080000s
[2026-05-20 22:43:11.069] [268486] [debug] [scwx::qt::view::level2_product_view] Coordinates calculated in 0.090000s
[2026-05-20 22:43:11.080] [268490] [debug] [scwx::qt::view::level2_product_view] Vertices calculated in 0.020000s
[2026-05-20 22:43:11.086] [268491] [debug] [scwx::qt::view::level2_product_view] Vertices calculated in 0.030000s
[2026-05-20 22:43:11.094] [268486] [debug] [scwx::qt::view::level2_product_view] Vertices calculated in 0.030000s
[2026-05-20 22:43:11.689] [268388] [debug] [scwx::qt::map::radar_product_layer] UpdateSweep()
[2026-05-20 22:43:11.694] [268388] [debug] [scwx::qt::map::radar_product_layer] Vertices buffered in 0.010000s
[2026-05-20 22:43:11.695] [268388] [debug] [scwx::qt::map::radar_product_layer] Data moments buffered in 0.000000s
[2026-05-20 22:43:11.697] [268388] [debug] [scwx::qt::map::radar_product_layer] UpdateSweep()
[2026-05-20 22:43:11.697] [268388] [debug] [scwx::qt::map::radar_product_layer] Vertices buffered in 0.000000s
[2026-05-20 22:43:11.698] [268388] [debug] [scwx::qt::map::radar_product_layer] Data moments buffered in 0.000000s
[2026-05-20 22:43:11.699] [268388] [debug] [scwx::qt::map::radar_product_layer] UpdateSweep()
[2026-05-20 22:43:11.703] [268388] [debug] [scwx::qt::map::radar_product_layer] Vertices buffered in 0.010000s
[2026-05-20 22:43:11.704] [268388] [debug] [scwx::qt::map::radar_product_layer] Data moments buffered in 0.000000s
[2026-05-20 22:43:11.705] [268388] [debug] [scwx::qt::map::radar_product_layer] CFP moments buffered in 0.000000s
[2026-05-20 22:43:20.395] [268467] [debug] [scwx::provider::aws_level2_chunks_data_provider] Refresh() in 0.400000s
[2026-05-20 22:43:20.396] [268486] [debug] [scwx::qt::view::level2_product_view] Computing Sweep
[2026-05-20 22:43:20.396] [268486] [debug] [scwx::qt::view::level2_product_view] ComputeCoordinates()
[2026-05-20 22:43:20.397] [268490] [debug] [scwx::qt::view::level2_product_view] Computing Sweep
[2026-05-20 22:43:20.397] [268490] [debug] [scwx::qt::view::level2_product_view] ComputeCoordinates()
[2026-05-20 22:43:20.400] [268491] [debug] [scwx::qt::view::level2_product_view] Computing Sweep
[2026-05-20 22:43:20.400] [268491] [debug] [scwx::qt::view::level2_product_view] ComputeCoordinates()
[2026-05-20 22:43:20.451] [268486] [debug] [scwx::qt::view::level2_product_view] Coordinates calculated in 0.050000s
[2026-05-20 22:43:20.473] [268491] [debug] [scwx::qt::view::level2_product_view] Coordinates calculated in 0.070000s
[2026-05-20 22:43:20.474] [268490] [debug] [scwx::qt::view::level2_product_view] Coordinates calculated in 0.080000s
[2026-05-20 22:43:20.483] [268486] [debug] [scwx::qt::view::level2_product_view] Vertices calculated in 0.030000s
[2026-05-20 22:43:20.490] [268490] [debug] [scwx::qt::view::level2_product_view] Vertices calculated in 0.010000s
[2026-05-20 22:43:20.492] [268491] [debug] [scwx::qt::view::level2_product_view] Vertices calculated in 0.010000s
[2026-05-20 22:43:20.686] [268388] [debug] [scwx::qt::map::radar_product_layer] UpdateSweep()
[2026-05-20 22:43:20.690] [268388] [debug] [scwx::qt::map::radar_product_layer] Vertices buffered in 0.000000s
[2026-05-20 22:43:20.695] [268388] [debug] [scwx::qt::map::radar_product_layer] Data moments buffered in 0.010000s
[2026-05-20 22:43:20.696] [268388] [debug] [scwx::qt::map::radar_product_layer] UpdateSweep()
[2026-05-20 22:43:20.697] [268388] [debug] [scwx::qt::map::radar_product_layer] Vertices buffered in 0.000000s
[2026-05-20 22:43:20.698] [268388] [debug] [scwx::qt::map::radar_product_layer] Data moments buffered in 0.000000s
[2026-05-20 22:43:20.698] [268388] [debug] [scwx::qt::map::radar_product_layer] UpdateSweep()
[2026-05-20 22:43:20.703] [268388] [debug] [scwx::qt::map::radar_product_layer] Vertices buffered in 0.000000s
[2026-05-20 22:43:20.703] [268388] [debug] [scwx::qt::map::radar_product_layer] Data moments buffered in 0.010000s
[2026-05-20 22:43:20.704] [268388] [debug] [scwx::qt::map::radar_product_layer] CFP moments buffered in 0.000000s
[2026-05-20 22:43:29.639] [268421] [debug] [scwx::network::ntp_client] Time offset updated: 0d 00:00:00.003959023
[2026-05-20 22:43:31.406] [268466] [debug] [scwx::provider::aws_level2_chunks_data_provider] Refresh() in 0.410000s
[2026-05-20 22:43:31.407] [268486] [debug] [scwx::qt::view::level2_product_view] Computing Sweep
[2026-05-20 22:43:31.407] [268486] [debug] [scwx::qt::view::level2_product_view] ComputeCoordinates()
[2026-05-20 22:43:31.408] [268490] [debug] [scwx::qt::view::level2_product_view] Computing Sweep
[2026-05-20 22:43:31.408] [268490] [debug] [scwx::qt::view::level2_product_view] ComputeCoordinates()
[2026-05-20 22:43:31.411] [268491] [debug] [scwx::qt::view::level2_product_view] Computing Sweep
[2026-05-20 22:43:31.411] [268491] [debug] [scwx::qt::view::level2_product_view] ComputeCoordinates()
[2026-05-20 22:43:31.458] [268486] [debug] [scwx::qt::view::level2_product_view] Coordinates calculated in 0.050000s
[2026-05-20 22:43:31.483] [268491] [debug] [scwx::qt::view::level2_product_view] Coordinates calculated in 0.070000s
[2026-05-20 22:43:31.484] [268490] [debug] [scwx::qt::view::level2_product_view] Coordinates calculated in 0.080000s
[2026-05-20 22:43:31.491] [268486] [debug] [scwx::qt::view::level2_product_view] Vertices calculated in 0.030000s
[2026-05-20 22:43:31.500] [268490] [debug] [scwx::qt::view::level2_product_view] Vertices calculated in 0.010000s
[2026-05-20 22:43:31.500] [268491] [debug] [scwx::qt::view::level2_product_view] Vertices calculated in 0.020000s
[2026-05-20 22:43:31.686] [268388] [debug] [scwx::qt::map::radar_product_layer] UpdateSweep()
[2026-05-20 22:43:31.691] [268388] [debug] [scwx::qt::map::radar_product_layer] Vertices buffered in 0.000000s
[2026-05-20 22:43:31.692] [268388] [debug] [scwx::qt::map::radar_product_layer] Data moments buffered in 0.000000s
[2026-05-20 22:43:31.693] [268388] [debug] [scwx::qt::map::radar_product_layer] UpdateSweep()
[2026-05-20 22:43:31.694] [268388] [debug] [scwx::qt::map::radar_product_layer] Vertices buffered in 0.000000s
[2026-05-20 22:43:31.695] [268388] [debug] [scwx::qt::map::radar_product_layer] Data moments buffered in 0.000000s
[2026-05-20 22:43:31.695] [268388] [debug] [scwx::qt::map::radar_product_layer] UpdateSweep()
[2026-05-20 22:43:31.700] [268388] [debug] [scwx::qt::map::radar_product_layer] Vertices buffered in 0.000000s
[2026-05-20 22:43:31.700] [268388] [debug] [scwx::qt::map::radar_product_layer] Data moments buffered in 0.000000s
[2026-05-20 22:43:31.701] [268388] [debug] [scwx::qt::map::radar_product_layer] CFP moments buffered in 0.000000s
[2026-05-20 22:43:51.838] [268466] [debug] [scwx::provider::aws_level2_chunks_data_provider] Refresh() in 0.430000s
[2026-05-20 22:43:51.839] [268486] [debug] [scwx::qt::view::level2_product_view] Computing Sweep
[2026-05-20 22:43:51.839] [268486] [debug] [scwx::qt::view::level2_product_view] ComputeCoordinates()
[2026-05-20 22:43:51.840] [268491] [debug] [scwx::qt::view::level2_product_view] Computing Sweep
[2026-05-20 22:43:51.840] [268491] [debug] [scwx::qt::view::level2_product_view] ComputeCoordinates()
[2026-05-20 22:43:51.844] [268490] [debug] [scwx::qt::view::level2_product_view] Computing Sweep
[2026-05-20 22:43:51.844] [268490] [debug] [scwx::qt::view::level2_product_view] ComputeCoordinates()
[2026-05-20 22:43:51.900] [268486] [debug] [scwx::qt::view::level2_product_view] Coordinates calculated in 0.060000s
[2026-05-20 22:43:51.921] [268490] [debug] [scwx::qt::view::level2_product_view] Coordinates calculated in 0.070000s
[2026-05-20 22:43:51.921] [268491] [debug] [scwx::qt::view::level2_product_view] Coordinates calculated in 0.080000s
[2026-05-20 22:43:51.934] [268486] [debug] [scwx::qt::view::level2_product_view] Vertices calculated in 0.040000s
[2026-05-20 22:43:51.940] [268490] [debug] [scwx::qt::view::level2_product_view] Vertices calculated in 0.020000s
[2026-05-20 22:43:51.941] [268491] [debug] [scwx::qt::view::level2_product_view] Vertices calculated in 0.020000s
[2026-05-20 22:43:52.680] [268388] [debug] [scwx::qt::map::radar_product_layer] UpdateSweep()
[2026-05-20 22:43:52.685] [268388] [debug] [scwx::qt::map::radar_product_layer] Vertices buffered in 0.010000s
[2026-05-20 22:43:52.686] [268388] [debug] [scwx::qt::map::radar_product_layer] Data moments buffered in 0.000000s
[2026-05-20 22:43:52.687] [268388] [debug] [scwx::qt::map::radar_product_layer] UpdateSweep()
[2026-05-20 22:43:52.688] [268388] [debug] [scwx::qt::map::radar_product_layer] Vertices buffered in 0.000000s
[2026-05-20 22:43:52.688] [268388] [debug] [scwx::qt::map::radar_product_layer] Data moments buffered in 0.000000s
[2026-05-20 22:43:52.689] [268388] [debug] [scwx::qt::map::radar_product_layer] UpdateSweep()
[2026-05-20 22:43:52.690] [268388] [debug] [scwx::qt::map::radar_product_layer] Vertices buffered in 0.000000s
[2026-05-20 22:43:52.691] [268388] [debug] [scwx::qt::map::radar_product_layer] Data moments buffered in 0.000000s
[2026-05-20 22:43:52.691] [268388] [debug] [scwx::qt::map::radar_product_layer] CFP moments buffered in 0.000000s
[2026-05-20 22:43:54.990] [268467] [debug] [scwx::provider::aws_level2_chunks_data_provider] Refresh() in 0.150000s
[2026-05-20 22:43:54.991] [268486] [debug] [scwx::qt::view::level2_product_view] Computing Sweep
[2026-05-20 22:43:54.991] [268486] [debug] [scwx::qt::view::level2_product_view] ComputeCoordinates()
[2026-05-20 22:43:54.993] [268491] [debug] [scwx::qt::view::level2_product_view] Computing Sweep
[2026-05-20 22:43:54.993] [268491] [debug] [scwx::qt::view::level2_product_view] ComputeCoordinates()
[2026-05-20 22:43:54.996] [268490] [debug] [scwx::qt::view::level2_product_view] Computing Sweep
[2026-05-20 22:43:54.996] [268490] [debug] [scwx::qt::view::level2_product_view] ComputeCoordinates()
[2026-05-20 22:43:55.049] [268486] [debug] [scwx::qt::view::level2_product_view] Coordinates calculated in 0.060000s
[2026-05-20 22:43:55.069] [268486] [debug] [scwx::qt::view::level2_product_view] Vertices calculated in 0.020000s
[2026-05-20 22:43:55.075] [268490] [debug] [scwx::qt::view::level2_product_view] Coordinates calculated in 0.080000s
[2026-05-20 22:43:55.077] [268491] [debug] [scwx::qt::view::level2_product_view] Coordinates calculated in 0.090000s
[2026-05-20 22:43:55.089] [268490] [debug] [scwx::qt::view::level2_product_view] Vertices calculated in 0.010000s
[2026-05-20 22:43:55.093] [268491] [debug] [scwx::qt::view::level2_product_view] Vertices calculated in 0.010000s
[2026-05-20 22:43:55.681] [268388] [debug] [scwx::qt::map::radar_product_layer] UpdateSweep()
[2026-05-20 22:43:55.685] [268388] [debug] [scwx::qt::map::radar_product_layer] Vertices buffered in 0.010000s
[2026-05-20 22:43:55.686] [268388] [debug] [scwx::qt::map::radar_product_layer] Data moments buffered in 0.000000s
[2026-05-20 22:43:55.688] [268388] [debug] [scwx::qt::map::radar_product_layer] UpdateSweep()
[2026-05-20 22:43:55.689] [268388] [debug] [scwx::qt::map::radar_product_layer] Vertices buffered in 0.000000s
[2026-05-20 22:43:55.689] [268388] [debug] [scwx::qt::map::radar_product_layer] Data moments buffered in 0.000000s
[2026-05-20 22:43:55.690] [268388] [debug] [scwx::qt::map::radar_product_layer] UpdateSweep()
[2026-05-20 22:43:55.691] [268388] [debug] [scwx::qt::map::radar_product_layer] Vertices buffered in 0.000000s
[2026-05-20 22:43:55.691] [268388] [debug] [scwx::qt::map::radar_product_layer] Data moments buffered in 0.000000s
[2026-05-20 22:43:55.692] [268388] [debug] [scwx::qt::map::radar_product_layer] CFP moments buffered in 0.000000s
[2026-05-20 22:44:02.319] [268422] [debug] [scwx::provider::nws_api_provider] GetRadarStations
[2026-05-20 22:44:03.174] [268469] [debug] [scwx::provider::aws_nexrad_data_provider] Refresh()
[2026-05-20 22:44:03.174] [268469] [debug] [scwx::provider::aws_nexrad_data_provider] ListObjects: INX_NST_2026_05_20_
[2026-05-20 22:44:03.426] [268469] [debug] [scwx::provider::aws_nexrad_data_provider] Found 123 objects
[2026-05-20 22:44:03.426] [268469] [debug] [scwx::provider::aws_nexrad_data_provider] ListObjects: INX_NST_2026_05_21_
[2026-05-20 22:44:03.488] [268469] [debug] [scwx::provider::aws_nexrad_data_provider] Found 0 objects
[2026-05-20 22:44:03.488] [268469] [debug] [scwx::provider::aws_nexrad_data_provider] FindLatestKey()
[2026-05-20 22:44:15.539] [268466] [debug] [scwx::provider::aws_level2_chunks_data_provider] Refresh() in 0.550000s
[2026-05-20 22:44:15.539] [268486] [debug] [scwx::qt::view::level2_product_view] Computing Sweep
[2026-05-20 22:44:15.539] [268486] [debug] [scwx::qt::view::level2_product_view] ComputeCoordinates()
[2026-05-20 22:44:15.539] [268490] [debug] [scwx::qt::view::level2_product_view] Computing Sweep
[2026-05-20 22:44:15.539] [268490] [debug] [scwx::qt::view::level2_product_view] ComputeCoordinates()
[2026-05-20 22:44:15.543] [268491] [debug] [scwx::qt::view::level2_product_view] Computing Sweep
[2026-05-20 22:44:15.543] [268491] [debug] [scwx::qt::view::level2_product_view] ComputeCoordinates()
[2026-05-20 22:44:15.546] [268487] [debug] [scwx::qt::view::level2_product_view] Computing Sweep
[2026-05-20 22:44:15.546] [268487] [debug] [scwx::qt::view::level2_product_view] ComputeCoordinates()
[2026-05-20 22:44:15.589] [268486] [debug] [scwx::qt::view::level2_product_view] Coordinates calculated in 0.050000s
[2026-05-20 22:44:15.619] [268486] [debug] [scwx::qt::view::level2_product_view] Vertices calculated in 0.030000s
[2026-05-20 22:44:15.642] [268490] [debug] [scwx::qt::view::level2_product_view] Coordinates calculated in 0.100000s
[2026-05-20 22:44:15.645] [268487] [debug] [scwx::qt::view::level2_product_view] Coordinates calculated in 0.100000s
[2026-05-20 22:44:15.647] [268491] [debug] [scwx::qt::view::level2_product_view] Coordinates calculated in 0.100000s
[2026-05-20 22:44:15.661] [268490] [debug] [scwx::qt::view::level2_product_view] Vertices calculated in 0.020000s
[2026-05-20 22:44:15.662] [268487] [debug] [scwx::qt::view::level2_product_view] Vertices calculated in 0.010000s
[2026-05-20 22:44:15.666] [268491] [debug] [scwx::qt::view::level2_product_view] Vertices calculated in 0.020000s
[2026-05-20 22:44:15.681] [268388] [debug] [scwx::qt::map::radar_product_layer] UpdateSweep()
[2026-05-20 22:44:15.685] [268388] [debug] [scwx::qt::map::radar_product_layer] Vertices buffered in 0.010000s
[2026-05-20 22:44:15.686] [268388] [debug] [scwx::qt::map::radar_product_layer] Data moments buffered in 0.000000s
[2026-05-20 22:44:15.688] [268388] [debug] [scwx::qt::map::radar_product_layer] UpdateSweep()
[2026-05-20 22:44:15.688] [268388] [debug] [scwx::qt::map::radar_product_layer] Vertices buffered in 0.000000s
[2026-05-20 22:44:15.691] [268388] [debug] [scwx::qt::map::radar_product_layer] Data moments buffered in 0.000000s
[2026-05-20 22:44:15.692] [268388] [debug] [scwx::qt::map::radar_product_layer] UpdateSweep()
[2026-05-20 22:44:15.693] [268388] [debug] [scwx::qt::map::radar_product_layer] Vertices buffered in 0.000000s
[2026-05-20 22:44:15.693] [268388] [debug] [scwx::qt::map::radar_product_layer] Data moments buffered in 0.000000s
[2026-05-20 22:44:15.693] [268388] [debug] [scwx::qt::map::radar_product_layer] UpdateSweep()
[2026-05-20 22:44:15.698] [268388] [debug] [scwx::qt::map::radar_product_layer] Vertices buffered in 0.000000s
[2026-05-20 22:44:15.698] [268388] [debug] [scwx::qt::map::radar_product_layer] Data moments buffered in 0.000000s
[2026-05-20 22:44:15.699] [268388] [debug] [scwx::qt::map::radar_product_layer] CFP moments buffered in 0.000000s
[2026-05-20 22:44:33.672] [268420] [debug] [scwx::network::ntp_client] Time offset updated: 0d 00:00:00.000965531
[2026-05-20 22:44:36.229] [268466] [debug] [scwx::provider::aws_level2_chunks_data_provider] Refresh() in 0.690000s
[2026-05-20 22:44:36.229] [268487] [debug] [scwx::qt::view::level2_product_view] Computing Sweep
[2026-05-20 22:44:36.229] [268487] [debug] [scwx::qt::view::level2_product_view] ComputeCoordinates()
[2026-05-20 22:44:36.256] [268487] [debug] [scwx::qt::view::level2_product_view] Coordinates calculated in 0.030000s
[2026-05-20 22:44:36.265] [268487] [debug] [scwx::qt::view::level2_product_view] Vertices calculated in 0.010000s
[2026-05-20 22:44:36.674] [268388] [debug] [scwx::qt::map::radar_product_layer] UpdateSweep()
[2026-05-20 22:44:36.678] [268388] [debug] [scwx::qt::map::radar_product_layer] Vertices buffered in 0.000000s
[2026-05-20 22:44:36.679] [268388] [debug] [scwx::qt::map::radar_product_layer] Data moments buffered in 0.000000s
[2026-05-20 22:44:39.370] [268466] [debug] [scwx::provider::aws_level2_chunks_data_provider] Refresh() in 0.140000s
[2026-05-20 22:44:59.856] [268466] [debug] [scwx::provider::aws_level2_chunks_data_provider] Refresh() in 0.490000s
[2026-05-20 22:45:02.421] [268422] [debug] [scwx::provider::nws_api_provider] GetRadarStations
[2026-05-20 22:45:03.153] [268466] [debug] [scwx::provider::aws_level2_chunks_data_provider] Refresh() in 0.160000s
[2026-05-20 22:45:23.750] [268467] [debug] [scwx::provider::aws_level2_chunks_data_provider] Refresh() in 0.590000s
[2026-05-20 22:45:37.704] [268421] [debug] [scwx::network::ntp_client] Time offset updated: 0d 00:00:00.002600164
[2026-05-20 22:45:44.268] [268467] [debug] [scwx::provider::aws_level2_chunks_data_provider] Refresh() in 0.520000s
[2026-05-20 22:46:02.531] [268422] [debug] [scwx::provider::nws_api_provider] GetRadarStations
[2026-05-20 22:46:03.488] [268469] [debug] [scwx::provider::aws_nexrad_data_provider] Refresh()
[2026-05-20 22:46:03.488] [268469] [debug] [scwx::provider::aws_nexrad_data_provider] ListObjects: INX_NST_2026_05_20_
[2026-05-20 22:46:03.762] [268469] [debug] [scwx::provider::aws_nexrad_data_provider] Found 123 objects
[2026-05-20 22:46:03.762] [268469] [debug] [scwx::provider::aws_nexrad_data_provider] ListObjects: INX_NST_2026_05_21_
[2026-05-20 22:46:03.828] [268469] [debug] [scwx::provider::aws_nexrad_data_provider] Found 0 objects
[2026-05-20 22:46:03.828] [268469] [debug] [scwx::provider::aws_nexrad_data_provider] FindLatestKey()
[2026-05-20 22:46:04.792] [268466] [debug] [scwx::provider::aws_level2_chunks_data_provider] Refresh() in 0.520000s
[2026-05-20 22:46:25.254] [268466] [debug] [scwx::provider::aws_level2_chunks_data_provider] Refresh() in 0.470000s
[2026-05-20 22:46:37.998] [268464] [debug] [scwx::provider::aws_nexrad_data_provider] Refresh()
[2026-05-20 22:46:37.998] [268464] [debug] [scwx::provider::aws_nexrad_data_provider] ListObjects: 2026/05/21/KINX/
[2026-05-20 22:46:38.258] [268464] [debug] [scwx::provider::aws_nexrad_data_provider] Found 29 objects
[2026-05-20 22:46:38.258] [268464] [debug] [scwx::provider::aws_nexrad_data_provider] FindLatestKey()
[2026-05-20 22:46:38.258] [268461] [debug] [scwx::provider::aws_nexrad_data_provider] FindKey: 2026-05-21 03:38:02 UTC
[2026-05-20 22:46:38.788] [268461] [debug] [scwx::wsr88d::ar2v_file] Loading Data
[2026-05-20 22:46:38.788] [268461] [debug] [scwx::wsr88d::ar2v_file] Filename:  AR2V0006.
[2026-05-20 22:46:38.788] [268461] [debug] [scwx::wsr88d::ar2v_file] Extension: 257
[2026-05-20 22:46:38.788] [268461] [debug] [scwx::wsr88d::ar2v_file] Date:      20595 (2026-05-21)
[2026-05-20 22:46:38.788] [268461] [debug] [scwx::wsr88d::ar2v_file] Time:      13082707 (03:38:02.707000000)
[2026-05-20 22:46:38.788] [268461] [debug] [scwx::wsr88d::ar2v_file] ICAO:      KINX
[2026-05-20 22:46:39.420] [268462] [debug] [scwx::qt::manager::radar_product_manager] Level 2 product previously loaded, loading from cache
[2026-05-20 22:46:39.420] [268463] [debug] [scwx::qt::manager::radar_product_manager] Level 2 product previously loaded, loading from cache
[2026-05-20 22:46:39.420] [268460] [debug] [scwx::qt::manager::radar_product_manager] Level 2 product previously loaded, loading from cache
[2026-05-20 22:46:41.736] [268420] [debug] [scwx::network::ntp_client] Time offset updated: 0d 00:00:00.000216674
[2026-05-20 22:46:45.857] [268467] [debug] [scwx::provider::aws_level2_chunks_data_provider] Refresh() in 0.600000s
[2026-05-20 22:46:49.195] [275560] [debug] [scwx::wsr88d::ar2v_file] Loading Data
[2026-05-20 22:46:49.195] [275560] [debug] [scwx::wsr88d::ar2v_file] Filename:  AR2V0006.
[2026-05-20 22:46:49.195] [275560] [debug] [scwx::wsr88d::ar2v_file] Extension: 258
[2026-05-20 22:46:49.195] [275560] [debug] [scwx::wsr88d::ar2v_file] Date:      20595 (2026-05-21)
[2026-05-20 22:46:49.195] [275560] [debug] [scwx::wsr88d::ar2v_file] Time:      13605599 (03:46:45.599000000)
[2026-05-20 22:46:49.195] [275560] [debug] [scwx::wsr88d::ar2v_file] ICAO:      KINX
[2026-05-20 22:46:49.196] [268467] [debug] [scwx::provider::aws_level2_chunks_data_provider] Refresh() in 0.340000s
[2026-05-20 22:47:02.636] [268422] [debug] [scwx::provider::nws_api_provider] GetRadarStations
[2026-05-20 22:47:09.646] [268467] [debug] [scwx::provider::aws_level2_chunks_data_provider] Refresh() in 0.450000s
[2026-05-20 22:47:09.647] [268486] [debug] [scwx::qt::view::level2_product_view] Computing Sweep
[2026-05-20 22:47:09.647] [268486] [debug] [scwx::qt::view::level2_product_view] ComputeCoordinates()
[2026-05-20 22:47:09.648] [268490] [debug] [scwx::qt::view::level2_product_view] Computing Sweep
[2026-05-20 22:47:09.648] [268490] [debug] [scwx::qt::view::level2_product_view] ComputeCoordinates()
[2026-05-20 22:47:09.649] [268491] [debug] [scwx::qt::view::level2_product_view] Computing Sweep
[2026-05-20 22:47:09.649] [268491] [debug] [scwx::qt::view::level2_product_view] ComputeCoordinates()
[2026-05-20 22:47:09.716] [268486] [debug] [scwx::qt::view::level2_product_view] Coordinates calculated in 0.070000s
[2026-05-20 22:47:09.726] [268491] [debug] [scwx::qt::view::level2_product_view] Coordinates calculated in 0.080000s
[2026-05-20 22:47:09.731] [268490] [debug] [scwx::qt::view::level2_product_view] Coordinates calculated in 0.080000s
[2026-05-20 22:47:09.738] [268486] [debug] [scwx::qt::view::level2_product_view] Vertices calculated in 0.020000s
[2026-05-20 22:47:09.742] [268388] [debug] [scwx::qt::map::radar_product_layer] UpdateSweep()
[2026-05-20 22:47:09.746] [268491] [debug] [scwx::qt::view::level2_product_view] Vertices calculated in 0.020000s
[2026-05-20 22:47:09.747] [268388] [debug] [scwx::qt::map::radar_product_layer] Vertices buffered in 0.010000s
[2026-05-20 22:47:09.748] [268388] [debug] [scwx::qt::map::radar_product_layer] Data moments buffered in 0.000000s
[2026-05-20 22:47:09.750] [268490] [debug] [scwx::qt::view::level2_product_view] Vertices calculated in 0.020000s
[2026-05-20 22:47:09.751] [268388] [debug] [scwx::qt::map::radar_product_layer] CFP moments buffered in 0.000000s
[2026-05-20 22:47:10.647] [268388] [debug] [scwx::qt::map::radar_product_layer] UpdateSweep()
[2026-05-20 22:47:10.648] [268388] [debug] [scwx::qt::map::radar_product_layer] Vertices buffered in 0.000000s
[2026-05-20 22:47:10.649] [268388] [debug] [scwx::qt::map::radar_product_layer] Data moments buffered in 0.000000s
[2026-05-20 22:47:10.650] [268388] [debug] [scwx::qt::map::radar_product_layer] UpdateSweep()
[2026-05-20 22:47:10.651] [268388] [debug] [scwx::qt::map::radar_product_layer] Vertices buffered in 0.000000s
[2026-05-20 22:47:10.651] [268388] [debug] [scwx::qt::map::radar_product_layer] Data moments buffered in 0.000000s
[2026-05-20 22:47:12.795] [268466] [debug] [scwx::provider::aws_level2_chunks_data_provider] Refresh() in 0.150000s
[2026-05-20 22:47:12.796] [268486] [debug] [scwx::qt::view::level2_product_view] Computing Sweep
[2026-05-20 22:47:12.796] [268486] [debug] [scwx::qt::view::level2_product_view] ComputeCoordinates()
[2026-05-20 22:47:12.797] [268491] [debug] [scwx::qt::view::level2_product_view] Computing Sweep
[2026-05-20 22:47:12.797] [268491] [debug] [scwx::qt::view::level2_product_view] ComputeCoordinates()
[2026-05-20 22:47:12.800] [268490] [debug] [scwx::qt::view::level2_product_view] Computing Sweep
[2026-05-20 22:47:12.800] [268490] [debug] [scwx::qt::view::level2_product_view] ComputeCoordinates()
[2026-05-20 22:47:12.843] [268486] [debug] [scwx::qt::view::level2_product_view] Coordinates calculated in 0.050000s
[2026-05-20 22:47:12.874] [268491] [debug] [scwx::qt::view::level2_product_view] Coordinates calculated in 0.080000s
[2026-05-20 22:47:12.875] [268490] [debug] [scwx::qt::view::level2_product_view] Coordinates calculated in 0.080000s
[2026-05-20 22:47:12.877] [268486] [debug] [scwx::qt::view::level2_product_view] Vertices calculated in 0.030000s
[2026-05-20 22:47:12.889] [268491] [debug] [scwx::qt::view::level2_product_view] Vertices calculated in 0.010000s
[2026-05-20 22:47:12.889] [268490] [debug] [scwx::qt::view::level2_product_view] Vertices calculated in 0.010000s
[2026-05-20 22:47:13.647] [268388] [debug] [scwx::qt::map::radar_product_layer] UpdateSweep()
[2026-05-20 22:47:13.651] [268388] [debug] [scwx::qt::map::radar_product_layer] Vertices buffered in 0.000000s
[2026-05-20 22:47:13.652] [268388] [debug] [scwx::qt::map::radar_product_layer] Data moments buffered in 0.000000s
[2026-05-20 22:47:13.653] [268388] [debug] [scwx::qt::map::radar_product_layer] UpdateSweep()
[2026-05-20 22:47:13.654] [268388] [debug] [scwx::qt::map::radar_product_layer] Vertices buffered in 0.000000s
[2026-05-20 22:47:13.655] [268388] [debug] [scwx::qt::map::radar_product_layer] Data moments buffered in 0.000000s
[2026-05-20 22:47:13.655] [268388] [debug] [scwx::qt::map::radar_product_layer] UpdateSweep()
[2026-05-20 22:47:13.660] [268388] [debug] [scwx::qt::map::radar_product_layer] Vertices buffered in 0.000000s
[2026-05-20 22:47:13.660] [268388] [debug] [scwx::qt::map::radar_product_layer] Data moments buffered in 0.000000s
[2026-05-20 22:47:13.663] [268388] [debug] [scwx::qt::map::radar_product_layer] CFP moments buffered in 0.000000s
[2026-05-20 22:47:33.209] [268466] [debug] [scwx::provider::aws_level2_chunks_data_provider] Refresh() in 0.410000s
[2026-05-20 22:47:33.210] [268486] [debug] [scwx::qt::view::level2_product_view] Computing Sweep
[2026-05-20 22:47:33.210] [268486] [debug] [scwx::qt::view::level2_product_view] ComputeCoordinates()
[2026-05-20 22:47:33.214] [268490] [debug] [scwx::qt::view::level2_product_view] Computing Sweep
[2026-05-20 22:47:33.214] [268490] [debug] [scwx::qt::view::level2_product_view] ComputeCoordinates()
[2026-05-20 22:47:33.218] [268491] [debug] [scwx::qt::view::level2_product_view] Computing Sweep
[2026-05-20 22:47:33.218] [268491] [debug] [scwx::qt::view::level2_product_view] ComputeCoordinates()
[2026-05-20 22:47:33.270] [268486] [debug] [scwx::qt::view::level2_product_view] Coordinates calculated in 0.060000s
[2026-05-20 22:47:33.288] [268490] [debug] [scwx::qt::view::level2_product_view] Coordinates calculated in 0.070000s
[2026-05-20 22:47:33.291] [268491] [debug] [scwx::qt::view::level2_product_view] Coordinates calculated in 0.070000s
[2026-05-20 22:47:33.298] [268486] [debug] [scwx::qt::view::level2_product_view] Vertices calculated in 0.030000s
[2026-05-20 22:47:33.310] [268490] [debug] [scwx::qt::view::level2_product_view] Vertices calculated in 0.020000s
[2026-05-20 22:47:33.311] [268491] [debug] [scwx::qt::view::level2_product_view] Vertices calculated in 0.020000s
[2026-05-20 22:47:33.646] [268388] [debug] [scwx::qt::map::radar_product_layer] UpdateSweep()
[2026-05-20 22:47:33.664] [268388] [debug] [scwx::qt::map::radar_product_layer] Vertices buffered in 0.020000s
[2026-05-20 22:47:33.665] [268388] [debug] [scwx::qt::map::radar_product_layer] Data moments buffered in 0.000000s
[2026-05-20 22:47:33.666] [268388] [debug] [scwx::qt::map::radar_product_layer] UpdateSweep()
[2026-05-20 22:47:33.667] [268388] [debug] [scwx::qt::map::radar_product_layer] Vertices buffered in 0.000000s
[2026-05-20 22:47:33.668] [268388] [debug] [scwx::qt::map::radar_product_layer] Data moments buffered in 0.000000s
[2026-05-20 22:47:33.669] [268388] [debug] [scwx::qt::map::radar_product_layer] UpdateSweep()
[2026-05-20 22:47:33.673] [268388] [debug] [scwx::qt::map::radar_product_layer] Vertices buffered in 0.000000s
[2026-05-20 22:47:33.673] [268388] [debug] [scwx::qt::map::radar_product_layer] Data moments buffered in 0.010000s
[2026-05-20 22:47:33.674] [268388] [debug] [scwx::qt::map::radar_product_layer] CFP moments buffered in 0.000000s
[2026-05-20 22:47:37.219] [268467] [debug] [scwx::provider::aws_level2_chunks_data_provider] Refresh() in 0.220000s
[2026-05-20 22:47:37.220] [268486] [debug] [scwx::qt::view::level2_product_view] Computing Sweep
[2026-05-20 22:47:37.220] [268486] [debug] [scwx::qt::view::level2_product_view] ComputeCoordinates()
[2026-05-20 22:47:37.222] [268490] [debug] [scwx::qt::view::level2_product_view] Computing Sweep
[2026-05-20 22:47:37.222] [268490] [debug] [scwx::qt::view::level2_product_view] ComputeCoordinates()
[2026-05-20 22:47:37.222] [268491] [debug] [scwx::qt::view::level2_product_view] Computing Sweep
[2026-05-20 22:47:37.222] [268491] [debug] [scwx::qt::view::level2_product_view] ComputeCoordinates()
[2026-05-20 22:47:37.277] [268486] [debug] [scwx::qt::view::level2_product_view] Coordinates calculated in 0.060000s
[2026-05-20 22:47:37.298] [268486] [debug] [scwx::qt::view::level2_product_view] Vertices calculated in 0.020000s
[2026-05-20 22:47:37.299] [268490] [debug] [scwx::qt::view::level2_product_view] Coordinates calculated in 0.080000s
[2026-05-20 22:47:37.299] [268491] [debug] [scwx::qt::view::level2_product_view] Coordinates calculated in 0.080000s
[2026-05-20 22:47:37.317] [268491] [debug] [scwx::qt::view::level2_product_view] Vertices calculated in 0.020000s
[2026-05-20 22:47:37.318] [268490] [debug] [scwx::qt::view::level2_product_view] Vertices calculated in 0.020000s
[2026-05-20 22:47:37.646] [268388] [debug] [scwx::qt::map::radar_product_layer] UpdateSweep()
[2026-05-20 22:47:37.651] [268388] [debug] [scwx::qt::map::radar_product_layer] Vertices buffered in 0.000000s
[2026-05-20 22:47:37.652] [268388] [debug] [scwx::qt::map::radar_product_layer] Data moments buffered in 0.000000s
[2026-05-20 22:47:37.653] [268388] [debug] [scwx::qt::map::radar_product_layer] UpdateSweep()
[2026-05-20 22:47:37.654] [268388] [debug] [scwx::qt::map::radar_product_layer] Vertices buffered in 0.000000s
[2026-05-20 22:47:37.655] [268388] [debug] [scwx::qt::map::radar_product_layer] Data moments buffered in 0.000000s
[2026-05-20 22:47:37.655] [268388] [debug] [scwx::qt::map::radar_product_layer] UpdateSweep()
[2026-05-20 22:47:37.659] [268388] [debug] [scwx::qt::map::radar_product_layer] Vertices buffered in 0.000000s
[2026-05-20 22:47:37.660] [268388] [debug] [scwx::qt::map::radar_product_layer] Data moments buffered in 0.000000s
[2026-05-20 22:47:37.661] [268388] [debug] [scwx::qt::map::radar_product_layer] CFP moments buffered in 0.000000s
[2026-05-20 22:47:45.772] [268421] [debug] [scwx::network::ntp_client] Time offset updated: 0d 00:00:00.002037037
[2026-05-20 22:47:49.407] [268466] [debug] [scwx::provider::aws_level2_chunks_data_provider] Refresh() in 0.410000s
[2026-05-20 22:47:49.408] [268486] [debug] [scwx::qt::view::level2_product_view] Computing Sweep
[2026-05-20 22:47:49.408] [268486] [debug] [scwx::qt::view::level2_product_view] ComputeCoordinates()
[2026-05-20 22:47:49.409] [268490] [debug] [scwx::qt::view::level2_product_view] Computing Sweep
[2026-05-20 22:47:49.409] [268490] [debug] [scwx::qt::view::level2_product_view] ComputeCoordinates()
[2026-05-20 22:47:49.409] [268491] [debug] [scwx::qt::view::level2_product_view] Computing Sweep
[2026-05-20 22:47:49.409] [268491] [debug] [scwx::qt::view::level2_product_view] ComputeCoordinates()
[2026-05-20 22:47:49.472] [268486] [debug] [scwx::qt::view::level2_product_view] Coordinates calculated in 0.060000s
[2026-05-20 22:47:49.484] [268491] [debug] [scwx::qt::view::level2_product_view] Coordinates calculated in 0.080000s
[2026-05-20 22:47:49.484] [268490] [debug] [scwx::qt::view::level2_product_view] Coordinates calculated in 0.080000s
[2026-05-20 22:47:49.499] [268486] [debug] [scwx::qt::view::level2_product_view] Vertices calculated in 0.030000s
[2026-05-20 22:47:49.509] [268490] [debug] [scwx::qt::view::level2_product_view] Vertices calculated in 0.020000s
[2026-05-20 22:47:49.512] [268491] [debug] [scwx::qt::view::level2_product_view] Vertices calculated in 0.020000s
[2026-05-20 22:47:49.646] [268388] [debug] [scwx::qt::map::radar_product_layer] UpdateSweep()
[2026-05-20 22:47:49.650] [268388] [debug] [scwx::qt::map::radar_product_layer] Vertices buffered in 0.000000s
[2026-05-20 22:47:49.651] [268388] [debug] [scwx::qt::map::radar_product_layer] Data moments buffered in 0.000000s
[2026-05-20 22:47:49.653] [268388] [debug] [scwx::qt::map::radar_product_layer] UpdateSweep()
[2026-05-20 22:47:49.653] [268388] [debug] [scwx::qt::map::radar_product_layer] Vertices buffered in 0.010000s
[2026-05-20 22:47:49.654] [268388] [debug] [scwx::qt::map::radar_product_layer] Data moments buffered in 0.000000s
[2026-05-20 22:47:49.655] [268388] [debug] [scwx::qt::map::radar_product_layer] UpdateSweep()
[2026-05-20 22:47:49.673] [268388] [debug] [scwx::qt::map::radar_product_layer] Vertices buffered in 0.020000s
[2026-05-20 22:47:49.674] [268388] [debug] [scwx::qt::map::radar_product_layer] Data moments buffered in 0.000000s
[2026-05-20 22:47:49.674] [268388] [debug] [scwx::qt::map::radar_product_layer] CFP moments buffered in 0.000000s
[2026-05-20 22:48:02.750] [268422] [debug] [scwx::provider::nws_api_provider] GetRadarStations
[2026-05-20 22:48:03.828] [268469] [debug] [scwx::provider::aws_nexrad_data_provider] Refresh()
[2026-05-20 22:48:03.828] [268469] [debug] [scwx::provider::aws_nexrad_data_provider] ListObjects: INX_NST_2026_05_20_
[2026-05-20 22:48:04.122] [268469] [debug] [scwx::provider::aws_nexrad_data_provider] Found 123 objects
[2026-05-20 22:48:04.122] [268469] [debug] [scwx::provider::aws_nexrad_data_provider] ListObjects: INX_NST_2026_05_21_
[2026-05-20 22:48:04.184] [268469] [debug] [scwx::provider::aws_nexrad_data_provider] Found 0 objects
[2026-05-20 22:48:04.184] [268469] [debug] [scwx::provider::aws_nexrad_data_provider] FindLatestKey()
[2026-05-20 22:48:10.002] [268466] [debug] [scwx::provider::aws_level2_chunks_data_provider] Refresh() in 0.590000s
[2026-05-20 22:48:10.003] [268486] [debug] [scwx::qt::view::level2_product_view] Computing Sweep
[2026-05-20 22:48:10.003] [268486] [debug] [scwx::qt::view::level2_product_view] ComputeCoordinates()
[2026-05-20 22:48:10.003] [268487] [debug] [scwx::qt::view::level2_product_view] Computing Sweep
[2026-05-20 22:48:10.003] [268487] [debug] [scwx::qt::view::level2_product_view] ComputeCoordinates()
[2026-05-20 22:48:10.003] [268491] [debug] [scwx::qt::view::level2_product_view] Computing Sweep
[2026-05-20 22:48:10.003] [268491] [debug] [scwx::qt::view::level2_product_view] ComputeCoordinates()
[2026-05-20 22:48:10.008] [268490] [debug] [scwx::qt::view::level2_product_view] Computing Sweep
[2026-05-20 22:48:10.008] [268490] [debug] [scwx::qt::view::level2_product_view] ComputeCoordinates()
[2026-05-20 22:48:10.072] [268486] [debug] [scwx::qt::view::level2_product_view] Coordinates calculated in 0.070000s
[2026-05-20 22:48:10.102] [268490] [debug] [scwx::qt::view::level2_product_view] Coordinates calculated in 0.090000s
[2026-05-20 22:48:10.110] [268491] [debug] [scwx::qt::view::level2_product_view] Coordinates calculated in 0.100000s
[2026-05-20 22:48:10.111] [268487] [debug] [scwx::qt::view::level2_product_view] Coordinates calculated in 0.110000s
[2026-05-20 22:48:10.118] [268486] [debug] [scwx::qt::view::level2_product_view] Vertices calculated in 0.050000s
[2026-05-20 22:48:10.126] [268490] [debug] [scwx::qt::view::level2_product_view] Vertices calculated in 0.030000s
[2026-05-20 22:48:10.132] [268491] [debug] [scwx::qt::view::level2_product_view] Vertices calculated in 0.020000s
[2026-05-20 22:48:10.132] [268487] [debug] [scwx::qt::view::level2_product_view] Vertices calculated in 0.020000s
[2026-05-20 22:48:10.647] [268388] [debug] [scwx::qt::map::radar_product_layer] UpdateSweep()
[2026-05-20 22:48:10.651] [268388] [debug] [scwx::qt::map::radar_product_layer] Vertices buffered in 0.000000s
[2026-05-20 22:48:10.652] [268388] [debug] [scwx::qt::map::radar_product_layer] Data moments buffered in 0.000000s
[2026-05-20 22:48:10.654] [268388] [debug] [scwx::qt::map::radar_product_layer] UpdateSweep()
[2026-05-20 22:48:10.655] [268388] [debug] [scwx::qt::map::radar_product_layer] Vertices buffered in 0.000000s
[2026-05-20 22:48:10.655] [268388] [debug] [scwx::qt::map::radar_product_layer] Data moments buffered in 0.000000s
[2026-05-20 22:48:10.656] [268388] [debug] [scwx::qt::map::radar_product_layer] UpdateSweep()
[2026-05-20 22:48:10.657] [268388] [debug] [scwx::qt::map::radar_product_layer] Vertices buffered in 0.000000s
[2026-05-20 22:48:10.657] [268388] [debug] [scwx::qt::map::radar_product_layer] Data moments buffered in 0.000000s
[2026-05-20 22:48:10.658] [268388] [debug] [scwx::qt::map::radar_product_layer] UpdateSweep()
[2026-05-20 22:48:10.662] [268388] [debug] [scwx::qt::map::radar_product_layer] Vertices buffered in 0.000000s
[2026-05-20 22:48:10.665] [268388] [debug] [scwx::qt::map::radar_product_layer] Data moments buffered in 0.010000s
[2026-05-20 22:48:10.665] [268388] [debug] [scwx::qt::map::radar_product_layer] CFP moments buffered in 0.000000s
[2026-05-20 22:48:14.143] [268467] [debug] [scwx::provider::aws_level2_chunks_data_provider] Refresh() in 0.150000s
[2026-05-20 22:48:14.143] [268487] [debug] [scwx::qt::view::level2_product_view] Computing Sweep
[2026-05-20 22:48:14.143] [268487] [debug] [scwx::qt::view::level2_product_view] ComputeCoordinates()
[2026-05-20 22:48:14.171] [268487] [debug] [scwx::qt::view::level2_product_view] Coordinates calculated in 0.020000s
[2026-05-20 22:48:14.180] [268487] [debug] [scwx::qt::view::level2_product_view] Vertices calculated in 0.010000s
[2026-05-20 22:48:14.646] [268388] [debug] [scwx::qt::map::radar_product_layer] UpdateSweep()
[2026-05-20 22:48:14.650] [268388] [debug] [scwx::qt::map::radar_product_layer] Vertices buffered in 0.000000s
[2026-05-20 22:48:14.650] [268388] [debug] [scwx::qt::map::radar_product_layer] Data moments buffered in 0.000000s
[2026-05-20 22:48:18.137] [268467] [debug] [scwx::provider::aws_level2_chunks_data_provider] Refresh() in 0.140000s
[2026-05-20 22:48:18.138] [268487] [debug] [scwx::qt::view::level2_product_view] Computing Sweep
[2026-05-20 22:48:18.138] [268487] [debug] [scwx::qt::view::level2_product_view] ComputeCoordinates()
[2026-05-20 22:48:18.165] [268487] [debug] [scwx::qt::view::level2_product_view] Coordinates calculated in 0.030000s
[2026-05-20 22:48:18.173] [268487] [debug] [scwx::qt::view::level2_product_view] Vertices calculated in 0.010000s
[2026-05-20 22:48:18.646] [268388] [debug] [scwx::qt::map::radar_product_layer] UpdateSweep()
[2026-05-20 22:48:18.650] [268388] [debug] [scwx::qt::map::radar_product_layer] Vertices buffered in 0.000000s
[2026-05-20 22:48:18.650] [268388] [debug] [scwx::qt::map::radar_product_layer] Data moments buffered in 0.000000s
[2026-05-20 22:48:22.133] [268466] [debug] [scwx::provider::aws_level2_chunks_data_provider] Refresh() in 0.140000s
[2026-05-20 22:48:22.134] [268487] [debug] [scwx::qt::view::level2_product_view] Computing Sweep
[2026-05-20 22:48:22.134] [268487] [debug] [scwx::qt::view::level2_product_view] ComputeCoordinates()
[2026-05-20 22:48:22.160] [268487] [debug] [scwx::qt::view::level2_product_view] Coordinates calculated in 0.020000s
[2026-05-20 22:48:22.168] [268487] [debug] [scwx::qt::view::level2_product_view] Vertices calculated in 0.010000s
[2026-05-20 22:48:22.513] [268388] [debug] [scwx::qt::map::radar_product_layer] UpdateSweep()
[2026-05-20 22:48:22.517] [268388] [debug] [scwx::qt::map::radar_product_layer] Vertices buffered in 0.000000s
[2026-05-20 22:48:22.517] [268388] [debug] [scwx::qt::map::radar_product_layer] Data moments buffered in 0.000000s
[2026-05-20 22:48:26.139] [268467] [debug] [scwx::provider::aws_level2_chunks_data_provider] Refresh() in 0.140000s
[2026-05-20 22:48:26.139] [268487] [debug] [scwx::qt::view::level2_product_view] Computing Sweep
[2026-05-20 22:48:26.139] [268487] [debug] [scwx::qt::view::level2_product_view] ComputeCoordinates()
[2026-05-20 22:48:26.166] [268487] [debug] [scwx::qt::view::level2_product_view] Coordinates calculated in 0.030000s
[2026-05-20 22:48:26.175] [268487] [debug] [scwx::qt::view::level2_product_view] Vertices calculated in 0.010000s
[2026-05-20 22:48:26.641] [268388] [debug] [scwx::qt::map::radar_product_layer] UpdateSweep()
[2026-05-20 22:48:26.645] [268388] [debug] [scwx::qt::map::radar_product_layer] Vertices buffered in 0.010000s
[2026-05-20 22:48:26.645] [268388] [debug] [scwx::qt::map::radar_product_layer] Data moments buffered in 0.000000s
[2026-05-20 22:48:46.528] [268466] [debug] [scwx::provider::aws_level2_chunks_data_provider] Refresh() in 0.390000s
[2026-05-20 22:48:49.805] [268420] [debug] [scwx::network::ntp_client] Time offset updated: 0d 00:00:00.002102407
[2026-05-20 22:48:53.552] [268467] [debug] [scwx::provider::aws_level2_chunks_data_provider] Refresh() in 0.550000s
[2026-05-20 22:49:02.434] [268466] [debug] [scwx::provider::aws_level2_chunks_data_provider] Refresh() in 0.440000s
[2026-05-20 22:49:02.879] [268422] [debug] [scwx::provider::nws_api_provider] GetRadarStations
[2026-05-20 22:49:22.868] [268466] [debug] [scwx::provider::aws_level2_chunks_data_provider] Refresh() in 0.430000s
[2026-05-20 22:49:27.155] [268466] [debug] [scwx::provider::aws_level2_chunks_data_provider] Refresh() in 0.160000s
[2026-05-20 22:49:47.707] [268467] [debug] [scwx::provider::aws_level2_chunks_data_provider] Refresh() in 0.550000s
[2026-05-20 22:49:53.842] [268421] [debug] [scwx::network::ntp_client] Time offset updated: 0d 00:00:00.004956412
[2026-05-20 22:50:02.986] [268422] [debug] [scwx::provider::nws_api_provider] GetRadarStations
[2026-05-20 22:50:04.184] [268468] [debug] [scwx::provider::aws_nexrad_data_provider] Refresh()
[2026-05-20 22:50:04.184] [268468] [debug] [scwx::provider::aws_nexrad_data_provider] ListObjects: INX_NST_2026_05_20_
[2026-05-20 22:50:04.491] [268468] [debug] [scwx::provider::aws_nexrad_data_provider] Found 123 objects
[2026-05-20 22:50:04.491] [268468] [debug] [scwx::provider::aws_nexrad_data_provider] ListObjects: INX_NST_2026_05_21_
[2026-05-20 22:50:04.553] [268468] [debug] [scwx::provider::aws_nexrad_data_provider] Found 0 objects
[2026-05-20 22:50:04.553] [268468] [debug] [scwx::provider::aws_nexrad_data_provider] FindLatestKey()
[2026-05-20 22:50:08.218] [268466] [debug] [scwx::provider::aws_level2_chunks_data_provider] Refresh() in 0.510000s
[2026-05-20 22:50:11.275] [268467] [debug] [scwx::provider::aws_level2_chunks_data_provider] Refresh() in 0.060000s
[2026-05-20 22:50:14.409] [268467] [debug] [scwx::provider::aws_level2_chunks_data_provider] Refresh() in 0.130000s
[2026-05-20 22:50:34.992] [268466] [debug] [scwx::provider::aws_level2_chunks_data_provider] Refresh() in 0.580000s
[2026-05-20 22:50:38.151] [268466] [debug] [scwx::provider::aws_level2_chunks_data_provider] Refresh() in 0.150000s
[2026-05-20 22:50:57.896] [268420] [debug] [scwx::network::ntp_client] Time offset updated: -0d 00:00:00.008747858
[2026-05-20 22:50:58.759] [268466] [debug] [scwx::provider::aws_level2_chunks_data_provider] Refresh() in 0.610000s
[2026-05-20 22:51:03.097] [268422] [debug] [scwx::provider::nws_api_provider] GetRadarStations
[2026-05-20 22:51:19.279] [268466] [debug] [scwx::provider::aws_level2_chunks_data_provider] Refresh() in 0.520000s
[2026-05-20 22:51:39.855] [268467] [debug] [scwx::provider::aws_level2_chunks_data_provider] Refresh() in 0.580000s
[2026-05-20 22:51:42.920] [268467] [debug] [scwx::provider::aws_level2_chunks_data_provider] Refresh() in 0.060000s
[2026-05-20 22:51:45.984] [268467] [debug] [scwx::provider::aws_level2_chunks_data_provider] Refresh() in 0.070000s
[2026-05-20 22:51:49.188] [268466] [debug] [scwx::provider::aws_level2_chunks_data_provider] Refresh() in 0.200000s
[2026-05-20 22:51:49.189] [268486] [debug] [scwx::qt::view::level2_product_view] Computing Sweep
[2026-05-20 22:51:49.189] [268486] [debug] [scwx::qt::view::level2_product_view] ComputeCoordinates()
[2026-05-20 22:51:49.190] [268490] [debug] [scwx::qt::view::level2_product_view] Computing Sweep
[2026-05-20 22:51:49.190] [268490] [debug] [scwx::qt::view::level2_product_view] ComputeCoordinates()
[2026-05-20 22:51:49.191] [268491] [debug] [scwx::qt::view::level2_product_view] Computing Sweep
[2026-05-20 22:51:49.191] [268491] [debug] [scwx::qt::view::level2_product_view] ComputeCoordinates()
[2026-05-20 22:51:49.254] [268486] [debug] [scwx::qt::view::level2_product_view] Coordinates calculated in 0.070000s
[2026-05-20 22:51:49.272] [268491] [debug] [scwx::qt::view::level2_product_view] Coordinates calculated in 0.080000s
[2026-05-20 22:51:49.276] [268490] [debug] [scwx::qt::view::level2_product_view] Coordinates calculated in 0.090000s
[2026-05-20 22:51:49.284] [268486] [debug] [scwx::qt::view::level2_product_view] Vertices calculated in 0.030000s
[2026-05-20 22:51:49.291] [268491] [debug] [scwx::qt::view::level2_product_view] Vertices calculated in 0.020000s
[2026-05-20 22:51:49.293] [268490] [debug] [scwx::qt::view::level2_product_view] Vertices calculated in 0.020000s
[2026-05-20 22:51:49.757] [268388] [debug] [scwx::qt::map::radar_product_layer] UpdateSweep()
[2026-05-20 22:51:49.761] [268388] [debug] [scwx::qt::map::radar_product_layer] Vertices buffered in 0.000000s
[2026-05-20 22:51:49.762] [268388] [debug] [scwx::qt::map::radar_product_layer] Data moments buffered in 0.000000s
[2026-05-20 22:51:49.764] [268388] [debug] [scwx::qt::map::radar_product_layer] UpdateSweep()
[2026-05-20 22:51:49.766] [268388] [debug] [scwx::qt::map::radar_product_layer] Vertices buffered in 0.000000s
[2026-05-20 22:51:49.766] [268388] [debug] [scwx::qt::map::radar_product_layer] Data moments buffered in 0.000000s
[2026-05-20 22:51:49.767] [268388] [debug] [scwx::qt::map::radar_product_layer] UpdateSweep()
[2026-05-20 22:51:49.772] [268388] [debug] [scwx::qt::map::radar_product_layer] Vertices buffered in 0.000000s
[2026-05-20 22:51:49.772] [268388] [debug] [scwx::qt::map::radar_product_layer] Data moments buffered in 0.000000s
[2026-05-20 22:51:49.775] [268388] [debug] [scwx::qt::map::radar_product_layer] CFP moments buffered in 0.010000s
[2026-05-20 22:52:01.929] [268421] [debug] [scwx::network::ntp_client] Time offset updated: 0d 00:00:00.001791146
[2026-05-20 22:52:03.209] [268422] [debug] [scwx::provider::nws_api_provider] GetRadarStations
[2026-05-20 22:52:04.553] [268469] [debug] [scwx::provider::aws_nexrad_data_provider] Refresh()
[2026-05-20 22:52:04.553] [268469] [debug] [scwx::provider::aws_nexrad_data_provider] ListObjects: INX_NST_2026_05_20_
[2026-05-20 22:52:04.805] [268469] [debug] [scwx::provider::aws_nexrad_data_provider] Found 123 objects
[2026-05-20 22:52:04.805] [268469] [debug] [scwx::provider::aws_nexrad_data_provider] ListObjects: INX_NST_2026_05_21_
[2026-05-20 22:52:04.868] [268469] [debug] [scwx::provider::aws_nexrad_data_provider] Found 0 objects
[2026-05-20 22:52:04.868] [268469] [debug] [scwx::provider::aws_nexrad_data_provider] FindLatestKey()
[2026-05-20 22:52:09.591] [268467] [debug] [scwx::provider::aws_level2_chunks_data_provider] Refresh() in 0.400000s
[2026-05-20 22:52:09.592] [268486] [debug] [scwx::qt::view::level2_product_view] Computing Sweep
[2026-05-20 22:52:09.592] [268486] [debug] [scwx::qt::view::level2_product_view] ComputeCoordinates()
[2026-05-20 22:52:09.593] [268490] [debug] [scwx::qt::view::level2_product_view] Computing Sweep
[2026-05-20 22:52:09.593] [268490] [debug] [scwx::qt::view::level2_product_view] ComputeCoordinates()
[2026-05-20 22:52:09.595] [268491] [debug] [scwx::qt::view::level2_product_view] Computing Sweep
[2026-05-20 22:52:09.595] [268491] [debug] [scwx::qt::view::level2_product_view] ComputeCoordinates()
[2026-05-20 22:52:09.644] [268486] [debug] [scwx::qt::view::level2_product_view] Coordinates calculated in 0.060000s
[2026-05-20 22:52:09.660] [268486] [debug] [scwx::qt::view::level2_product_view] Vertices calculated in 0.010000s
[2026-05-20 22:52:09.667] [268490] [debug] [scwx::qt::view::level2_product_view] Coordinates calculated in 0.080000s
[2026-05-20 22:52:09.671] [268491] [debug] [scwx::qt::view::level2_product_view] Coordinates calculated in 0.070000s
[2026-05-20 22:52:09.680] [268490] [debug] [scwx::qt::view::level2_product_view] Vertices calculated in 0.010000s
[2026-05-20 22:52:09.683] [268491] [debug] [scwx::qt::view::level2_product_view] Vertices calculated in 0.020000s
[2026-05-20 22:52:09.745] [268388] [debug] [scwx::qt::map::radar_product_layer] UpdateSweep()
[2026-05-20 22:52:09.749] [268388] [debug] [scwx::qt::map::radar_product_layer] Vertices buffered in 0.000000s
[2026-05-20 22:52:09.750] [268388] [debug] [scwx::qt::map::radar_product_layer] Data moments buffered in 0.000000s
[2026-05-20 22:52:09.752] [268388] [debug] [scwx::qt::map::radar_product_layer] UpdateSweep()
[2026-05-20 22:52:09.753] [268388] [debug] [scwx::qt::map::radar_product_layer] Vertices buffered in 0.000000s
[2026-05-20 22:52:09.753] [268388] [debug] [scwx::qt::map::radar_product_layer] Data moments buffered in 0.010000s
[2026-05-20 22:52:09.754] [268388] [debug] [scwx::qt::map::radar_product_layer] UpdateSweep()
[2026-05-20 22:52:09.758] [268388] [debug] [scwx::qt::map::radar_product_layer] Vertices buffered in 0.000000s
[2026-05-20 22:52:09.759] [268388] [debug] [scwx::qt::map::radar_product_layer] Data moments buffered in 0.000000s
[2026-05-20 22:52:09.761] [268388] [debug] [scwx::qt::map::radar_product_layer] CFP moments buffered in 0.000000s
[2026-05-20 22:52:15.061] [268466] [debug] [scwx::provider::aws_level2_chunks_data_provider] Refresh() in 0.060000s
[2026-05-20 22:52:18.255] [268466] [debug] [scwx::provider::aws_level2_chunks_data_provider] Refresh() in 0.200000s
[2026-05-20 22:52:18.256] [268486] [debug] [scwx::qt::view::level2_product_view] Computing Sweep
[2026-05-20 22:52:18.256] [268486] [debug] [scwx::qt::view::level2_product_view] ComputeCoordinates()
[2026-05-20 22:52:18.259] [268490] [debug] [scwx::qt::view::level2_product_view] Computing Sweep
[2026-05-20 22:52:18.259] [268490] [debug] [scwx::qt::view::level2_product_view] ComputeCoordinates()
[2026-05-20 22:52:18.263] [268491] [debug] [scwx::qt::view::level2_product_view] Computing Sweep
[2026-05-20 22:52:18.263] [268491] [debug] [scwx::qt::view::level2_product_view] ComputeCoordinates()
[2026-05-20 22:52:18.308] [268486] [debug] [scwx::qt::view::level2_product_view] Coordinates calculated in 0.050000s
[2026-05-20 22:52:18.324] [268486] [debug] [scwx::qt::view::level2_product_view] Vertices calculated in 0.020000s
[2026-05-20 22:52:18.336] [268490] [debug] [scwx::qt::view::level2_product_view] Coordinates calculated in 0.080000s
[2026-05-20 22:52:18.336] [268491] [debug] [scwx::qt::view::level2_product_view] Coordinates calculated in 0.070000s
[2026-05-20 22:52:18.349] [268490] [debug] [scwx::qt::view::level2_product_view] Vertices calculated in 0.010000s
[2026-05-20 22:52:18.353] [268491] [debug] [scwx::qt::view::level2_product_view] Vertices calculated in 0.010000s
[2026-05-20 22:52:18.745] [268388] [debug] [scwx::qt::map::radar_product_layer] UpdateSweep()
[2026-05-20 22:52:18.749] [268388] [debug] [scwx::qt::map::radar_product_layer] Vertices buffered in 0.000000s
[2026-05-20 22:52:18.752] [268388] [debug] [scwx::qt::map::radar_product_layer] Data moments buffered in 0.000000s
[2026-05-20 22:52:18.752] [268388] [debug] [scwx::qt::map::radar_product_layer] CFP moments buffered in 0.000000s
[2026-05-20 22:52:18.753] [268388] [debug] [scwx::qt::map::radar_product_layer] UpdateSweep()
[2026-05-20 22:52:18.754] [268388] [debug] [scwx::qt::map::radar_product_layer] Vertices buffered in 0.000000s
[2026-05-20 22:52:18.754] [268388] [debug] [scwx::qt::map::radar_product_layer] Data moments buffered in 0.000000s
[2026-05-20 22:52:18.755] [268388] [debug] [scwx::qt::map::radar_product_layer] UpdateSweep()
[2026-05-20 22:52:18.759] [268388] [debug] [scwx::qt::map::radar_product_layer] Vertices buffered in 0.000000s
[2026-05-20 22:52:18.760] [268388] [debug] [scwx::qt::map::radar_product_layer] Data moments buffered in 0.000000s
[2026-05-20 22:52:33.391] [268466] [debug] [scwx::provider::aws_level2_chunks_data_provider] Refresh() in 0.390000s
[2026-05-20 22:52:33.392] [268486] [debug] [scwx::qt::view::level2_product_view] Computing Sweep
[2026-05-20 22:52:33.392] [268486] [debug] [scwx::qt::view::level2_product_view] ComputeCoordinates()
[2026-05-20 22:52:33.397] [268490] [debug] [scwx::qt::view::level2_product_view] Computing Sweep
[2026-05-20 22:52:33.397] [268490] [debug] [scwx::qt::view::level2_product_view] ComputeCoordinates()
[2026-05-20 22:52:33.400] [268491] [debug] [scwx::qt::view::level2_product_view] Computing Sweep
[2026-05-20 22:52:33.400] [268491] [debug] [scwx::qt::view::level2_product_view] ComputeCoordinates()
[2026-05-20 22:52:33.469] [268486] [debug] [scwx::qt::view::level2_product_view] Coordinates calculated in 0.080000s
[2026-05-20 22:52:33.478] [268490] [debug] [scwx::qt::view::level2_product_view] Coordinates calculated in 0.080000s
[2026-05-20 22:52:33.484] [268491] [debug] [scwx::qt::view::level2_product_view] Coordinates calculated in 0.090000s
[2026-05-20 22:52:33.491] [268486] [debug] [scwx::qt::view::level2_product_view] Vertices calculated in 0.020000s
[2026-05-20 22:52:33.499] [268490] [debug] [scwx::qt::view::level2_product_view] Vertices calculated in 0.020000s
[2026-05-20 22:52:33.504] [268491] [debug] [scwx::qt::view::level2_product_view] Vertices calculated in 0.020000s
[2026-05-20 22:52:33.740] [268388] [debug] [scwx::qt::map::radar_product_layer] UpdateSweep()
[2026-05-20 22:52:33.745] [268388] [debug] [scwx::qt::map::radar_product_layer] Vertices buffered in 0.010000s
[2026-05-20 22:52:33.746] [268388] [debug] [scwx::qt::map::radar_product_layer] Data moments buffered in 0.000000s
[2026-05-20 22:52:33.748] [268388] [debug] [scwx::qt::map::radar_product_layer] UpdateSweep()
[2026-05-20 22:52:33.749] [268388] [debug] [scwx::qt::map::radar_product_layer] Vertices buffered in 0.000000s
[2026-05-20 22:52:33.749] [268388] [debug] [scwx::qt::map::radar_product_layer] Data moments buffered in 0.000000s
[2026-05-20 22:52:33.750] [268388] [debug] [scwx::qt::map::radar_product_layer] UpdateSweep()
[2026-05-20 22:52:33.755] [268388] [debug] [scwx::qt::map::radar_product_layer] Vertices buffered in 0.010000s
[2026-05-20 22:52:33.755] [268388] [debug] [scwx::qt::map::radar_product_layer] Data moments buffered in 0.000000s
[2026-05-20 22:52:33.758] [268388] [debug] [scwx::qt::map::radar_product_layer] CFP moments buffered in 0.000000s
[2026-05-20 22:52:36.548] [268467] [debug] [scwx::provider::aws_level2_chunks_data_provider] Refresh() in 0.160000s
[2026-05-20 22:52:36.549] [268486] [debug] [scwx::qt::view::level2_product_view] Computing Sweep
[2026-05-20 22:52:36.549] [268486] [debug] [scwx::qt::view::level2_product_view] ComputeCoordinates()
[2026-05-20 22:52:36.550] [268490] [debug] [scwx::qt::view::level2_product_view] Computing Sweep
[2026-05-20 22:52:36.550] [268490] [debug] [scwx::qt::view::level2_product_view] ComputeCoordinates()
[2026-05-20 22:52:36.552] [268491] [debug] [scwx::qt::view::level2_product_view] Computing Sweep
[2026-05-20 22:52:36.552] [268491] [debug] [scwx::qt::view::level2_product_view] ComputeCoordinates()
[2026-05-20 22:52:36.594] [268486] [debug] [scwx::qt::view::level2_product_view] Coordinates calculated in 0.050000s
[2026-05-20 22:52:36.611] [268486] [debug] [scwx::qt::view::level2_product_view] Vertices calculated in 0.010000s
[2026-05-20 22:52:36.631] [268491] [debug] [scwx::qt::view::level2_product_view] Coordinates calculated in 0.080000s
[2026-05-20 22:52:36.637] [268490] [debug] [scwx::qt::view::level2_product_view] Coordinates calculated in 0.090000s
[2026-05-20 22:52:36.646] [268491] [debug] [scwx::qt::view::level2_product_view] Vertices calculated in 0.020000s
[2026-05-20 22:52:36.651] [268490] [debug] [scwx::qt::view::level2_product_view] Vertices calculated in 0.010000s
[2026-05-20 22:52:36.740] [268388] [debug] [scwx::qt::map::radar_product_layer] UpdateSweep()
[2026-05-20 22:52:36.744] [268388] [debug] [scwx::qt::map::radar_product_layer] Vertices buffered in 0.010000s
[2026-05-20 22:52:36.746] [268388] [debug] [scwx::qt::map::radar_product_layer] Data moments buffered in 0.000000s
[2026-05-20 22:52:36.747] [268388] [debug] [scwx::qt::map::radar_product_layer] UpdateSweep()
[2026-05-20 22:52:36.748] [268388] [debug] [scwx::qt::map::radar_product_layer] Vertices buffered in 0.000000s
[2026-05-20 22:52:36.749] [268388] [debug] [scwx::qt::map::radar_product_layer] Data moments buffered in 0.000000s
[2026-05-20 22:52:36.749] [268388] [debug] [scwx::qt::map::radar_product_layer] UpdateSweep()
[2026-05-20 22:52:36.754] [268388] [debug] [scwx::qt::map::radar_product_layer] Vertices buffered in 0.010000s
[2026-05-20 22:52:36.754] [268388] [debug] [scwx::qt::map::radar_product_layer] Data moments buffered in 0.000000s
[2026-05-20 22:52:36.757] [268388] [debug] [scwx::qt::map::radar_product_layer] CFP moments buffered in 0.000000s
[2026-05-20 22:52:57.143] [268466] [debug] [scwx::provider::aws_level2_chunks_data_provider] Refresh() in 0.590000s
[2026-05-20 22:52:57.143] [268486] [debug] [scwx::qt::view::level2_product_view] Computing Sweep
[2026-05-20 22:52:57.143] [268486] [debug] [scwx::qt::view::level2_product_view] ComputeCoordinates()
[2026-05-20 22:52:57.144] [268490] [debug] [scwx::qt::view::level2_product_view] Computing Sweep
[2026-05-20 22:52:57.144] [268490] [debug] [scwx::qt::view::level2_product_view] ComputeCoordinates()
[2026-05-20 22:52:57.144] [268491] [debug] [scwx::qt::view::level2_product_view] Computing Sweep
[2026-05-20 22:52:57.144] [268491] [debug] [scwx::qt::view::level2_product_view] ComputeCoordinates()
[2026-05-20 22:52:57.144] [268487] [debug] [scwx::qt::view::level2_product_view] Computing Sweep
[2026-05-20 22:52:57.144] [268487] [debug] [scwx::qt::view::level2_product_view] ComputeCoordinates()
[2026-05-20 22:52:57.209] [268486] [debug] [scwx::qt::view::level2_product_view] Coordinates calculated in 0.060000s
[2026-05-20 22:52:57.231] [268490] [debug] [scwx::qt::view::level2_product_view] Coordinates calculated in 0.080000s
[2026-05-20 22:52:57.237] [268486] [debug] [scwx::qt::view::level2_product_view] Vertices calculated in 0.030000s
[2026-05-20 22:52:57.245] [268490] [debug] [scwx::qt::view::level2_product_view] Vertices calculated in 0.020000s
[2026-05-20 22:52:57.249] [268491] [debug] [scwx::qt::view::level2_product_view] Coordinates calculated in 0.100000s
[2026-05-20 22:52:57.249] [268487] [debug] [scwx::qt::view::level2_product_view] Coordinates calculated in 0.100000s
[2026-05-20 22:52:57.263] [268487] [debug] [scwx::qt::view::level2_product_view] Vertices calculated in 0.020000s
[2026-05-20 22:52:57.265] [268491] [debug] [scwx::qt::view::level2_product_view] Vertices calculated in 0.020000s
[2026-05-20 22:52:57.740] [268388] [debug] [scwx::qt::map::radar_product_layer] UpdateSweep()
[2026-05-20 22:52:57.744] [268388] [debug] [scwx::qt::map::radar_product_layer] Vertices buffered in 0.010000s
[2026-05-20 22:52:57.745] [268388] [debug] [scwx::qt::map::radar_product_layer] Data moments buffered in 0.000000s
[2026-05-20 22:52:57.747] [268388] [debug] [scwx::qt::map::radar_product_layer] UpdateSweep()
[2026-05-20 22:52:57.748] [268388] [debug] [scwx::qt::map::radar_product_layer] Vertices buffered in 0.000000s
[2026-05-20 22:52:57.748] [268388] [debug] [scwx::qt::map::radar_product_layer] Data moments buffered in 0.000000s
[2026-05-20 22:52:57.749] [268388] [debug] [scwx::qt::map::radar_product_layer] UpdateSweep()
[2026-05-20 22:52:57.750] [268388] [debug] [scwx::qt::map::radar_product_layer] Vertices buffered in 0.000000s
[2026-05-20 22:52:57.750] [268388] [debug] [scwx::qt::map::radar_product_layer] Data moments buffered in 0.000000s
[2026-05-20 22:52:57.751] [268388] [debug] [scwx::qt::map::radar_product_layer] UpdateSweep()
[2026-05-20 22:52:57.755] [268388] [debug] [scwx::qt::map::radar_product_layer] Vertices buffered in 0.010000s
[2026-05-20 22:52:57.755] [268388] [debug] [scwx::qt::map::radar_product_layer] Data moments buffered in 0.000000s
[2026-05-20 22:52:57.758] [268388] [debug] [scwx::qt::map::radar_product_layer] CFP moments buffered in 0.000000s
[2026-05-20 22:53:03.311] [268422] [debug] [scwx::provider::nws_api_provider] GetRadarStations
[2026-05-20 22:53:05.964] [268420] [debug] [scwx::network::ntp_client] Time offset updated: -0d 00:00:00.000020818
[2026-05-20 22:53:17.874] [268467] [debug] [scwx::provider::aws_level2_chunks_data_provider] Refresh() in 0.730000s
[2026-05-20 22:53:17.874] [268487] [debug] [scwx::qt::view::level2_product_view] Computing Sweep
[2026-05-20 22:53:17.874] [268487] [debug] [scwx::qt::view::level2_product_view] ComputeCoordinates()
[2026-05-20 22:53:17.899] [268487] [debug] [scwx::qt::view::level2_product_view] Coordinates calculated in 0.020000s
[2026-05-20 22:53:17.907] [268487] [debug] [scwx::qt::view::level2_product_view] Vertices calculated in 0.010000s
[2026-05-20 22:53:17.908] [268388] [debug] [scwx::qt::map::radar_product_layer] UpdateSweep()
[2026-05-20 22:53:17.912] [268388] [debug] [scwx::qt::map::radar_product_layer] Vertices buffered in 0.000000s
[2026-05-20 22:53:17.913] [268388] [debug] [scwx::qt::map::radar_product_layer] Data moments buffered in 0.000000s
[2026-05-20 22:53:19.189] [268388] [debug] [scwx::qt::map::radar_site_layer] Deinitialize()
[2026-05-20 22:53:19.189] [268388] [debug] [scwx::qt::map::overlay_layer] Deinitialize()
[2026-05-20 22:53:19.190] [268388] [debug] [scwx::qt::map::marker_layer] Deinitialize()
[2026-05-20 22:53:19.190] [268388] [debug] [scwx::qt::map::color_table_layer] Deinitialize()
[2026-05-20 22:53:19.190] [268388] [debug] [scwx::qt::map::radar_product_layer] Deinitialize()
[2026-05-20 22:53:19.193] [268388] [debug] [scwx::qt::map::radar_site_layer] Deinitialize()
[2026-05-20 22:53:19.193] [268388] [debug] [scwx::qt::map::overlay_layer] Deinitialize()
[2026-05-20 22:53:19.193] [268388] [debug] [scwx::qt::map::marker_layer] Deinitialize()
[2026-05-20 22:53:19.193] [268388] [debug] [scwx::qt::map::color_table_layer] Deinitialize()
[2026-05-20 22:53:19.193] [268388] [debug] [scwx::qt::map::radar_product_layer] Deinitialize()
[2026-05-20 22:53:19.196] [268388] [debug] [scwx::qt::map::radar_site_layer] Deinitialize()
[2026-05-20 22:53:19.196] [268388] [debug] [scwx::qt::map::alert_layer] Deinitialize: Marine
[2026-05-20 22:53:19.197] [268388] [debug] [scwx::qt::map::overlay_layer] Deinitialize()
[2026-05-20 22:53:19.197] [268388] [debug] [scwx::qt::map::marker_layer] Deinitialize()
[2026-05-20 22:53:19.197] [268388] [debug] [scwx::qt::map::color_table_layer] Deinitialize()
[2026-05-20 22:53:19.197] [268388] [debug] [scwx::qt::map::radar_product_layer] Deinitialize()
[2026-05-20 22:53:19.199] [268388] [debug] [scwx::qt::map::radar_site_layer] Deinitialize()
[2026-05-20 22:53:19.200] [268388] [debug] [scwx::qt::map::alert_layer] Deinitialize: Tornado
[2026-05-20 22:53:19.200] [268388] [debug] [scwx::qt::map::overlay_layer] Deinitialize()
[2026-05-20 22:53:19.200] [268388] [debug] [scwx::qt::map::alert_layer] Deinitialize: Severe Thunderstorm
[2026-05-20 22:53:19.205] [268388] [debug] [scwx::qt::map::radar_product_layer] Deinitialize()
[2026-05-20 22:53:19.206] [268388] [debug] [scwx::qt::map::marker_layer] Deinitialize()
[2026-05-20 22:53:19.206] [268388] [debug] [scwx::qt::map::color_table_layer] Deinitialize()
[2026-05-20 22:53:19.209] [268388] [debug] [scwx::qt::manager::radar_product_manager] Disabling refresh: KINX, L2
[2026-05-20 22:53:19.209] [268388] [debug] [scwx::qt::manager::radar_product_manager] Disabling refresh: KINX, L2
[2026-05-20 22:53:19.209] [268388] [debug] [scwx::qt::manager::radar_product_manager] Disabling refresh: KINX, L3, N0B
[2026-05-20 22:53:19.209] [268388] [debug] [scwx::qt::manager::radar_product_manager] Disabling refresh: KINX, L3, NST
[2026-05-20 22:53:19.209] [268464] [debug] [scwx::qt::manager::radar_product_manager] [KINX, L2] Data refresh timer cancelled
[2026-05-20 22:53:19.209] [268467] [debug] [scwx::qt::manager::radar_product_manager] [KINX, L2] Data refresh timer cancelled
[2026-05-20 22:53:19.209] [268469] [debug] [scwx::qt::manager::radar_product_manager] [KINX, L3, NST] Data refresh timer cancelled
[2026-05-20 22:53:19.296] [268403] [debug] [scwx::qt::model::alert_proxy_model] Alert update timer cancelled
[2026-05-20 22:53:19.298] [268388] [info] [scwx::qt::manager::marker_manager] Saving location marker settings
[2026-05-20 22:53:19.298] [268388] [info] [scwx::qt::model::layer_model] Saving layer settings
[2026-05-20 22:53:19.298] [268388] [info] [scwx::qt::manager::placefile_manager] Saving placefile settings
[2026-05-20 22:53:19.299] [268388] [info] [scwx::qt::model::radar_site_model] Saving presets
[2026-05-20 22:53:19.302] [268388] [debug] [scwx::qt::manager::thread_manager] Stopping threads
[2026-05-20 22:53:19.302] [268388] [debug] [scwx::qt::manager::task_manager] Shutdown
[2026-05-20 22:53:19.302] [268420] [debug] [scwx::network::ntp_client] Poll timer cancelled
